Div,Date,HomeTeam,AwayTeam,FTHG,FTAG,FTR,source_league,source_season,source_provider
BUNDESLIGA,13/08/2021,Borussia Mönchengladbach,FC Bayern München,1,1,D,BUNDESLIGA,2021-22,openfootball
BUNDESLIGA,14/08/2021,1. FC Union Berlin,Bayer 04 Leverkusen,1,1,D,BUNDESLIGA,2021-22,openfootball
BUNDESLIGA,14/08/2021,Arminia Bielefeld,SC Freiburg,0,0,D,BUNDESLIGA,2021-22,openfootball
BUNDESLIGA,14/08/2021,Borussia Dortmund,Eintracht Frankfurt,5,2,H,BUNDESLIGA,2021-22,openfootball
BUNDESLIGA,14/08/2021,FC Augsburg,TSG 1899 Hoffenheim,0,4,A,BUNDESLIGA,2021-22,openfootball
BUNDESLIGA,14/08/2021,VfB Stuttgart,SpVgg Greuther Fürth 1903,5,1,H,BUNDESLIGA,2021-22,openfootball
BUNDESLIGA,14/08/2021,VfL Wolfsburg,VfL Bochum 1848,1,0,H,BUNDESLIGA,2021-22,openfootball
BUNDESLIGA,15/08/2021,1. FC Köln,Hertha BSC,3,1,H,BUNDESLIGA,2021-22,openfootball
BUNDESLIGA,15/08/2021,1. FSV Mainz 05,RB Leipzig,1,0,H,BUNDESLIGA,2021-22,openfootball
BUNDESLIGA,20/08/2021,RB Leipzig,VfB Stuttgart,4,0,H,BUNDESLIGA,2021-22,openfootball
BUNDESLIGA,21/08/2021,Bayer 04 Leverkusen,Borussia Mönchengladbach,4,0,H,BUNDESLIGA,2021-22,openfootball
BUNDESLIGA,21/08/2021,Eintracht Frankfurt,FC Augsburg,0,0,D,BUNDESLIGA,2021-22,openfootball
BUNDESLIGA,21/08/2021,Hertha BSC,VfL Wolfsburg,1,2,A,BUNDESLIGA,2021-22,openfootball
BUNDESLIGA,21/08/2021,SC Freiburg,Borussia Dortmund,2,1,H,BUNDESLIGA,2021-22,openfootball
BUNDESLIGA,21/08/2021,SpVgg Greuther Fürth 1903,Arminia Bielefeld,1,1,D,BUNDESLIGA,2021-22,openfootball
BUNDESLIGA,21/08/2021,VfL Bochum 1848,1. FSV Mainz 05,2,0,H,BUNDESLIGA,2021-22,openfootball
BUNDESLIGA,22/08/2021,FC Bayern München,1. FC Köln,3,2,H,BUNDESLIGA,2021-22,openfootball
BUNDESLIGA,22/08/2021,TSG 1899 Hoffenheim,1. FC Union Berlin,2,2,D,BUNDESLIGA,2021-22,openfootball
BUNDESLIGA,27/08/2021,Borussia Dortmund,TSG 1899 Hoffenheim,3,2,H,BUNDESLIGA,2021-22,openfootball
BUNDESLIGA,28/08/2021,1. FC Köln,VfL Bochum 1848,2,1,H,BUNDESLIGA,2021-22,openfootball
BUNDESLIGA,28/08/2021,1. FSV Mainz 05,SpVgg Greuther Fürth 1903,3,0,H,BUNDESLIGA,2021-22,openfootball
BUNDESLIGA,28/08/2021,Arminia Bielefeld,Eintracht Frankfurt,1,1,D,BUNDESLIGA,2021-22,openfootball
BUNDESLIGA,28/08/2021,FC Augsburg,Bayer 04 Leverkusen,1,4,A,BUNDESLIGA,2021-22,openfootball
BUNDESLIGA,28/08/2021,FC Bayern München,Hertha BSC,5,0,H,BUNDESLIGA,2021-22,openfootball
BUNDESLIGA,28/08/2021,VfB Stuttgart,SC Freiburg,2,3,A,BUNDESLIGA,2021-22,openfootball
BUNDESLIGA,29/08/2021,1. FC Union Berlin,Borussia Mönchengladbach,2,1,H,BUNDESLIGA,2021-22,openfootball
BUNDESLIGA,29/08/2021,VfL Wolfsburg,RB Leipzig,1,0,H,BUNDESLIGA,2021-22,openfootball
BUNDESLIGA,11/09/2021,1. FC Union Berlin,FC Augsburg,0,0,D,BUNDESLIGA,2021-22,openfootball
BUNDESLIGA,11/09/2021,Bayer 04 Leverkusen,Borussia Dortmund,3,4,A,BUNDESLIGA,2021-22,openfootball
BUNDESLIGA,11/09/2021,RB Leipzig,FC Bayern München,1,4,A,BUNDESLIGA,2021-22,openfootball
BUNDESLIGA,11/09/2021,SC Freiburg,1. FC Köln,1,1,D,BUNDESLIGA,2021-22,openfootball
BUNDESLIGA,11/09/2021,SpVgg Greuther Fürth 1903,VfL Wolfsburg,0,2,A,BUNDESLIGA,2021-22,openfootball
BUNDESLIGA,11/09/2021,TSG 1899 Hoffenheim,1. FSV Mainz 05,0,2,A,BUNDESLIGA,2021-22,openfootball
BUNDESLIGA,12/09/2021,Borussia Mönchengladbach,Arminia Bielefeld,3,1,H,BUNDESLIGA,2021-22,openfootball
BUNDESLIGA,12/09/2021,Eintracht Frankfurt,VfB Stuttgart,1,1,D,BUNDESLIGA,2021-22,openfootball
BUNDESLIGA,12/09/2021,VfL Bochum 1848,Hertha BSC,1,3,A,BUNDESLIGA,2021-22,openfootball
BUNDESLIGA,17/09/2021,Hertha BSC,SpVgg Greuther Fürth 1903,2,1,H,BUNDESLIGA,2021-22,openfootball
BUNDESLIGA,18/09/2021,1. FC Köln,RB Leipzig,1,1,D,BUNDESLIGA,2021-22,openfootball
BUNDESLIGA,18/09/2021,1. FSV Mainz 05,SC Freiburg,0,0,D,BUNDESLIGA,2021-22,openfootball
BUNDESLIGA,18/09/2021,Arminia Bielefeld,TSG 1899 Hoffenheim,0,0,D,BUNDESLIGA,2021-22,openfootball
BUNDESLIGA,18/09/2021,FC Augsburg,Borussia Mönchengladbach,1,0,H,BUNDESLIGA,2021-22,openfootball
BUNDESLIGA,18/09/2021,FC Bayern München,VfL Bochum 1848,7,0,H,BUNDESLIGA,2021-22,openfootball
BUNDESLIGA,19/09/2021,Borussia Dortmund,1. FC Union Berlin,4,2,H,BUNDESLIGA,2021-22,openfootball
BUNDESLIGA,19/09/2021,VfB Stuttgart,Bayer 04 Leverkusen,1,3,A,BUNDESLIGA,2021-22,openfootball
BUNDESLIGA,19/09/2021,VfL Wolfsburg,Eintracht Frankfurt,1,1,D,BUNDESLIGA,2021-22,openfootball
BUNDESLIGA,24/09/2021,SpVgg Greuther Fürth 1903,FC Bayern München,1,3,A,BUNDESLIGA,2021-22,openfootball
BUNDESLIGA,25/09/2021,1. FC Union Berlin,Arminia Bielefeld,1,0,H,BUNDESLIGA,2021-22,openfootball
BUNDESLIGA,25/09/2021,Bayer 04 Leverkusen,1. FSV Mainz 05,1,0,H,BUNDESLIGA,2021-22,openfootball
BUNDESLIGA,25/09/2021,Borussia Mönchengladbach,Borussia Dortmund,1,0,H,BUNDESLIGA,2021-22,openfootball
BUNDESLIGA,25/09/2021,Eintracht Frankfurt,1. FC Köln,1,1,D,BUNDESLIGA,2021-22,openfootball
BUNDESLIGA,25/09/2021,RB Leipzig,Hertha BSC,6,0,H,BUNDESLIGA,2021-22,openfootball
BUNDESLIGA,25/09/2021,TSG 1899 Hoffenheim,VfL Wolfsburg,3,1,H,BUNDESLIGA,2021-22,openfootball
BUNDESLIGA,26/09/2021,SC Freiburg,FC Augsburg,3,0,H,BUNDESLIGA,2021-22,openfootball
BUNDESLIGA,26/09/2021,VfL Bochum 1848,VfB Stuttgart,0,0,D,BUNDESLIGA,2021-22,openfootball
BUNDESLIGA,01/10/2021,1. FC Köln,SpVgg Greuther Fürth 1903,3,1,H,BUNDESLIGA,2021-22,openfootball
BUNDESLIGA,02/10/2021,Borussia Dortmund,FC Augsburg,2,1,H,BUNDESLIGA,2021-22,openfootball
BUNDESLIGA,02/10/2021,Hertha BSC,SC Freiburg,1,2,A,BUNDESLIGA,2021-22,openfootball
BUNDESLIGA,02/10/2021,RB Leipzig,VfL Bochum 1848,3,0,H,BUNDESLIGA,2021-22,openfootball
BUNDESLIGA,02/10/2021,VfB Stuttgart,TSG 1899 Hoffenheim,3,1,H,BUNDESLIGA,2021-22,openfootball
BUNDESLIGA,02/10/2021,VfL Wolfsburg,Borussia Mönchengladbach,1,3,A,BUNDESLIGA,2021-22,openfootball
BUNDESLIGA,03/10/2021,1. FSV Mainz 05,1. FC Union Berlin,1,2,A,BUNDESLIGA,2021-22,openfootball
BUNDESLIGA,03/10/2021,Arminia Bielefeld,Bayer 04 Leverkusen,0,4,A,BUNDESLIGA,2021-22,openfootball
BUNDESLIGA,03/10/2021,FC Bayern München,Eintracht Frankfurt,1,2,A,BUNDESLIGA,2021-22,openfootball
BUNDESLIGA,15/10/2021,TSG 1899 Hoffenheim,1. FC Köln,5,0,H,BUNDESLIGA,2021-22,openfootball
BUNDESLIGA,16/10/2021,1. FC Union Berlin,VfL Wolfsburg,2,0,H,BUNDESLIGA,2021-22,openfootball
BUNDESLIGA,16/10/2021,Borussia Dortmund,1. FSV Mainz 05,3,1,H,BUNDESLIGA,2021-22,openfootball
BUNDESLIGA,16/10/2021,Borussia Mönchengladbach,VfB Stuttgart,1,1,D,BUNDESLIGA,2021-22,openfootball
BUNDESLIGA,16/10/2021,Eintracht Frankfurt,Hertha BSC,1,2,A,BUNDESLIGA,2021-22,openfootball
BUNDESLIGA,16/10/2021,SC Freiburg,RB Leipzig,1,1,D,BUNDESLIGA,2021-22,openfootball
BUNDESLIGA,16/10/2021,SpVgg Greuther Fürth 1903,VfL Bochum 1848,0,1,A,BUNDESLIGA,2021-22,openfootball
BUNDESLIGA,17/10/2021,Bayer 04 Leverkusen,FC Bayern München,1,5,A,BUNDESLIGA,2021-22,openfootball
BUNDESLIGA,17/10/2021,FC Augsburg,Arminia Bielefeld,1,1,D,BUNDESLIGA,2021-22,openfootball
BUNDESLIGA,22/10/2021,1. FSV Mainz 05,FC Augsburg,4,1,H,BUNDESLIGA,2021-22,openfootball
BUNDESLIGA,23/10/2021,Arminia Bielefeld,Borussia Dortmund,1,3,A,BUNDESLIGA,2021-22,openfootball
BUNDESLIGA,23/10/2021,FC Bayern München,TSG 1899 Hoffenheim,4,0,H,BUNDESLIGA,2021-22,openfootball
BUNDESLIGA,23/10/2021,Hertha BSC,Borussia Mönchengladbach,1,0,H,BUNDESLIGA,2021-22,openfootball
BUNDESLIGA,23/10/2021,RB Leipzig,SpVgg Greuther Fürth 1903,4,1,H,BUNDESLIGA,2021-22,openfootball
BUNDESLIGA,23/10/2021,VfL Wolfsburg,SC Freiburg,0,2,A,BUNDESLIGA,2021-22,openfootball
BUNDESLIGA,24/10/2021,1. FC Köln,Bayer 04 Leverkusen,2,2,D,BUNDESLIGA,2021-22,openfootball
BUNDESLIGA,24/10/2021,VfB Stuttgart,1. FC Union Berlin,1,1,D,BUNDESLIGA,2021-22,openfootball
BUNDESLIGA,24/10/2021,VfL Bochum 1848,Eintracht Frankfurt,2,0,H,BUNDESLIGA,2021-22,openfootball
BUNDESLIGA,29/10/2021,TSG 1899 Hoffenheim,Hertha BSC,2,0,H,BUNDESLIGA,2021-22,openfootball
BUNDESLIGA,30/10/2021,1. FC Union Berlin,FC Bayern München,2,5,A,BUNDESLIGA,2021-22,openfootball
BUNDESLIGA,30/10/2021,Arminia Bielefeld,1. FSV Mainz 05,1,2,A,BUNDESLIGA,2021-22,openfootball
BUNDESLIGA,30/10/2021,Bayer 04 Leverkusen,VfL Wolfsburg,0,2,A,BUNDESLIGA,2021-22,openfootball
BUNDESLIGA,30/10/2021,Borussia Dortmund,1. FC Köln,2,0,H,BUNDESLIGA,2021-22,openfootball
BUNDESLIGA,30/10/2021,Eintracht Frankfurt,RB Leipzig,1,1,D,BUNDESLIGA,2021-22,openfootball
BUNDESLIGA,30/10/2021,SC Freiburg,SpVgg Greuther Fürth 1903,3,1,H,BUNDESLIGA,2021-22,openfootball
BUNDESLIGA,31/10/2021,Borussia Mönchengladbach,VfL Bochum 1848,2,1,H,BUNDESLIGA,2021-22,openfootball
BUNDESLIGA,31/10/2021,FC Augsburg,VfB Stuttgart,4,1,H,BUNDESLIGA,2021-22,openfootball
BUNDESLIGA,05/11/2021,1. FSV Mainz 05,Borussia Mönchengladbach,1,1,D,BUNDESLIGA,2021-22,openfootball
BUNDESLIGA,06/11/2021,FC Bayern München,SC Freiburg,2,1,H,BUNDESLIGA,2021-22,openfootball
BUNDESLIGA,06/11/2021,RB Leipzig,Borussia Dortmund,2,1,H,BUNDESLIGA,2021-22,openfootball
BUNDESLIGA,06/11/2021,VfB Stuttgart,Arminia Bielefeld,0,1,A,BUNDESLIGA,2021-22,openfootball
BUNDESLIGA,06/11/2021,VfL Bochum 1848,TSG 1899 Hoffenheim,2,0,H,BUNDESLIGA,2021-22,openfootball
BUNDESLIGA,06/11/2021,VfL Wolfsburg,FC Augsburg,1,0,H,BUNDESLIGA,2021-22,openfootball
BUNDESLIGA,07/11/2021,1. FC Köln,1. FC Union Berlin,2,2,D,BUNDESLIGA,2021-22,openfootball
BUNDESLIGA,07/11/2021,Hertha BSC,Bayer 04 Leverkusen,1,1,D,BUNDESLIGA,2021-22,openfootball
BUNDESLIGA,07/11/2021,SpVgg Greuther Fürth 1903,Eintracht Frankfurt,1,2,A,BUNDESLIGA,2021-22,openfootball
BUNDESLIGA,19/11/2021,FC Augsburg,FC Bayern München,2,1,H,BUNDESLIGA,2021-22,openfootball
BUNDESLIGA,20/11/2021,1. FC Union Berlin,Hertha BSC,2,0,H,BUNDESLIGA,2021-22,openfootball
BUNDESLIGA,20/11/2021,Arminia Bielefeld,VfL Wolfsburg,2,2,D,BUNDESLIGA,2021-22,openfootball
BUNDESLIGA,20/11/2021,Bayer 04 Leverkusen,VfL Bochum 1848,1,0,H,BUNDESLIGA,2021-22,openfootball
BUNDESLIGA,20/11/2021,Borussia Dortmund,VfB Stuttgart,2,1,H,BUNDESLIGA,2021-22,openfootball
BUNDESLIGA,20/11/2021,Borussia Mönchengladbach,SpVgg Greuther Fürth 1903,4,0,H,BUNDESLIGA,2021-22,openfootball
BUNDESLIGA,20/11/2021,TSG 1899 Hoffenheim,RB Leipzig,2,0,H,BUNDESLIGA,2021-22,openfootball
BUNDESLIGA,21/11/2021,1. FSV Mainz 05,1. FC Köln,1,1,D,BUNDESLIGA,2021-22,openfootball
BUNDESLIGA,21/11/2021,SC Freiburg,Eintracht Frankfurt,0,2,A,BUNDESLIGA,2021-22,openfootball
BUNDESLIGA,26/11/2021,VfB Stuttgart,1. FSV Mainz 05,2,1,H,BUNDESLIGA,2021-22,openfootball
BUNDESLIGA,27/11/2021,1. FC Köln,Borussia Mönchengladbach,4,1,H,BUNDESLIGA,2021-22,openfootball
BUNDESLIGA,27/11/2021,FC Bayern München,Arminia Bielefeld,1,0,H,BUNDESLIGA,2021-22,openfootball
BUNDESLIGA,27/11/2021,Hertha BSC,FC Augsburg,1,1,D,BUNDESLIGA,2021-22,openfootball
BUNDESLIGA,27/11/2021,SpVgg Greuther Fürth 1903,TSG 1899 Hoffenheim,3,6,A,BUNDESLIGA,2021-22,openfootball
BUNDESLIGA,27/11/2021,VfL Bochum 1848,SC Freiburg,2,1,H,BUNDESLIGA,2021-22,openfootball
BUNDESLIGA,27/11/2021,VfL Wolfsburg,Borussia Dortmund,1,3,A,BUNDESLIGA,2021-22,openfootball
BUNDESLIGA,28/11/2021,Eintracht Frankfurt,1. FC Union Berlin,2,1,H,BUNDESLIGA,2021-22,openfootball
BUNDESLIGA,28/11/2021,RB Leipzig,Bayer 04 Leverkusen,1,3,A,BUNDESLIGA,2021-22,openfootball
BUNDESLIGA,03/12/2021,1. FC Union Berlin,RB Leipzig,2,1,H,BUNDESLIGA,2021-22,openfootball
BUNDESLIGA,04/12/2021,1. FSV Mainz 05,VfL Wolfsburg,3,0,H,BUNDESLIGA,2021-22,openfootball
BUNDESLIGA,04/12/2021,Arminia Bielefeld,1. FC Köln,1,1,D,BUNDESLIGA,2021-22,openfootball
BUNDESLIGA,04/12/2021,Bayer 04 Leverkusen,SpVgg Greuther Fürth 1903,7,1,H,BUNDESLIGA,2021-22,openfootball
BUNDESLIGA,04/12/2021,Borussia Dortmund,FC Bayern München,2,3,A,BUNDESLIGA,2021-22,openfootball
BUNDESLIGA,04/12/2021,FC Augsburg,VfL Bochum 1848,2,3,A,BUNDESLIGA,2021-22,openfootball
BUNDESLIGA,04/12/2021,TSG 1899 Hoffenheim,Eintracht Frankfurt,3,2,H,BUNDESLIGA,2021-22,openfootball
BUNDESLIGA,05/12/2021,Borussia Mönchengladbach,SC Freiburg,0,6,A,BUNDESLIGA,2021-22,openfootball
BUNDESLIGA,05/12/2021,VfB Stuttgart,Hertha BSC,2,2,D,BUNDESLIGA,2021-22,openfootball
BUNDESLIGA,10/12/2021,1. FC Köln,FC Augsburg,0,2,A,BUNDESLIGA,2021-22,openfootball
BUNDESLIGA,11/12/2021,FC Bayern München,1. FSV Mainz 05,2,1,H,BUNDESLIGA,2021-22,openfootball
BUNDESLIGA,11/12/2021,Hertha BSC,Arminia Bielefeld,2,0,H,BUNDESLIGA,2021-22,openfootball
BUNDESLIGA,11/12/2021,RB Leipzig,Borussia Mönchengladbach,4,1,H,BUNDESLIGA,2021-22,openfootball
BUNDESLIGA,11/12/2021,SC Freiburg,TSG 1899 Hoffenheim,1,2,A,BUNDESLIGA,2021-22,openfootball
BUNDESLIGA,11/12/2021,VfL Bochum 1848,Borussia Dortmund,1,1,D,BUNDESLIGA,2021-22,openfootball
BUNDESLIGA,11/12/2021,VfL Wolfsburg,VfB Stuttgart,0,2,A,BUNDESLIGA,2021-22,openfootball
BUNDESLIGA,12/12/2021,Eintracht Frankfurt,Bayer 04 Leverkusen,5,2,H,BUNDESLIGA,2021-22,openfootball
BUNDESLIGA,12/12/2021,SpVgg Greuther Fürth 1903,1. FC Union Berlin,1,0,H,BUNDESLIGA,2021-22,openfootball
BUNDESLIGA,14/12/2021,1. FSV Mainz 05,Hertha BSC,4,0,H,BUNDESLIGA,2021-22,openfootball
BUNDESLIGA,14/12/2021,Arminia Bielefeld,VfL Bochum 1848,2,0,H,BUNDESLIGA,2021-22,openfootball
BUNDESLIGA,14/12/2021,VfB Stuttgart,FC Bayern München,0,5,A,BUNDESLIGA,2021-22,openfootball
BUNDESLIGA,14/12/2021,VfL Wolfsburg,1. FC Köln,2,3,A,BUNDESLIGA,2021-22,openfootball
BUNDESLIGA,15/12/2021,1. FC Union Berlin,SC Freiburg,0,0,D,BUNDESLIGA,2021-22,openfootball
BUNDESLIGA,15/12/2021,Bayer 04 Leverkusen,TSG 1899 Hoffenheim,2,2,D,BUNDESLIGA,2021-22,openfootball
BUNDESLIGA,15/12/2021,Borussia Dortmund,SpVgg Greuther Fürth 1903,3,0,H,BUNDESLIGA,2021-22,openfootball
BUNDESLIGA,15/12/2021,Borussia Mönchengladbach,Eintracht Frankfurt,2,3,A,BUNDESLIGA,2021-22,openfootball
BUNDESLIGA,15/12/2021,FC Augsburg,RB Leipzig,1,1,D,BUNDESLIGA,2021-22,openfootball
BUNDESLIGA,17/12/2021,FC Bayern München,VfL Wolfsburg,4,0,H,BUNDESLIGA,2021-22,openfootball
BUNDESLIGA,18/12/2021,Eintracht Frankfurt,1. FSV Mainz 05,1,0,H,BUNDESLIGA,2021-22,openfootball
BUNDESLIGA,18/12/2021,Hertha BSC,Borussia Dortmund,3,2,H,BUNDESLIGA,2021-22,openfootball
BUNDESLIGA,18/12/2021,RB Leipzig,Arminia Bielefeld,0,2,A,BUNDESLIGA,2021-22,openfootball
BUNDESLIGA,18/12/2021,SpVgg Greuther Fürth 1903,FC Augsburg,0,0,D,BUNDESLIGA,2021-22,openfootball
BUNDESLIGA,18/12/2021,TSG 1899 Hoffenheim,Borussia Mönchengladbach,1,1,D,BUNDESLIGA,2021-22,openfootball
BUNDESLIGA,18/12/2021,VfL Bochum 1848,1. FC Union Berlin,0,1,A,BUNDESLIGA,2021-22,openfootball
BUNDESLIGA,19/12/2021,1. FC Köln,VfB Stuttgart,1,0,H,BUNDESLIGA,2021-22,openfootball
BUNDESLIGA,19/12/2021,SC Freiburg,Bayer 04 Leverkusen,2,1,H,BUNDESLIGA,2021-22,openfootball
BUNDESLIGA,07/01/2022,FC Bayern München,Borussia Mönchengladbach,1,2,A,BUNDESLIGA,2021-22,openfootball
BUNDESLIGA,08/01/2022,Bayer 04 Leverkusen,1. FC Union Berlin,2,2,D,BUNDESLIGA,2021-22,openfootball
BUNDESLIGA,08/01/2022,Eintracht Frankfurt,Borussia Dortmund,2,3,A,BUNDESLIGA,2021-22,openfootball
BUNDESLIGA,08/01/2022,RB Leipzig,1. FSV Mainz 05,4,1,H,BUNDESLIGA,2021-22,openfootball
BUNDESLIGA,08/01/2022,SC Freiburg,Arminia Bielefeld,2,2,D,BUNDESLIGA,2021-22,openfootball
BUNDESLIGA,08/01/2022,SpVgg Greuther Fürth 1903,VfB Stuttgart,0,0,D,BUNDESLIGA,2021-22,openfootball
BUNDESLIGA,08/01/2022,TSG 1899 Hoffenheim,FC Augsburg,3,1,H,BUNDESLIGA,2021-22,openfootball
BUNDESLIGA,09/01/2022,Hertha BSC,1. FC Köln,1,3,A,BUNDESLIGA,2021-22,openfootball
BUNDESLIGA,09/01/2022,VfL Bochum 1848,VfL Wolfsburg,1,0,H,BUNDESLIGA,2021-22,openfootball
BUNDESLIGA,14/01/2022,Borussia Dortmund,SC Freiburg,5,1,H,BUNDESLIGA,2021-22,openfootball
BUNDESLIGA,15/01/2022,1. FC Köln,FC Bayern München,0,4,A,BUNDESLIGA,2021-22,openfootball
BUNDESLIGA,15/01/2022,1. FC Union Berlin,TSG 1899 Hoffenheim,2,1,H,BUNDESLIGA,2021-22,openfootball
BUNDESLIGA,15/01/2022,1. FSV Mainz 05,VfL Bochum 1848,1,0,H,BUNDESLIGA,2021-22,openfootball
BUNDESLIGA,15/01/2022,Borussia Mönchengladbach,Bayer 04 Leverkusen,1,2,A,BUNDESLIGA,2021-22,openfootball
BUNDESLIGA,15/01/2022,VfB Stuttgart,RB Leipzig,0,2,A,BUNDESLIGA,2021-22,openfootball
BUNDESLIGA,15/01/2022,VfL Wolfsburg,Hertha BSC,0,0,D,BUNDESLIGA,2021-22,openfootball
BUNDESLIGA,16/01/2022,Arminia Bielefeld,SpVgg Greuther Fürth 1903,2,2,D,BUNDESLIGA,2021-22,openfootball
BUNDESLIGA,16/01/2022,FC Augsburg,Eintracht Frankfurt,1,1,D,BUNDESLIGA,2021-22,openfootball
BUNDESLIGA,21/01/2022,Eintracht Frankfurt,Arminia Bielefeld,0,2,A,BUNDESLIGA,2021-22,openfootball
BUNDESLIGA,22/01/2022,Bayer 04 Leverkusen,FC Augsburg,5,1,H,BUNDESLIGA,2021-22,openfootball
BUNDESLIGA,22/01/2022,Borussia Mönchengladbach,1. FC Union Berlin,1,2,A,BUNDESLIGA,2021-22,openfootball
BUNDESLIGA,22/01/2022,SC Freiburg,VfB Stuttgart,2,0,H,BUNDESLIGA,2021-22,openfootball
BUNDESLIGA,22/01/2022,SpVgg Greuther Fürth 1903,1. FSV Mainz 05,2,1,H,BUNDESLIGA,2021-22,openfootball
BUNDESLIGA,22/01/2022,TSG 1899 Hoffenheim,Borussia Dortmund,2,3,A,BUNDESLIGA,2021-22,openfootball
BUNDESLIGA,22/01/2022,VfL Bochum 1848,1. FC Köln,2,2,D,BUNDESLIGA,2021-22,openfootball
BUNDESLIGA,23/01/2022,Hertha BSC,FC Bayern München,1,4,A,BUNDESLIGA,2021-22,openfootball
BUNDESLIGA,23/01/2022,RB Leipzig,VfL Wolfsburg,2,0,H,BUNDESLIGA,2021-22,openfootball
BUNDESLIGA,04/02/2022,Hertha BSC,VfL Bochum 1848,1,1,D,BUNDESLIGA,2021-22,openfootball
BUNDESLIGA,05/02/2022,1. FC Köln,SC Freiburg,1,0,H,BUNDESLIGA,2021-22,openfootball
BUNDESLIGA,05/02/2022,1. FSV Mainz 05,TSG 1899 Hoffenheim,2,0,H,BUNDESLIGA,2021-22,openfootball
BUNDESLIGA,05/02/2022,Arminia Bielefeld,Borussia Mönchengladbach,1,1,D,BUNDESLIGA,2021-22,openfootball
BUNDESLIGA,05/02/2022,FC Augsburg,1. FC Union Berlin,2,0,H,BUNDESLIGA,2021-22,openfootball
BUNDESLIGA,05/02/2022,FC Bayern München,RB Leipzig,3,2,H,BUNDESLIGA,2021-22,openfootball
BUNDESLIGA,05/02/2022,VfB Stuttgart,Eintracht Frankfurt,2,3,A,BUNDESLIGA,2021-22,openfootball
BUNDESLIGA,06/02/2022,Borussia Dortmund,Bayer 04 Leverkusen,2,5,A,BUNDESLIGA,2021-22,openfootball
BUNDESLIGA,06/02/2022,VfL Wolfsburg,SpVgg Greuther Fürth 1903,4,1,H,BUNDESLIGA,2021-22,openfootball
BUNDESLIGA,11/02/2022,RB Leipzig,1. FC Köln,3,1,H,BUNDESLIGA,2021-22,openfootball
BUNDESLIGA,12/02/2022,Bayer 04 Leverkusen,VfB Stuttgart,4,2,H,BUNDESLIGA,2021-22,openfootball
BUNDESLIGA,12/02/2022,Borussia Mönchengladbach,FC Augsburg,3,2,H,BUNDESLIGA,2021-22,openfootball
BUNDESLIGA,12/02/2022,Eintracht Frankfurt,VfL Wolfsburg,0,2,A,BUNDESLIGA,2021-22,openfootball
BUNDESLIGA,12/02/2022,SC Freiburg,1. FSV Mainz 05,1,1,D,BUNDESLIGA,2021-22,openfootball
BUNDESLIGA,12/02/2022,SpVgg Greuther Fürth 1903,Hertha BSC,2,1,H,BUNDESLIGA,2021-22,openfootball
BUNDESLIGA,12/02/2022,VfL Bochum 1848,FC Bayern München,4,2,H,BUNDESLIGA,2021-22,openfootball
BUNDESLIGA,13/02/2022,1. FC Union Berlin,Borussia Dortmund,0,3,A,BUNDESLIGA,2021-22,openfootball
BUNDESLIGA,13/02/2022,TSG 1899 Hoffenheim,Arminia Bielefeld,2,0,H,BUNDESLIGA,2021-22,openfootball
BUNDESLIGA,18/02/2022,1. FSV Mainz 05,Bayer 04 Leverkusen,3,2,H,BUNDESLIGA,2021-22,openfootball
BUNDESLIGA,19/02/2022,1. FC Köln,Eintracht Frankfurt,1,0,H,BUNDESLIGA,2021-22,openfootball
BUNDESLIGA,19/02/2022,Arminia Bielefeld,1. FC Union Berlin,1,0,H,BUNDESLIGA,2021-22,openfootball
BUNDESLIGA,19/02/2022,FC Augsburg,SC Freiburg,1,2,A,BUNDESLIGA,2021-22,openfootball
BUNDESLIGA,19/02/2022,VfB Stuttgart,VfL Bochum 1848,1,1,D,BUNDESLIGA,2021-22,openfootball
BUNDESLIGA,19/02/2022,VfL Wolfsburg,TSG 1899 Hoffenheim,1,2,A,BUNDESLIGA,2021-22,openfootball
BUNDESLIGA,20/02/2022,Borussia Dortmund,Borussia Mönchengladbach,6,0,H,BUNDESLIGA,2021-22,openfootball
BUNDESLIGA,20/02/2022,FC Bayern München,SpVgg Greuther Fürth 1903,4,1,H,BUNDESLIGA,2021-22,openfootball
BUNDESLIGA,20/02/2022,Hertha BSC,RB Leipzig,1,6,A,BUNDESLIGA,2021-22,openfootball
BUNDESLIGA,25/02/2022,TSG 1899 Hoffenheim,VfB Stuttgart,2,1,H,BUNDESLIGA,2021-22,openfootball
BUNDESLIGA,26/02/2022,1. FC Union Berlin,1. FSV Mainz 05,3,1,H,BUNDESLIGA,2021-22,openfootball
BUNDESLIGA,26/02/2022,Bayer 04 Leverkusen,Arminia Bielefeld,3,0,H,BUNDESLIGA,2021-22,openfootball
BUNDESLIGA,26/02/2022,Borussia Mönchengladbach,VfL Wolfsburg,2,2,D,BUNDESLIGA,2021-22,openfootball
BUNDESLIGA,26/02/2022,Eintracht Frankfurt,FC Bayern München,0,1,A,BUNDESLIGA,2021-22,openfootball
BUNDESLIGA,26/02/2022,SC Freiburg,Hertha BSC,3,0,H,BUNDESLIGA,2021-22,openfootball
BUNDESLIGA,26/02/2022,SpVgg Greuther Fürth 1903,1. FC Köln,1,1,D,BUNDESLIGA,2021-22,openfootball
BUNDESLIGA,27/02/2022,FC Augsburg,Borussia Dortmund,1,1,D,BUNDESLIGA,2021-22,openfootball
BUNDESLIGA,27/02/2022,VfL Bochum 1848,RB Leipzig,0,1,A,BUNDESLIGA,2021-22,openfootball
BUNDESLIGA,04/03/2022,Arminia Bielefeld,FC Augsburg,0,1,A,BUNDESLIGA,2021-22,openfootball
BUNDESLIGA,05/03/2022,FC Bayern München,Bayer 04 Leverkusen,1,1,D,BUNDESLIGA,2021-22,openfootball
BUNDESLIGA,05/03/2022,Hertha BSC,Eintracht Frankfurt,1,4,A,BUNDESLIGA,2021-22,openfootball
BUNDESLIGA,05/03/2022,RB Leipzig,SC Freiburg,1,1,D,BUNDESLIGA,2021-22,openfootball
BUNDESLIGA,05/03/2022,VfB Stuttgart,Borussia Mönchengladbach,3,2,H,BUNDESLIGA,2021-22,openfootball
BUNDESLIGA,05/03/2022,VfL Bochum 1848,SpVgg Greuther Fürth 1903,2,1,H,BUNDESLIGA,2021-22,openfootball
BUNDESLIGA,05/03/2022,VfL Wolfsburg,1. FC Union Berlin,1,0,H,BUNDESLIGA,2021-22,openfootball
BUNDESLIGA,06/03/2022,1. FC Köln,TSG 1899 Hoffenheim,0,1,A,BUNDESLIGA,2021-22,openfootball
BUNDESLIGA,12/03/2022,1. FC Union Berlin,VfB Stuttgart,1,1,D,BUNDESLIGA,2021-22,openfootball
BUNDESLIGA,12/03/2022,Borussia Mönchengladbach,Hertha BSC,2,0,H,BUNDESLIGA,2021-22,openfootball
BUNDESLIGA,12/03/2022,SC Freiburg,VfL Wolfsburg,3,2,H,BUNDESLIGA,2021-22,openfootball
BUNDESLIGA,12/03/2022,TSG 1899 Hoffenheim,FC Bayern München,1,1,D,BUNDESLIGA,2021-22,openfootball
BUNDESLIGA,13/03/2022,Bayer 04 Leverkusen,1. FC Köln,0,1,A,BUNDESLIGA,2021-22,openfootball
BUNDESLIGA,13/03/2022,Borussia Dortmund,Arminia Bielefeld,1,0,H,BUNDESLIGA,2021-22,openfootball
BUNDESLIGA,13/03/2022,Eintracht Frankfurt,VfL Bochum 1848,2,1,H,BUNDESLIGA,2021-22,openfootball
BUNDESLIGA,13/03/2022,SpVgg Greuther Fürth 1903,RB Leipzig,1,6,A,BUNDESLIGA,2021-22,openfootball
BUNDESLIGA,16/03/2022,1. FSV Mainz 05,Borussia Dortmund,0,1,A,BUNDESLIGA,2021-22,openfootball
BUNDESLIGA,18/03/2022,VfL Bochum 1848,Borussia Mönchengladbach,0,2,A,BUNDESLIGA,2021-22,openfootball
BUNDESLIGA,19/03/2022,1. FSV Mainz 05,Arminia Bielefeld,4,0,H,BUNDESLIGA,2021-22,openfootball
BUNDESLIGA,19/03/2022,FC Bayern München,1. FC Union Berlin,4,0,H,BUNDESLIGA,2021-22,openfootball
BUNDESLIGA,19/03/2022,Hertha BSC,TSG 1899 Hoffenheim,3,0,H,BUNDESLIGA,2021-22,openfootball
BUNDESLIGA,19/03/2022,SpVgg Greuther Fürth 1903,SC Freiburg,0,0,D,BUNDESLIGA,2021-22,openfootball
BUNDESLIGA,19/03/2022,VfB Stuttgart,FC Augsburg,3,2,H,BUNDESLIGA,2021-22,openfootball
BUNDESLIGA,20/03/2022,1. FC Köln,Borussia Dortmund,1,1,D,BUNDESLIGA,2021-22,openfootball
BUNDESLIGA,20/03/2022,RB Leipzig,Eintracht Frankfurt,0,0,D,BUNDESLIGA,2021-22,openfootball
BUNDESLIGA,20/03/2022,VfL Wolfsburg,Bayer 04 Leverkusen,0,2,A,BUNDESLIGA,2021-22,openfootball
BUNDESLIGA,01/04/2022,1. FC Union Berlin,1. FC Köln,1,0,H,BUNDESLIGA,2021-22,openfootball
BUNDESLIGA,02/04/2022,Arminia Bielefeld,VfB Stuttgart,1,1,D,BUNDESLIGA,2021-22,openfootball
BUNDESLIGA,02/04/2022,Bayer 04 Leverkusen,Hertha BSC,2,1,H,BUNDESLIGA,2021-22,openfootball
BUNDESLIGA,02/04/2022,Borussia Dortmund,RB Leipzig,1,4,A,BUNDESLIGA,2021-22,openfootball
BUNDESLIGA,02/04/2022,Eintracht Frankfurt,SpVgg Greuther Fürth 1903,0,0,D,BUNDESLIGA,2021-22,openfootball
BUNDESLIGA,02/04/2022,SC Freiburg,FC Bayern München,1,4,A,BUNDESLIGA,2021-22,openfootball
BUNDESLIGA,02/04/2022,TSG 1899 Hoffenheim,VfL Bochum 1848,1,2,A,BUNDESLIGA,2021-22,openfootball
BUNDESLIGA,03/04/2022,Borussia Mönchengladbach,1. FSV Mainz 05,1,1,D,BUNDESLIGA,2021-22,openfootball
BUNDESLIGA,03/04/2022,FC Augsburg,VfL Wolfsburg,3,0,H,BUNDESLIGA,2021-22,openfootball
BUNDESLIGA,06/04/2022,FC Augsburg,1. FSV Mainz 05,2,1,H,BUNDESLIGA,2021-22,openfootball
BUNDESLIGA,08/04/2022,VfB Stuttgart,Borussia Dortmund,0,2,A,BUNDESLIGA,2021-22,openfootball
BUNDESLIGA,09/04/2022,1. FC Köln,1. FSV Mainz 05,3,2,H,BUNDESLIGA,2021-22,openfootball
BUNDESLIGA,09/04/2022,FC Bayern München,FC Augsburg,1,0,H,BUNDESLIGA,2021-22,openfootball
BUNDESLIGA,09/04/2022,Hertha BSC,1. FC Union Berlin,1,4,A,BUNDESLIGA,2021-22,openfootball
BUNDESLIGA,09/04/2022,SpVgg Greuther Fürth 1903,Borussia Mönchengladbach,0,2,A,BUNDESLIGA,2021-22,openfootball
BUNDESLIGA,09/04/2022,VfL Wolfsburg,Arminia Bielefeld,4,0,H,BUNDESLIGA,2021-22,openfootball
BUNDESLIGA,10/04/2022,Eintracht Frankfurt,SC Freiburg,1,2,A,BUNDESLIGA,2021-22,openfootball
BUNDESLIGA,10/04/2022,RB Leipzig,TSG 1899 Hoffenheim,3,0,H,BUNDESLIGA,2021-22,openfootball
BUNDESLIGA,10/04/2022,VfL Bochum 1848,Bayer 04 Leverkusen,0,0,D,BUNDESLIGA,2021-22,openfootball
BUNDESLIGA,16/04/2022,1. FSV Mainz 05,VfB Stuttgart,0,0,D,BUNDESLIGA,2021-22,openfootball
BUNDESLIGA,16/04/2022,Borussia Dortmund,VfL Wolfsburg,6,1,H,BUNDESLIGA,2021-22,openfootball
BUNDESLIGA,16/04/2022,Borussia Mönchengladbach,1. FC Köln,1,3,A,BUNDESLIGA,2021-22,openfootball
BUNDESLIGA,16/04/2022,FC Augsburg,Hertha BSC,0,1,A,BUNDESLIGA,2021-22,openfootball
BUNDESLIGA,16/04/2022,SC Freiburg,VfL Bochum 1848,3,0,H,BUNDESLIGA,2021-22,openfootball
BUNDESLIGA,17/04/2022,1. FC Union Berlin,Eintracht Frankfurt,2,0,H,BUNDESLIGA,2021-22,openfootball
BUNDESLIGA,17/04/2022,Arminia Bielefeld,FC Bayern München,0,3,A,BUNDESLIGA,2021-22,openfootball
BUNDESLIGA,17/04/2022,Bayer 04 Leverkusen,RB Leipzig,0,1,A,BUNDESLIGA,2021-22,openfootball
BUNDESLIGA,17/04/2022,TSG 1899 Hoffenheim,SpVgg Greuther Fürth 1903,0,0,D,BUNDESLIGA,2021-22,openfootball
BUNDESLIGA,22/04/2022,VfL Wolfsburg,1. FSV Mainz 05,5,0,H,BUNDESLIGA,2021-22,openfootball
BUNDESLIGA,23/04/2022,1. FC Köln,Arminia Bielefeld,3,1,H,BUNDESLIGA,2021-22,openfootball
BUNDESLIGA,23/04/2022,Eintracht Frankfurt,TSG 1899 Hoffenheim,2,2,D,BUNDESLIGA,2021-22,openfootball
BUNDESLIGA,23/04/2022,FC Bayern München,Borussia Dortmund,3,1,H,BUNDESLIGA,2021-22,openfootball
BUNDESLIGA,23/04/2022,RB Leipzig,1. FC Union Berlin,1,2,A,BUNDESLIGA,2021-22,openfootball
BUNDESLIGA,23/04/2022,SC Freiburg,Borussia Mönchengladbach,3,3,D,BUNDESLIGA,2021-22,openfootball
BUNDESLIGA,23/04/2022,SpVgg Greuther Fürth 1903,Bayer 04 Leverkusen,1,4,A,BUNDESLIGA,2021-22,openfootball
BUNDESLIGA,24/04/2022,Hertha BSC,VfB Stuttgart,2,0,H,BUNDESLIGA,2021-22,openfootball
BUNDESLIGA,24/04/2022,VfL Bochum 1848,FC Augsburg,0,2,A,BUNDESLIGA,2021-22,openfootball
BUNDESLIGA,29/04/2022,1. FC Union Berlin,SpVgg Greuther Fürth 1903,1,1,D,BUNDESLIGA,2021-22,openfootball
BUNDESLIGA,30/04/2022,1. FSV Mainz 05,FC Bayern München,3,1,H,BUNDESLIGA,2021-22,openfootball
BUNDESLIGA,30/04/2022,Arminia Bielefeld,Hertha BSC,1,1,D,BUNDESLIGA,2021-22,openfootball
BUNDESLIGA,30/04/2022,Borussia Dortmund,VfL Bochum 1848,3,4,A,BUNDESLIGA,2021-22,openfootball
BUNDESLIGA,30/04/2022,FC Augsburg,1. FC Köln,1,4,A,BUNDESLIGA,2021-22,openfootball
BUNDESLIGA,30/04/2022,TSG 1899 Hoffenheim,SC Freiburg,3,4,A,BUNDESLIGA,2021-22,openfootball
BUNDESLIGA,30/04/2022,VfB Stuttgart,VfL Wolfsburg,1,1,D,BUNDESLIGA,2021-22,openfootball
BUNDESLIGA,02/05/2022,Bayer 04 Leverkusen,Eintracht Frankfurt,2,0,H,BUNDESLIGA,2021-22,openfootball
BUNDESLIGA,02/05/2022,Borussia Mönchengladbach,RB Leipzig,3,1,H,BUNDESLIGA,2021-22,openfootball
BUNDESLIGA,06/05/2022,VfL Bochum 1848,Arminia Bielefeld,2,1,H,BUNDESLIGA,2021-22,openfootball
BUNDESLIGA,07/05/2022,1. FC Köln,VfL Wolfsburg,0,1,A,BUNDESLIGA,2021-22,openfootball
BUNDESLIGA,07/05/2022,Hertha BSC,1. FSV Mainz 05,1,2,A,BUNDESLIGA,2021-22,openfootball
BUNDESLIGA,07/05/2022,SC Freiburg,1. FC Union Berlin,1,4,A,BUNDESLIGA,2021-22,openfootball
BUNDESLIGA,07/05/2022,SpVgg Greuther Fürth 1903,Borussia Dortmund,1,3,A,BUNDESLIGA,2021-22,openfootball
BUNDESLIGA,07/05/2022,TSG 1899 Hoffenheim,Bayer 04 Leverkusen,2,4,A,BUNDESLIGA,2021-22,openfootball
BUNDESLIGA,08/05/2022,Eintracht Frankfurt,Borussia Mönchengladbach,1,1,D,BUNDESLIGA,2021-22,openfootball
BUNDESLIGA,08/05/2022,FC Bayern München,VfB Stuttgart,2,2,D,BUNDESLIGA,2021-22,openfootball
BUNDESLIGA,08/05/2022,RB Leipzig,FC Augsburg,4,0,H,BUNDESLIGA,2021-22,openfootball
BUNDESLIGA,14/05/2022,1. FC Union Berlin,VfL Bochum 1848,3,2,H,BUNDESLIGA,2021-22,openfootball
BUNDESLIGA,14/05/2022,1. FSV Mainz 05,Eintracht Frankfurt,2,2,D,BUNDESLIGA,2021-22,openfootball
BUNDESLIGA,14/05/2022,Arminia Bielefeld,RB Leipzig,1,1,D,BUNDESLIGA,2021-22,openfootball
BUNDESLIGA,14/05/2022,Bayer 04 Leverkusen,SC Freiburg,2,1,H,BUNDESLIGA,2021-22,openfootball
BUNDESLIGA,14/05/2022,Borussia Dortmund,Hertha BSC,2,1,H,BUNDESLIGA,2021-22,openfootball
BUNDESLIGA,14/05/2022,Borussia Mönchengladbach,TSG 1899 Hoffenheim,5,1,H,BUNDESLIGA,2021-22,openfootball
BUNDESLIGA,14/05/2022,FC Augsburg,SpVgg Greuther Fürth 1903,2,1,H,BUNDESLIGA,2021-22,openfootball
BUNDESLIGA,14/05/2022,VfB Stuttgart,1. FC Köln,2,1,H,BUNDESLIGA,2021-22,openfootball
BUNDESLIGA,14/05/2022,VfL Wolfsburg,FC Bayern München,2,2,D,BUNDESLIGA,2021-22,openfootball
BUNDESLIGA,05/08/2022,Eintracht Frankfurt,FC Bayern München,1,6,A,BUNDESLIGA,2022-23,openfootball
BUNDESLIGA,06/08/2022,1. FC Union Berlin,Hertha BSC,3,1,H,BUNDESLIGA,2022-23,openfootball
BUNDESLIGA,06/08/2022,Borussia Dortmund,Bayer 04 Leverkusen,1,0,H,BUNDESLIGA,2022-23,openfootball
BUNDESLIGA,06/08/2022,Borussia Mönchengladbach,TSG 1899 Hoffenheim,3,1,H,BUNDESLIGA,2022-23,openfootball
BUNDESLIGA,06/08/2022,FC Augsburg,SC Freiburg,0,4,A,BUNDESLIGA,2022-23,openfootball
BUNDESLIGA,06/08/2022,VfL Bochum 1848,1. FSV Mainz 05,1,2,A,BUNDESLIGA,2022-23,openfootball
BUNDESLIGA,06/08/2022,VfL Wolfsburg,SV Werder Bremen,2,2,D,BUNDESLIGA,2022-23,openfootball
BUNDESLIGA,07/08/2022,1. FC Köln,FC Schalke 04,3,1,H,BUNDESLIGA,2022-23,openfootball
BUNDESLIGA,07/08/2022,VfB Stuttgart,RB Leipzig,1,1,D,BUNDESLIGA,2022-23,openfootball
BUNDESLIGA,12/08/2022,SC Freiburg,Borussia Dortmund,1,3,A,BUNDESLIGA,2022-23,openfootball
BUNDESLIGA,13/08/2022,Bayer 04 Leverkusen,FC Augsburg,1,2,A,BUNDESLIGA,2022-23,openfootball
BUNDESLIGA,13/08/2022,FC Schalke 04,Borussia Mönchengladbach,2,2,D,BUNDESLIGA,2022-23,openfootball
BUNDESLIGA,13/08/2022,Hertha BSC,Eintracht Frankfurt,1,1,D,BUNDESLIGA,2022-23,openfootball
BUNDESLIGA,13/08/2022,RB Leipzig,1. FC Köln,2,2,D,BUNDESLIGA,2022-23,openfootball
BUNDESLIGA,13/08/2022,SV Werder Bremen,VfB Stuttgart,2,2,D,BUNDESLIGA,2022-23,openfootball
BUNDESLIGA,13/08/2022,TSG 1899 Hoffenheim,VfL Bochum 1848,3,2,H,BUNDESLIGA,2022-23,openfootball
BUNDESLIGA,14/08/2022,1. FSV Mainz 05,1. FC Union Berlin,0,0,D,BUNDESLIGA,2022-23,openfootball
BUNDESLIGA,14/08/2022,FC Bayern München,VfL Wolfsburg,2,0,H,BUNDESLIGA,2022-23,openfootball
BUNDESLIGA,19/08/2022,Borussia Mönchengladbach,Hertha BSC,1,0,H,BUNDESLIGA,2022-23,openfootball
BUNDESLIGA,20/08/2022,1. FC Union Berlin,RB Leipzig,2,1,H,BUNDESLIGA,2022-23,openfootball
BUNDESLIGA,20/08/2022,Bayer 04 Leverkusen,TSG 1899 Hoffenheim,0,3,A,BUNDESLIGA,2022-23,openfootball
BUNDESLIGA,20/08/2022,Borussia Dortmund,SV Werder Bremen,2,3,A,BUNDESLIGA,2022-23,openfootball
BUNDESLIGA,20/08/2022,FC Augsburg,1. FSV Mainz 05,1,2,A,BUNDESLIGA,2022-23,openfootball
BUNDESLIGA,20/08/2022,VfB Stuttgart,SC Freiburg,0,1,A,BUNDESLIGA,2022-23,openfootball
BUNDESLIGA,20/08/2022,VfL Wolfsburg,FC Schalke 04,0,0,D,BUNDESLIGA,2022-23,openfootball
BUNDESLIGA,21/08/2022,Eintracht Frankfurt,1. FC Köln,1,1,D,BUNDESLIGA,2022-23,openfootball
BUNDESLIGA,21/08/2022,VfL Bochum 1848,FC Bayern München,0,7,A,BUNDESLIGA,2022-23,openfootball
BUNDESLIGA,26/08/2022,SC Freiburg,VfL Bochum 1848,1,0,H,BUNDESLIGA,2022-23,openfootball
BUNDESLIGA,27/08/2022,1. FSV Mainz 05,Bayer 04 Leverkusen,0,3,A,BUNDESLIGA,2022-23,openfootball
BUNDESLIGA,27/08/2022,FC Bayern München,Borussia Mönchengladbach,1,1,D,BUNDESLIGA,2022-23,openfootball
BUNDESLIGA,27/08/2022,FC Schalke 04,1. FC Union Berlin,1,6,A,BUNDESLIGA,2022-23,openfootball
BUNDESLIGA,27/08/2022,Hertha BSC,Borussia Dortmund,0,1,A,BUNDESLIGA,2022-23,openfootball
BUNDESLIGA,27/08/2022,RB Leipzig,VfL Wolfsburg,2,0,H,BUNDESLIGA,2022-23,openfootball
BUNDESLIGA,27/08/2022,TSG 1899 Hoffenheim,FC Augsburg,1,0,H,BUNDESLIGA,2022-23,openfootball
BUNDESLIGA,28/08/2022,1. FC Köln,VfB Stuttgart,0,0,D,BUNDESLIGA,2022-23,openfootball
BUNDESLIGA,28/08/2022,SV Werder Bremen,Eintracht Frankfurt,3,4,A,BUNDESLIGA,2022-23,openfootball
BUNDESLIGA,02/09/2022,Borussia Dortmund,TSG 1899 Hoffenheim,1,0,H,BUNDESLIGA,2022-23,openfootball
BUNDESLIGA,03/09/2022,1. FC Union Berlin,FC Bayern München,1,1,D,BUNDESLIGA,2022-23,openfootball
BUNDESLIGA,03/09/2022,Bayer 04 Leverkusen,SC Freiburg,2,3,A,BUNDESLIGA,2022-23,openfootball
BUNDESLIGA,03/09/2022,Eintracht Frankfurt,RB Leipzig,4,0,H,BUNDESLIGA,2022-23,openfootball
BUNDESLIGA,03/09/2022,VfB Stuttgart,FC Schalke 04,1,1,D,BUNDESLIGA,2022-23,openfootball
BUNDESLIGA,03/09/2022,VfL Bochum 1848,SV Werder Bremen,0,2,A,BUNDESLIGA,2022-23,openfootball
BUNDESLIGA,03/09/2022,VfL Wolfsburg,1. FC Köln,2,4,A,BUNDESLIGA,2022-23,openfootball
BUNDESLIGA,04/09/2022,Borussia Mönchengladbach,1. FSV Mainz 05,0,1,A,BUNDESLIGA,2022-23,openfootball
BUNDESLIGA,04/09/2022,FC Augsburg,Hertha BSC,0,2,A,BUNDESLIGA,2022-23,openfootball
BUNDESLIGA,09/09/2022,SV Werder Bremen,FC Augsburg,0,1,A,BUNDESLIGA,2022-23,openfootball
BUNDESLIGA,10/09/2022,Eintracht Frankfurt,VfL Wolfsburg,0,1,A,BUNDESLIGA,2022-23,openfootball
BUNDESLIGA,10/09/2022,FC Bayern München,VfB Stuttgart,2,2,D,BUNDESLIGA,2022-23,openfootball
BUNDESLIGA,10/09/2022,FC Schalke 04,VfL Bochum 1848,3,1,H,BUNDESLIGA,2022-23,openfootball
BUNDESLIGA,10/09/2022,Hertha BSC,Bayer 04 Leverkusen,2,2,D,BUNDESLIGA,2022-23,openfootball
BUNDESLIGA,10/09/2022,RB Leipzig,Borussia Dortmund,3,0,H,BUNDESLIGA,2022-23,openfootball
BUNDESLIGA,10/09/2022,TSG 1899 Hoffenheim,1. FSV Mainz 05,4,1,H,BUNDESLIGA,2022-23,openfootball
BUNDESLIGA,11/09/2022,1. FC Köln,1. FC Union Berlin,0,1,A,BUNDESLIGA,2022-23,openfootball
BUNDESLIGA,11/09/2022,SC Freiburg,Borussia Mönchengladbach,0,0,D,BUNDESLIGA,2022-23,openfootball
BUNDESLIGA,16/09/2022,1. FSV Mainz 05,Hertha BSC,1,1,D,BUNDESLIGA,2022-23,openfootball
BUNDESLIGA,17/09/2022,Bayer 04 Leverkusen,SV Werder Bremen,1,1,D,BUNDESLIGA,2022-23,openfootball
BUNDESLIGA,17/09/2022,Borussia Dortmund,FC Schalke 04,1,0,H,BUNDESLIGA,2022-23,openfootball
BUNDESLIGA,17/09/2022,Borussia Mönchengladbach,RB Leipzig,3,0,H,BUNDESLIGA,2022-23,openfootball
BUNDESLIGA,17/09/2022,FC Augsburg,FC Bayern München,1,0,H,BUNDESLIGA,2022-23,openfootball
BUNDESLIGA,17/09/2022,VfB Stuttgart,Eintracht Frankfurt,1,3,A,BUNDESLIGA,2022-23,openfootball
BUNDESLIGA,18/09/2022,1. FC Union Berlin,VfL Wolfsburg,2,0,H,BUNDESLIGA,2022-23,openfootball
BUNDESLIGA,18/09/2022,TSG 1899 Hoffenheim,SC Freiburg,0,0,D,BUNDESLIGA,2022-23,openfootball
BUNDESLIGA,18/09/2022,VfL Bochum 1848,1. FC Köln,1,1,D,BUNDESLIGA,2022-23,openfootball
BUNDESLIGA,30/09/2022,FC Bayern München,Bayer 04 Leverkusen,4,0,H,BUNDESLIGA,2022-23,openfootball
BUNDESLIGA,01/10/2022,1. FC Köln,Borussia Dortmund,3,2,H,BUNDESLIGA,2022-23,openfootball
BUNDESLIGA,01/10/2022,Eintracht Frankfurt,1. FC Union Berlin,2,0,H,BUNDESLIGA,2022-23,openfootball
BUNDESLIGA,01/10/2022,RB Leipzig,VfL Bochum 1848,4,0,H,BUNDESLIGA,2022-23,openfootball
BUNDESLIGA,01/10/2022,SC Freiburg,1. FSV Mainz 05,2,1,H,BUNDESLIGA,2022-23,openfootball
BUNDESLIGA,01/10/2022,SV Werder Bremen,Borussia Mönchengladbach,5,1,H,BUNDESLIGA,2022-23,openfootball
BUNDESLIGA,01/10/2022,VfL Wolfsburg,VfB Stuttgart,3,2,H,BUNDESLIGA,2022-23,openfootball
BUNDESLIGA,02/10/2022,FC Schalke 04,FC Augsburg,2,3,A,BUNDESLIGA,2022-23,openfootball
BUNDESLIGA,02/10/2022,Hertha BSC,TSG 1899 Hoffenheim,1,1,D,BUNDESLIGA,2022-23,openfootball
BUNDESLIGA,07/10/2022,TSG 1899 Hoffenheim,SV Werder Bremen,1,2,A,BUNDESLIGA,2022-23,openfootball
BUNDESLIGA,08/10/2022,1. FSV Mainz 05,RB Leipzig,1,1,D,BUNDESLIGA,2022-23,openfootball
BUNDESLIGA,08/10/2022,Bayer 04 Leverkusen,FC Schalke 04,4,0,H,BUNDESLIGA,2022-23,openfootball
BUNDESLIGA,08/10/2022,Borussia Dortmund,FC Bayern München,2,2,D,BUNDESLIGA,2022-23,openfootball
BUNDESLIGA,08/10/2022,FC Augsburg,VfL Wolfsburg,1,1,D,BUNDESLIGA,2022-23,openfootball
BUNDESLIGA,08/10/2022,VfL Bochum 1848,Eintracht Frankfurt,3,0,H,BUNDESLIGA,2022-23,openfootball
BUNDESLIGA,09/10/2022,Borussia Mönchengladbach,1. FC Köln,5,2,H,BUNDESLIGA,2022-23,openfootball
BUNDESLIGA,09/10/2022,Hertha BSC,SC Freiburg,2,2,D,BUNDESLIGA,2022-23,openfootball
BUNDESLIGA,09/10/2022,VfB Stuttgart,1. FC Union Berlin,0,1,A,BUNDESLIGA,2022-23,openfootball
BUNDESLIGA,14/10/2022,FC Schalke 04,TSG 1899 Hoffenheim,0,3,A,BUNDESLIGA,2022-23,openfootball
BUNDESLIGA,15/10/2022,Eintracht Frankfurt,Bayer 04 Leverkusen,5,1,H,BUNDESLIGA,2022-23,openfootball
BUNDESLIGA,15/10/2022,RB Leipzig,Hertha BSC,3,2,H,BUNDESLIGA,2022-23,openfootball
BUNDESLIGA,15/10/2022,SV Werder Bremen,1. FSV Mainz 05,0,2,A,BUNDESLIGA,2022-23,openfootball
BUNDESLIGA,15/10/2022,VfB Stuttgart,VfL Bochum 1848,4,1,H,BUNDESLIGA,2022-23,openfootball
BUNDESLIGA,15/10/2022,VfL Wolfsburg,Borussia Mönchengladbach,2,2,D,BUNDESLIGA,2022-23,openfootball
BUNDESLIGA,16/10/2022,1. FC Köln,FC Augsburg,3,2,H,BUNDESLIGA,2022-23,openfootball
BUNDESLIGA,16/10/2022,1. FC Union Berlin,Borussia Dortmund,2,0,H,BUNDESLIGA,2022-23,openfootball
BUNDESLIGA,16/10/2022,FC Bayern München,SC Freiburg,5,0,H,BUNDESLIGA,2022-23,openfootball
BUNDESLIGA,21/10/2022,1. FSV Mainz 05,1. FC Köln,5,0,H,BUNDESLIGA,2022-23,openfootball
BUNDESLIGA,22/10/2022,Bayer 04 Leverkusen,VfL Wolfsburg,2,2,D,BUNDESLIGA,2022-23,openfootball
BUNDESLIGA,22/10/2022,Borussia Dortmund,VfB Stuttgart,5,0,H,BUNDESLIGA,2022-23,openfootball
BUNDESLIGA,22/10/2022,Borussia Mönchengladbach,Eintracht Frankfurt,1,3,A,BUNDESLIGA,2022-23,openfootball
BUNDESLIGA,22/10/2022,FC Augsburg,RB Leipzig,3,3,D,BUNDESLIGA,2022-23,openfootball
BUNDESLIGA,22/10/2022,SC Freiburg,SV Werder Bremen,2,0,H,BUNDESLIGA,2022-23,openfootball
BUNDESLIGA,22/10/2022,TSG 1899 Hoffenheim,FC Bayern München,0,2,A,BUNDESLIGA,2022-23,openfootball
BUNDESLIGA,23/10/2022,Hertha BSC,FC Schalke 04,2,1,H,BUNDESLIGA,2022-23,openfootball
BUNDESLIGA,23/10/2022,VfL Bochum 1848,1. FC Union Berlin,2,1,H,BUNDESLIGA,2022-23,openfootball
BUNDESLIGA,28/10/2022,SV Werder Bremen,Hertha BSC,1,0,H,BUNDESLIGA,2022-23,openfootball
BUNDESLIGA,29/10/2022,Eintracht Frankfurt,Borussia Dortmund,1,2,A,BUNDESLIGA,2022-23,openfootball
BUNDESLIGA,29/10/2022,FC Bayern München,1. FSV Mainz 05,6,2,H,BUNDESLIGA,2022-23,openfootball
BUNDESLIGA,29/10/2022,RB Leipzig,Bayer 04 Leverkusen,2,0,H,BUNDESLIGA,2022-23,openfootball
BUNDESLIGA,29/10/2022,VfB Stuttgart,FC Augsburg,2,1,H,BUNDESLIGA,2022-23,openfootball
BUNDESLIGA,29/10/2022,VfL Wolfsburg,VfL Bochum 1848,4,0,H,BUNDESLIGA,2022-23,openfootball
BUNDESLIGA,30/10/2022,1. FC Köln,TSG 1899 Hoffenheim,1,1,D,BUNDESLIGA,2022-23,openfootball
BUNDESLIGA,30/10/2022,1. FC Union Berlin,Borussia Mönchengladbach,2,1,H,BUNDESLIGA,2022-23,openfootball
BUNDESLIGA,30/10/2022,FC Schalke 04,SC Freiburg,0,2,A,BUNDESLIGA,2022-23,openfootball
BUNDESLIGA,04/11/2022,Borussia Mönchengladbach,VfB Stuttgart,3,1,H,BUNDESLIGA,2022-23,openfootball
BUNDESLIGA,05/11/2022,1. FSV Mainz 05,VfL Wolfsburg,0,3,A,BUNDESLIGA,2022-23,openfootball
BUNDESLIGA,05/11/2022,Borussia Dortmund,VfL Bochum 1848,3,0,H,BUNDESLIGA,2022-23,openfootball
BUNDESLIGA,05/11/2022,FC Augsburg,Eintracht Frankfurt,1,2,A,BUNDESLIGA,2022-23,openfootball
BUNDESLIGA,05/11/2022,Hertha BSC,FC Bayern München,2,3,A,BUNDESLIGA,2022-23,openfootball
BUNDESLIGA,05/11/2022,SV Werder Bremen,FC Schalke 04,2,1,H,BUNDESLIGA,2022-23,openfootball
BUNDESLIGA,05/11/2022,TSG 1899 Hoffenheim,RB Leipzig,1,3,A,BUNDESLIGA,2022-23,openfootball
BUNDESLIGA,06/11/2022,Bayer 04 Leverkusen,1. FC Union Berlin,5,0,H,BUNDESLIGA,2022-23,openfootball
BUNDESLIGA,06/11/2022,SC Freiburg,1. FC Köln,2,0,H,BUNDESLIGA,2022-23,openfootball
BUNDESLIGA,08/11/2022,FC Bayern München,SV Werder Bremen,6,1,H,BUNDESLIGA,2022-23,openfootball
BUNDESLIGA,08/11/2022,VfB Stuttgart,Hertha BSC,2,1,H,BUNDESLIGA,2022-23,openfootball
BUNDESLIGA,08/11/2022,VfL Bochum 1848,Borussia Mönchengladbach,2,1,H,BUNDESLIGA,2022-23,openfootball
BUNDESLIGA,08/11/2022,VfL Wolfsburg,Borussia Dortmund,2,0,H,BUNDESLIGA,2022-23,openfootball
BUNDESLIGA,09/11/2022,1. FC Köln,Bayer 04 Leverkusen,1,2,A,BUNDESLIGA,2022-23,openfootball
BUNDESLIGA,09/11/2022,1. FC Union Berlin,FC Augsburg,2,2,D,BUNDESLIGA,2022-23,openfootball
BUNDESLIGA,09/11/2022,Eintracht Frankfurt,TSG 1899 Hoffenheim,4,2,H,BUNDESLIGA,2022-23,openfootball
BUNDESLIGA,09/11/2022,FC Schalke 04,1. FSV Mainz 05,1,0,H,BUNDESLIGA,2022-23,openfootball
BUNDESLIGA,09/11/2022,RB Leipzig,SC Freiburg,3,1,H,BUNDESLIGA,2022-23,openfootball
BUNDESLIGA,11/11/2022,Borussia Mönchengladbach,Borussia Dortmund,4,2,H,BUNDESLIGA,2022-23,openfootball
BUNDESLIGA,12/11/2022,Bayer 04 Leverkusen,VfB Stuttgart,2,0,H,BUNDESLIGA,2022-23,openfootball
BUNDESLIGA,12/11/2022,FC Augsburg,VfL Bochum 1848,0,1,A,BUNDESLIGA,2022-23,openfootball
BUNDESLIGA,12/11/2022,FC Schalke 04,FC Bayern München,0,2,A,BUNDESLIGA,2022-23,openfootball
BUNDESLIGA,12/11/2022,Hertha BSC,1. FC Köln,2,0,H,BUNDESLIGA,2022-23,openfootball
BUNDESLIGA,12/11/2022,SV Werder Bremen,RB Leipzig,1,2,A,BUNDESLIGA,2022-23,openfootball
BUNDESLIGA,12/11/2022,TSG 1899 Hoffenheim,VfL Wolfsburg,1,2,A,BUNDESLIGA,2022-23,openfootball
BUNDESLIGA,13/11/2022,1. FSV Mainz 05,Eintracht Frankfurt,1,1,D,BUNDESLIGA,2022-23,openfootball
BUNDESLIGA,13/11/2022,SC Freiburg,1. FC Union Berlin,4,1,H,BUNDESLIGA,2022-23,openfootball
BUNDESLIGA,20/01/2023,RB Leipzig,FC Bayern München,1,1,D,BUNDESLIGA,2022-23,openfootball
BUNDESLIGA,21/01/2023,1. FC Köln,SV Werder Bremen,7,1,H,BUNDESLIGA,2022-23,openfootball
BUNDESLIGA,21/01/2023,1. FC Union Berlin,TSG 1899 Hoffenheim,3,1,H,BUNDESLIGA,2022-23,openfootball
BUNDESLIGA,21/01/2023,Eintracht Frankfurt,FC Schalke 04,3,0,H,BUNDESLIGA,2022-23,openfootball
BUNDESLIGA,21/01/2023,VfB Stuttgart,1. FSV Mainz 05,1,1,D,BUNDESLIGA,2022-23,openfootball
BUNDESLIGA,21/01/2023,VfL Bochum 1848,Hertha BSC,3,1,H,BUNDESLIGA,2022-23,openfootball
BUNDESLIGA,21/01/2023,VfL Wolfsburg,SC Freiburg,6,0,H,BUNDESLIGA,2022-23,openfootball
BUNDESLIGA,22/01/2023,Borussia Dortmund,FC Augsburg,4,3,H,BUNDESLIGA,2022-23,openfootball
BUNDESLIGA,22/01/2023,Borussia Mönchengladbach,Bayer 04 Leverkusen,2,3,A,BUNDESLIGA,2022-23,openfootball
BUNDESLIGA,24/01/2023,FC Bayern München,1. FC Köln,1,1,D,BUNDESLIGA,2022-23,openfootball
BUNDESLIGA,24/01/2023,FC Schalke 04,RB Leipzig,1,6,A,BUNDESLIGA,2022-23,openfootball
BUNDESLIGA,24/01/2023,Hertha BSC,VfL Wolfsburg,0,5,A,BUNDESLIGA,2022-23,openfootball
BUNDESLIGA,24/01/2023,TSG 1899 Hoffenheim,VfB Stuttgart,2,2,D,BUNDESLIGA,2022-23,openfootball
BUNDESLIGA,25/01/2023,1. FSV Mainz 05,Borussia Dortmund,1,2,A,BUNDESLIGA,2022-23,openfootball
BUNDESLIGA,25/01/2023,Bayer 04 Leverkusen,VfL Bochum 1848,2,0,H,BUNDESLIGA,2022-23,openfootball
BUNDESLIGA,25/01/2023,FC Augsburg,Borussia Mönchengladbach,1,0,H,BUNDESLIGA,2022-23,openfootball
BUNDESLIGA,25/01/2023,SC Freiburg,Eintracht Frankfurt,1,1,D,BUNDESLIGA,2022-23,openfootball
BUNDESLIGA,25/01/2023,SV Werder Bremen,1. FC Union Berlin,1,2,A,BUNDESLIGA,2022-23,openfootball
BUNDESLIGA,27/01/2023,RB Leipzig,VfB Stuttgart,2,1,H,BUNDESLIGA,2022-23,openfootball
BUNDESLIGA,28/01/2023,1. FSV Mainz 05,VfL Bochum 1848,5,2,H,BUNDESLIGA,2022-23,openfootball
BUNDESLIGA,28/01/2023,FC Bayern München,Eintracht Frankfurt,1,1,D,BUNDESLIGA,2022-23,openfootball
BUNDESLIGA,28/01/2023,Hertha BSC,1. FC Union Berlin,0,2,A,BUNDESLIGA,2022-23,openfootball
BUNDESLIGA,28/01/2023,SC Freiburg,FC Augsburg,3,1,H,BUNDESLIGA,2022-23,openfootball
BUNDESLIGA,28/01/2023,SV Werder Bremen,VfL Wolfsburg,2,1,H,BUNDESLIGA,2022-23,openfootball
BUNDESLIGA,28/01/2023,TSG 1899 Hoffenheim,Borussia Mönchengladbach,1,4,A,BUNDESLIGA,2022-23,openfootball
BUNDESLIGA,29/01/2023,Bayer 04 Leverkusen,Borussia Dortmund,0,2,A,BUNDESLIGA,2022-23,openfootball
BUNDESLIGA,29/01/2023,FC Schalke 04,1. FC Köln,0,0,D,BUNDESLIGA,2022-23,openfootball
BUNDESLIGA,03/02/2023,FC Augsburg,Bayer 04 Leverkusen,1,0,H,BUNDESLIGA,2022-23,openfootball
BUNDESLIGA,04/02/2023,1. FC Köln,RB Leipzig,0,0,D,BUNDESLIGA,2022-23,openfootball
BUNDESLIGA,04/02/2023,1. FC Union Berlin,1. FSV Mainz 05,2,1,H,BUNDESLIGA,2022-23,openfootball
BUNDESLIGA,04/02/2023,Borussia Dortmund,SC Freiburg,5,1,H,BUNDESLIGA,2022-23,openfootball
BUNDESLIGA,04/02/2023,Borussia Mönchengladbach,FC Schalke 04,0,0,D,BUNDESLIGA,2022-23,openfootball
BUNDESLIGA,04/02/2023,Eintracht Frankfurt,Hertha BSC,3,0,H,BUNDESLIGA,2022-23,openfootball
BUNDESLIGA,04/02/2023,VfL Bochum 1848,TSG 1899 Hoffenheim,5,2,H,BUNDESLIGA,2022-23,openfootball
BUNDESLIGA,05/02/2023,VfB Stuttgart,SV Werder Bremen,0,2,A,BUNDESLIGA,2022-23,openfootball
BUNDESLIGA,05/02/2023,VfL Wolfsburg,FC Bayern München,2,4,A,BUNDESLIGA,2022-23,openfootball
BUNDESLIGA,10/02/2023,FC Schalke 04,VfL Wolfsburg,0,0,D,BUNDESLIGA,2022-23,openfootball
BUNDESLIGA,11/02/2023,1. FSV Mainz 05,FC Augsburg,3,1,H,BUNDESLIGA,2022-23,openfootball
BUNDESLIGA,11/02/2023,FC Bayern München,VfL Bochum 1848,3,0,H,BUNDESLIGA,2022-23,openfootball
BUNDESLIGA,11/02/2023,RB Leipzig,1. FC Union Berlin,1,2,A,BUNDESLIGA,2022-23,openfootball
BUNDESLIGA,11/02/2023,SC Freiburg,VfB Stuttgart,2,1,H,BUNDESLIGA,2022-23,openfootball
BUNDESLIGA,11/02/2023,SV Werder Bremen,Borussia Dortmund,0,2,A,BUNDESLIGA,2022-23,openfootball
BUNDESLIGA,11/02/2023,TSG 1899 Hoffenheim,Bayer 04 Leverkusen,1,3,A,BUNDESLIGA,2022-23,openfootball
BUNDESLIGA,12/02/2023,1. FC Köln,Eintracht Frankfurt,3,0,H,BUNDESLIGA,2022-23,openfootball
BUNDESLIGA,12/02/2023,Hertha BSC,Borussia Mönchengladbach,4,1,H,BUNDESLIGA,2022-23,openfootball
BUNDESLIGA,17/02/2023,FC Augsburg,TSG 1899 Hoffenheim,1,0,H,BUNDESLIGA,2022-23,openfootball
BUNDESLIGA,18/02/2023,Borussia Mönchengladbach,FC Bayern München,3,2,H,BUNDESLIGA,2022-23,openfootball
BUNDESLIGA,18/02/2023,Eintracht Frankfurt,SV Werder Bremen,2,0,H,BUNDESLIGA,2022-23,openfootball
BUNDESLIGA,18/02/2023,VfB Stuttgart,1. FC Köln,3,0,H,BUNDESLIGA,2022-23,openfootball
BUNDESLIGA,18/02/2023,VfL Bochum 1848,SC Freiburg,0,2,A,BUNDESLIGA,2022-23,openfootball
BUNDESLIGA,18/02/2023,VfL Wolfsburg,RB Leipzig,0,3,A,BUNDESLIGA,2022-23,openfootball
BUNDESLIGA,19/02/2023,1. FC Union Berlin,FC Schalke 04,0,0,D,BUNDESLIGA,2022-23,openfootball
BUNDESLIGA,19/02/2023,Bayer 04 Leverkusen,1. FSV Mainz 05,2,3,A,BUNDESLIGA,2022-23,openfootball
BUNDESLIGA,19/02/2023,Borussia Dortmund,Hertha BSC,4,1,H,BUNDESLIGA,2022-23,openfootball
BUNDESLIGA,24/02/2023,1. FSV Mainz 05,Borussia Mönchengladbach,4,0,H,BUNDESLIGA,2022-23,openfootball
BUNDESLIGA,25/02/2023,1. FC Köln,VfL Wolfsburg,0,2,A,BUNDESLIGA,2022-23,openfootball
BUNDESLIGA,25/02/2023,FC Schalke 04,VfB Stuttgart,2,1,H,BUNDESLIGA,2022-23,openfootball
BUNDESLIGA,25/02/2023,Hertha BSC,FC Augsburg,2,0,H,BUNDESLIGA,2022-23,openfootball
BUNDESLIGA,25/02/2023,RB Leipzig,Eintracht Frankfurt,2,1,H,BUNDESLIGA,2022-23,openfootball
BUNDESLIGA,25/02/2023,SV Werder Bremen,VfL Bochum 1848,3,0,H,BUNDESLIGA,2022-23,openfootball
BUNDESLIGA,25/02/2023,TSG 1899 Hoffenheim,Borussia Dortmund,0,1,A,BUNDESLIGA,2022-23,openfootball
BUNDESLIGA,26/02/2023,FC Bayern München,1. FC Union Berlin,3,0,H,BUNDESLIGA,2022-23,openfootball
BUNDESLIGA,26/02/2023,SC Freiburg,Bayer 04 Leverkusen,1,1,D,BUNDESLIGA,2022-23,openfootball
BUNDESLIGA,03/03/2023,Borussia Dortmund,RB Leipzig,2,1,H,BUNDESLIGA,2022-23,openfootball
BUNDESLIGA,04/03/2023,1. FC Union Berlin,1. FC Köln,0,0,D,BUNDESLIGA,2022-23,openfootball
BUNDESLIGA,04/03/2023,1. FSV Mainz 05,TSG 1899 Hoffenheim,1,0,H,BUNDESLIGA,2022-23,openfootball
BUNDESLIGA,04/03/2023,Borussia Mönchengladbach,SC Freiburg,0,0,D,BUNDESLIGA,2022-23,openfootball
BUNDESLIGA,04/03/2023,FC Augsburg,SV Werder Bremen,2,1,H,BUNDESLIGA,2022-23,openfootball
BUNDESLIGA,04/03/2023,VfB Stuttgart,FC Bayern München,1,2,A,BUNDESLIGA,2022-23,openfootball
BUNDESLIGA,04/03/2023,VfL Bochum 1848,FC Schalke 04,0,2,A,BUNDESLIGA,2022-23,openfootball
BUNDESLIGA,05/03/2023,Bayer 04 Leverkusen,Hertha BSC,4,1,H,BUNDESLIGA,2022-23,openfootball
BUNDESLIGA,05/03/2023,VfL Wolfsburg,Eintracht Frankfurt,2,2,D,BUNDESLIGA,2022-23,openfootball
BUNDESLIGA,10/03/2023,1. FC Köln,VfL Bochum 1848,0,2,A,BUNDESLIGA,2022-23,openfootball
BUNDESLIGA,11/03/2023,Eintracht Frankfurt,VfB Stuttgart,1,1,D,BUNDESLIGA,2022-23,openfootball
BUNDESLIGA,11/03/2023,FC Bayern München,FC Augsburg,5,3,H,BUNDESLIGA,2022-23,openfootball
BUNDESLIGA,11/03/2023,FC Schalke 04,Borussia Dortmund,2,2,D,BUNDESLIGA,2022-23,openfootball
BUNDESLIGA,11/03/2023,Hertha BSC,1. FSV Mainz 05,1,1,D,BUNDESLIGA,2022-23,openfootball
BUNDESLIGA,11/03/2023,RB Leipzig,Borussia Mönchengladbach,3,0,H,BUNDESLIGA,2022-23,openfootball
BUNDESLIGA,12/03/2023,SC Freiburg,TSG 1899 Hoffenheim,2,1,H,BUNDESLIGA,2022-23,openfootball
BUNDESLIGA,12/03/2023,SV Werder Bremen,Bayer 04 Leverkusen,2,3,A,BUNDESLIGA,2022-23,openfootball
BUNDESLIGA,12/03/2023,VfL Wolfsburg,1. FC Union Berlin,1,1,D,BUNDESLIGA,2022-23,openfootball
BUNDESLIGA,17/03/2023,Borussia Mönchengladbach,SV Werder Bremen,2,2,D,BUNDESLIGA,2022-23,openfootball
BUNDESLIGA,18/03/2023,Borussia Dortmund,1. FC Köln,6,1,H,BUNDESLIGA,2022-23,openfootball
BUNDESLIGA,18/03/2023,FC Augsburg,FC Schalke 04,1,1,D,BUNDESLIGA,2022-23,openfootball
BUNDESLIGA,18/03/2023,TSG 1899 Hoffenheim,Hertha BSC,3,1,H,BUNDESLIGA,2022-23,openfootball
BUNDESLIGA,18/03/2023,VfB Stuttgart,VfL Wolfsburg,0,1,A,BUNDESLIGA,2022-23,openfootball
BUNDESLIGA,18/03/2023,VfL Bochum 1848,RB Leipzig,1,0,H,BUNDESLIGA,2022-23,openfootball
BUNDESLIGA,19/03/2023,1. FC Union Berlin,Eintracht Frankfurt,2,0,H,BUNDESLIGA,2022-23,openfootball
BUNDESLIGA,19/03/2023,1. FSV Mainz 05,SC Freiburg,1,1,D,BUNDESLIGA,2022-23,openfootball
BUNDESLIGA,19/03/2023,Bayer 04 Leverkusen,FC Bayern München,2,1,H,BUNDESLIGA,2022-23,openfootball
BUNDESLIGA,31/03/2023,Eintracht Frankfurt,VfL Bochum 1848,1,1,D,BUNDESLIGA,2022-23,openfootball
BUNDESLIGA,01/04/2023,1. FC Union Berlin,VfB Stuttgart,3,0,H,BUNDESLIGA,2022-23,openfootball
BUNDESLIGA,01/04/2023,FC Bayern München,Borussia Dortmund,4,2,H,BUNDESLIGA,2022-23,openfootball
BUNDESLIGA,01/04/2023,FC Schalke 04,Bayer 04 Leverkusen,0,3,A,BUNDESLIGA,2022-23,openfootball
BUNDESLIGA,01/04/2023,RB Leipzig,1. FSV Mainz 05,0,3,A,BUNDESLIGA,2022-23,openfootball
BUNDESLIGA,01/04/2023,SC Freiburg,Hertha BSC,1,1,D,BUNDESLIGA,2022-23,openfootball
BUNDESLIGA,01/04/2023,VfL Wolfsburg,FC Augsburg,2,2,D,BUNDESLIGA,2022-23,openfootball
BUNDESLIGA,02/04/2023,1. FC Köln,Borussia Mönchengladbach,0,0,D,BUNDESLIGA,2022-23,openfootball
BUNDESLIGA,02/04/2023,SV Werder Bremen,TSG 1899 Hoffenheim,1,2,A,BUNDESLIGA,2022-23,openfootball
BUNDESLIGA,08/04/2023,1. FSV Mainz 05,SV Werder Bremen,2,2,D,BUNDESLIGA,2022-23,openfootball
BUNDESLIGA,08/04/2023,Bayer 04 Leverkusen,Eintracht Frankfurt,3,1,H,BUNDESLIGA,2022-23,openfootball
BUNDESLIGA,08/04/2023,Borussia Dortmund,1. FC Union Berlin,2,1,H,BUNDESLIGA,2022-23,openfootball
BUNDESLIGA,08/04/2023,FC Augsburg,1. FC Köln,1,3,A,BUNDESLIGA,2022-23,openfootball
BUNDESLIGA,08/04/2023,Hertha BSC,RB Leipzig,0,1,A,BUNDESLIGA,2022-23,openfootball
BUNDESLIGA,08/04/2023,SC Freiburg,FC Bayern München,0,1,A,BUNDESLIGA,2022-23,openfootball
BUNDESLIGA,09/04/2023,Borussia Mönchengladbach,VfL Wolfsburg,2,0,H,BUNDESLIGA,2022-23,openfootball
BUNDESLIGA,09/04/2023,TSG 1899 Hoffenheim,FC Schalke 04,2,0,H,BUNDESLIGA,2022-23,openfootball
BUNDESLIGA,09/04/2023,VfL Bochum 1848,VfB Stuttgart,2,3,A,BUNDESLIGA,2022-23,openfootball
BUNDESLIGA,14/04/2023,FC Schalke 04,Hertha BSC,5,2,H,BUNDESLIGA,2022-23,openfootball
BUNDESLIGA,15/04/2023,1. FC Köln,1. FSV Mainz 05,1,1,D,BUNDESLIGA,2022-23,openfootball
BUNDESLIGA,15/04/2023,Eintracht Frankfurt,Borussia Mönchengladbach,1,1,D,BUNDESLIGA,2022-23,openfootball
BUNDESLIGA,15/04/2023,FC Bayern München,TSG 1899 Hoffenheim,1,1,D,BUNDESLIGA,2022-23,openfootball
BUNDESLIGA,15/04/2023,RB Leipzig,FC Augsburg,3,2,H,BUNDESLIGA,2022-23,openfootball
BUNDESLIGA,15/04/2023,VfB Stuttgart,Borussia Dortmund,3,3,D,BUNDESLIGA,2022-23,openfootball
BUNDESLIGA,16/04/2023,1. FC Union Berlin,VfL Bochum 1848,1,1,D,BUNDESLIGA,2022-23,openfootball
BUNDESLIGA,16/04/2023,SV Werder Bremen,SC Freiburg,1,2,A,BUNDESLIGA,2022-23,openfootball
BUNDESLIGA,16/04/2023,VfL Wolfsburg,Bayer 04 Leverkusen,0,0,D,BUNDESLIGA,2022-23,openfootball
BUNDESLIGA,21/04/2023,FC Augsburg,VfB Stuttgart,1,1,D,BUNDESLIGA,2022-23,openfootball
BUNDESLIGA,22/04/2023,1. FSV Mainz 05,FC Bayern München,3,1,H,BUNDESLIGA,2022-23,openfootball
BUNDESLIGA,22/04/2023,Borussia Dortmund,Eintracht Frankfurt,4,0,H,BUNDESLIGA,2022-23,openfootball
BUNDESLIGA,22/04/2023,Hertha BSC,SV Werder Bremen,2,4,A,BUNDESLIGA,2022-23,openfootball
BUNDESLIGA,22/04/2023,TSG 1899 Hoffenheim,1. FC Köln,1,3,A,BUNDESLIGA,2022-23,openfootball
BUNDESLIGA,22/04/2023,VfL Bochum 1848,VfL Wolfsburg,1,5,A,BUNDESLIGA,2022-23,openfootball
BUNDESLIGA,23/04/2023,Bayer 04 Leverkusen,RB Leipzig,2,0,H,BUNDESLIGA,2022-23,openfootball
BUNDESLIGA,23/04/2023,Borussia Mönchengladbach,1. FC Union Berlin,0,1,A,BUNDESLIGA,2022-23,openfootball
BUNDESLIGA,23/04/2023,SC Freiburg,FC Schalke 04,4,0,H,BUNDESLIGA,2022-23,openfootball
BUNDESLIGA,28/04/2023,VfL Bochum 1848,Borussia Dortmund,1,1,D,BUNDESLIGA,2022-23,openfootball
BUNDESLIGA,29/04/2023,1. FC Köln,SC Freiburg,0,1,A,BUNDESLIGA,2022-23,openfootball
BUNDESLIGA,29/04/2023,1. FC Union Berlin,Bayer 04 Leverkusen,0,0,D,BUNDESLIGA,2022-23,openfootball
BUNDESLIGA,29/04/2023,Eintracht Frankfurt,FC Augsburg,1,1,D,BUNDESLIGA,2022-23,openfootball
BUNDESLIGA,29/04/2023,FC Schalke 04,SV Werder Bremen,2,1,H,BUNDESLIGA,2022-23,openfootball
BUNDESLIGA,29/04/2023,RB Leipzig,TSG 1899 Hoffenheim,1,0,H,BUNDESLIGA,2022-23,openfootball
BUNDESLIGA,29/04/2023,VfB Stuttgart,Borussia Mönchengladbach,2,1,H,BUNDESLIGA,2022-23,openfootball
BUNDESLIGA,30/04/2023,FC Bayern München,Hertha BSC,2,0,H,BUNDESLIGA,2022-23,openfootball
BUNDESLIGA,30/04/2023,VfL Wolfsburg,1. FSV Mainz 05,3,0,H,BUNDESLIGA,2022-23,openfootball
BUNDESLIGA,05/05/2023,1. FSV Mainz 05,FC Schalke 04,2,3,A,BUNDESLIGA,2022-23,openfootball
BUNDESLIGA,05/05/2023,Bayer 04 Leverkusen,1. FC Köln,1,2,A,BUNDESLIGA,2022-23,openfootball
BUNDESLIGA,06/05/2023,Borussia Mönchengladbach,VfL Bochum 1848,2,0,H,BUNDESLIGA,2022-23,openfootball
BUNDESLIGA,06/05/2023,FC Augsburg,1. FC Union Berlin,1,0,H,BUNDESLIGA,2022-23,openfootball
BUNDESLIGA,06/05/2023,Hertha BSC,VfB Stuttgart,2,1,H,BUNDESLIGA,2022-23,openfootball
BUNDESLIGA,06/05/2023,SC Freiburg,RB Leipzig,0,1,A,BUNDESLIGA,2022-23,openfootball
BUNDESLIGA,06/05/2023,SV Werder Bremen,FC Bayern München,1,2,A,BUNDESLIGA,2022-23,openfootball
BUNDESLIGA,06/05/2023,TSG 1899 Hoffenheim,Eintracht Frankfurt,3,1,H,BUNDESLIGA,2022-23,openfootball
BUNDESLIGA,07/05/2023,Borussia Dortmund,VfL Wolfsburg,6,0,H,BUNDESLIGA,2022-23,openfootball
BUNDESLIGA,12/05/2023,1. FC Köln,Hertha BSC,5,2,H,BUNDESLIGA,2022-23,openfootball
BUNDESLIGA,13/05/2023,1. FC Union Berlin,SC Freiburg,4,2,H,BUNDESLIGA,2022-23,openfootball
BUNDESLIGA,13/05/2023,Borussia Dortmund,Borussia Mönchengladbach,5,2,H,BUNDESLIGA,2022-23,openfootball
BUNDESLIGA,13/05/2023,Eintracht Frankfurt,1. FSV Mainz 05,3,0,H,BUNDESLIGA,2022-23,openfootball
BUNDESLIGA,13/05/2023,FC Bayern München,FC Schalke 04,6,0,H,BUNDESLIGA,2022-23,openfootball
BUNDESLIGA,13/05/2023,VfL Bochum 1848,FC Augsburg,3,2,H,BUNDESLIGA,2022-23,openfootball
BUNDESLIGA,13/05/2023,VfL Wolfsburg,TSG 1899 Hoffenheim,2,1,H,BUNDESLIGA,2022-23,openfootball
BUNDESLIGA,14/05/2023,RB Leipzig,SV Werder Bremen,2,1,H,BUNDESLIGA,2022-23,openfootball
BUNDESLIGA,14/05/2023,VfB Stuttgart,Bayer 04 Leverkusen,1,1,D,BUNDESLIGA,2022-23,openfootball
BUNDESLIGA,19/05/2023,SC Freiburg,VfL Wolfsburg,2,0,H,BUNDESLIGA,2022-23,openfootball
BUNDESLIGA,20/05/2023,FC Bayern München,RB Leipzig,1,3,A,BUNDESLIGA,2022-23,openfootball
BUNDESLIGA,20/05/2023,FC Schalke 04,Eintracht Frankfurt,2,2,D,BUNDESLIGA,2022-23,openfootball
BUNDESLIGA,20/05/2023,Hertha BSC,VfL Bochum 1848,1,1,D,BUNDESLIGA,2022-23,openfootball
BUNDESLIGA,20/05/2023,SV Werder Bremen,1. FC Köln,1,1,D,BUNDESLIGA,2022-23,openfootball
BUNDESLIGA,20/05/2023,TSG 1899 Hoffenheim,1. FC Union Berlin,4,2,H,BUNDESLIGA,2022-23,openfootball
BUNDESLIGA,21/05/2023,1. FSV Mainz 05,VfB Stuttgart,1,4,A,BUNDESLIGA,2022-23,openfootball
BUNDESLIGA,21/05/2023,Bayer 04 Leverkusen,Borussia Mönchengladbach,2,2,D,BUNDESLIGA,2022-23,openfootball
BUNDESLIGA,21/05/2023,FC Augsburg,Borussia Dortmund,0,3,A,BUNDESLIGA,2022-23,openfootball
BUNDESLIGA,27/05/2023,1. FC Köln,FC Bayern München,1,2,A,BUNDESLIGA,2022-23,openfootball
BUNDESLIGA,27/05/2023,1. FC Union Berlin,SV Werder Bremen,1,0,H,BUNDESLIGA,2022-23,openfootball
BUNDESLIGA,27/05/2023,Borussia Dortmund,1. FSV Mainz 05,2,2,D,BUNDESLIGA,2022-23,openfootball
BUNDESLIGA,27/05/2023,Borussia Mönchengladbach,FC Augsburg,2,0,H,BUNDESLIGA,2022-23,openfootball
BUNDESLIGA,27/05/2023,Eintracht Frankfurt,SC Freiburg,2,1,H,BUNDESLIGA,2022-23,openfootball
BUNDESLIGA,27/05/2023,RB Leipzig,FC Schalke 04,4,2,H,BUNDESLIGA,2022-23,openfootball
BUNDESLIGA,27/05/2023,VfB Stuttgart,TSG 1899 Hoffenheim,1,1,D,BUNDESLIGA,2022-23,openfootball
BUNDESLIGA,27/05/2023,VfL Bochum 1848,Bayer 04 Leverkusen,3,0,H,BUNDESLIGA,2022-23,openfootball
BUNDESLIGA,27/05/2023,VfL Wolfsburg,Hertha BSC,1,2,A,BUNDESLIGA,2022-23,openfootball
BUNDESLIGA,18/08/2023,SV Werder Bremen,FC Bayern München,0,4,A,BUNDESLIGA,2023-24,openfootball
BUNDESLIGA,19/08/2023,Bayer 04 Leverkusen,RB Leipzig,3,2,H,BUNDESLIGA,2023-24,openfootball
BUNDESLIGA,19/08/2023,Borussia Dortmund,1. FC Köln,1,0,H,BUNDESLIGA,2023-24,openfootball
BUNDESLIGA,19/08/2023,FC Augsburg,Borussia Mönchengladbach,4,4,D,BUNDESLIGA,2023-24,openfootball
BUNDESLIGA,19/08/2023,TSG 1899 Hoffenheim,SC Freiburg,1,2,A,BUNDESLIGA,2023-24,openfootball
BUNDESLIGA,19/08/2023,VfB Stuttgart,VfL Bochum 1848,5,0,H,BUNDESLIGA,2023-24,openfootball
BUNDESLIGA,19/08/2023,VfL Wolfsburg,1. FC Heidenheim 1846,2,0,H,BUNDESLIGA,2023-24,openfootball
BUNDESLIGA,20/08/2023,1. FC Union Berlin,1. FSV Mainz 05,4,1,H,BUNDESLIGA,2023-24,openfootball
BUNDESLIGA,20/08/2023,Eintracht Frankfurt,SV Darmstadt 98,1,0,H,BUNDESLIGA,2023-24,openfootball
BUNDESLIGA,25/08/2023,RB Leipzig,VfB Stuttgart,5,1,H,BUNDESLIGA,2023-24,openfootball
BUNDESLIGA,26/08/2023,1. FC Heidenheim 1846,TSG 1899 Hoffenheim,2,3,A,BUNDESLIGA,2023-24,openfootball
BUNDESLIGA,26/08/2023,1. FC Köln,VfL Wolfsburg,1,2,A,BUNDESLIGA,2023-24,openfootball
BUNDESLIGA,26/08/2023,Borussia Mönchengladbach,Bayer 04 Leverkusen,0,3,A,BUNDESLIGA,2023-24,openfootball
BUNDESLIGA,26/08/2023,SC Freiburg,SV Werder Bremen,1,0,H,BUNDESLIGA,2023-24,openfootball
BUNDESLIGA,26/08/2023,SV Darmstadt 98,1. FC Union Berlin,1,4,A,BUNDESLIGA,2023-24,openfootball
BUNDESLIGA,26/08/2023,VfL Bochum 1848,Borussia Dortmund,1,1,D,BUNDESLIGA,2023-24,openfootball
BUNDESLIGA,27/08/2023,1. FSV Mainz 05,Eintracht Frankfurt,1,1,D,BUNDESLIGA,2023-24,openfootball
BUNDESLIGA,27/08/2023,FC Bayern München,FC Augsburg,3,1,H,BUNDESLIGA,2023-24,openfootball
BUNDESLIGA,01/09/2023,Borussia Dortmund,1. FC Heidenheim 1846,2,2,D,BUNDESLIGA,2023-24,openfootball
BUNDESLIGA,02/09/2023,Bayer 04 Leverkusen,SV Darmstadt 98,5,1,H,BUNDESLIGA,2023-24,openfootball
BUNDESLIGA,02/09/2023,Borussia Mönchengladbach,FC Bayern München,1,2,A,BUNDESLIGA,2023-24,openfootball
BUNDESLIGA,02/09/2023,FC Augsburg,VfL Bochum 1848,2,2,D,BUNDESLIGA,2023-24,openfootball
BUNDESLIGA,02/09/2023,SV Werder Bremen,1. FSV Mainz 05,4,0,H,BUNDESLIGA,2023-24,openfootball
BUNDESLIGA,02/09/2023,TSG 1899 Hoffenheim,VfL Wolfsburg,3,1,H,BUNDESLIGA,2023-24,openfootball
BUNDESLIGA,02/09/2023,VfB Stuttgart,SC Freiburg,5,0,H,BUNDESLIGA,2023-24,openfootball
BUNDESLIGA,03/09/2023,1. FC Union Berlin,RB Leipzig,0,3,A,BUNDESLIGA,2023-24,openfootball
BUNDESLIGA,03/09/2023,Eintracht Frankfurt,1. FC Köln,1,1,D,BUNDESLIGA,2023-24,openfootball
BUNDESLIGA,15/09/2023,FC Bayern München,Bayer 04 Leverkusen,2,2,D,BUNDESLIGA,2023-24,openfootball
BUNDESLIGA,16/09/2023,1. FC Köln,TSG 1899 Hoffenheim,1,3,A,BUNDESLIGA,2023-24,openfootball
BUNDESLIGA,16/09/2023,1. FSV Mainz 05,VfB Stuttgart,1,3,A,BUNDESLIGA,2023-24,openfootball
BUNDESLIGA,16/09/2023,RB Leipzig,FC Augsburg,3,0,H,BUNDESLIGA,2023-24,openfootball
BUNDESLIGA,16/09/2023,SC Freiburg,Borussia Dortmund,2,4,A,BUNDESLIGA,2023-24,openfootball
BUNDESLIGA,16/09/2023,VfL Bochum 1848,Eintracht Frankfurt,1,1,D,BUNDESLIGA,2023-24,openfootball
BUNDESLIGA,16/09/2023,VfL Wolfsburg,1. FC Union Berlin,2,1,H,BUNDESLIGA,2023-24,openfootball
BUNDESLIGA,17/09/2023,1. FC Heidenheim 1846,SV Werder Bremen,4,2,H,BUNDESLIGA,2023-24,openfootball
BUNDESLIGA,17/09/2023,SV Darmstadt 98,Borussia Mönchengladbach,3,3,D,BUNDESLIGA,2023-24,openfootball
BUNDESLIGA,22/09/2023,VfB Stuttgart,SV Darmstadt 98,3,1,H,BUNDESLIGA,2023-24,openfootball
BUNDESLIGA,23/09/2023,1. FC Union Berlin,TSG 1899 Hoffenheim,0,2,A,BUNDESLIGA,2023-24,openfootball
BUNDESLIGA,23/09/2023,Borussia Dortmund,VfL Wolfsburg,1,0,H,BUNDESLIGA,2023-24,openfootball
BUNDESLIGA,23/09/2023,Borussia Mönchengladbach,RB Leipzig,0,1,A,BUNDESLIGA,2023-24,openfootball
BUNDESLIGA,23/09/2023,FC Augsburg,1. FSV Mainz 05,2,1,H,BUNDESLIGA,2023-24,openfootball
BUNDESLIGA,23/09/2023,FC Bayern München,VfL Bochum 1848,7,0,H,BUNDESLIGA,2023-24,openfootball
BUNDESLIGA,23/09/2023,SV Werder Bremen,1. FC Köln,2,1,H,BUNDESLIGA,2023-24,openfootball
BUNDESLIGA,24/09/2023,Bayer 04 Leverkusen,1. FC Heidenheim 1846,4,1,H,BUNDESLIGA,2023-24,openfootball
BUNDESLIGA,24/09/2023,Eintracht Frankfurt,SC Freiburg,0,0,D,BUNDESLIGA,2023-24,openfootball
BUNDESLIGA,29/09/2023,TSG 1899 Hoffenheim,Borussia Dortmund,1,3,A,BUNDESLIGA,2023-24,openfootball
BUNDESLIGA,30/09/2023,1. FC Heidenheim 1846,1. FC Union Berlin,1,0,H,BUNDESLIGA,2023-24,openfootball
BUNDESLIGA,30/09/2023,1. FC Köln,VfB Stuttgart,0,2,A,BUNDESLIGA,2023-24,openfootball
BUNDESLIGA,30/09/2023,1. FSV Mainz 05,Bayer 04 Leverkusen,0,3,A,BUNDESLIGA,2023-24,openfootball
BUNDESLIGA,30/09/2023,RB Leipzig,FC Bayern München,2,2,D,BUNDESLIGA,2023-24,openfootball
BUNDESLIGA,30/09/2023,VfL Bochum 1848,Borussia Mönchengladbach,1,3,A,BUNDESLIGA,2023-24,openfootball
BUNDESLIGA,30/09/2023,VfL Wolfsburg,Eintracht Frankfurt,2,0,H,BUNDESLIGA,2023-24,openfootball
BUNDESLIGA,01/10/2023,SC Freiburg,FC Augsburg,2,0,H,BUNDESLIGA,2023-24,openfootball
BUNDESLIGA,01/10/2023,SV Darmstadt 98,SV Werder Bremen,4,2,H,BUNDESLIGA,2023-24,openfootball
BUNDESLIGA,06/10/2023,Borussia Mönchengladbach,1. FSV Mainz 05,2,2,D,BUNDESLIGA,2023-24,openfootball
BUNDESLIGA,07/10/2023,Borussia Dortmund,1. FC Union Berlin,4,2,H,BUNDESLIGA,2023-24,openfootball
BUNDESLIGA,07/10/2023,FC Augsburg,SV Darmstadt 98,1,2,A,BUNDESLIGA,2023-24,openfootball
BUNDESLIGA,07/10/2023,RB Leipzig,VfL Bochum 1848,0,0,D,BUNDESLIGA,2023-24,openfootball
BUNDESLIGA,07/10/2023,SV Werder Bremen,TSG 1899 Hoffenheim,2,3,A,BUNDESLIGA,2023-24,openfootball
BUNDESLIGA,07/10/2023,VfB Stuttgart,VfL Wolfsburg,3,1,H,BUNDESLIGA,2023-24,openfootball
BUNDESLIGA,08/10/2023,Bayer 04 Leverkusen,1. FC Köln,3,0,H,BUNDESLIGA,2023-24,openfootball
BUNDESLIGA,08/10/2023,Eintracht Frankfurt,1. FC Heidenheim 1846,2,0,H,BUNDESLIGA,2023-24,openfootball
BUNDESLIGA,08/10/2023,FC Bayern München,SC Freiburg,3,0,H,BUNDESLIGA,2023-24,openfootball
BUNDESLIGA,20/10/2023,Borussia Dortmund,SV Werder Bremen,1,0,H,BUNDESLIGA,2023-24,openfootball
BUNDESLIGA,21/10/2023,1. FC Union Berlin,VfB Stuttgart,0,3,A,BUNDESLIGA,2023-24,openfootball
BUNDESLIGA,21/10/2023,1. FSV Mainz 05,FC Bayern München,1,3,A,BUNDESLIGA,2023-24,openfootball
BUNDESLIGA,21/10/2023,SC Freiburg,VfL Bochum 1848,2,1,H,BUNDESLIGA,2023-24,openfootball
BUNDESLIGA,21/10/2023,SV Darmstadt 98,RB Leipzig,1,3,A,BUNDESLIGA,2023-24,openfootball
BUNDESLIGA,21/10/2023,TSG 1899 Hoffenheim,Eintracht Frankfurt,1,3,A,BUNDESLIGA,2023-24,openfootball
BUNDESLIGA,21/10/2023,VfL Wolfsburg,Bayer 04 Leverkusen,1,2,A,BUNDESLIGA,2023-24,openfootball
BUNDESLIGA,22/10/2023,1. FC Heidenheim 1846,FC Augsburg,2,5,A,BUNDESLIGA,2023-24,openfootball
BUNDESLIGA,22/10/2023,1. FC Köln,Borussia Mönchengladbach,3,1,H,BUNDESLIGA,2023-24,openfootball
BUNDESLIGA,27/10/2023,VfL Bochum 1848,1. FSV Mainz 05,2,2,D,BUNDESLIGA,2023-24,openfootball
BUNDESLIGA,28/10/2023,Borussia Mönchengladbach,1. FC Heidenheim 1846,2,1,H,BUNDESLIGA,2023-24,openfootball
BUNDESLIGA,28/10/2023,FC Augsburg,VfL Wolfsburg,3,2,H,BUNDESLIGA,2023-24,openfootball
BUNDESLIGA,28/10/2023,FC Bayern München,SV Darmstadt 98,8,0,H,BUNDESLIGA,2023-24,openfootball
BUNDESLIGA,28/10/2023,RB Leipzig,1. FC Köln,6,0,H,BUNDESLIGA,2023-24,openfootball
BUNDESLIGA,28/10/2023,SV Werder Bremen,1. FC Union Berlin,2,0,H,BUNDESLIGA,2023-24,openfootball
BUNDESLIGA,28/10/2023,VfB Stuttgart,TSG 1899 Hoffenheim,2,3,A,BUNDESLIGA,2023-24,openfootball
BUNDESLIGA,29/10/2023,Bayer 04 Leverkusen,SC Freiburg,2,1,H,BUNDESLIGA,2023-24,openfootball
BUNDESLIGA,29/10/2023,Eintracht Frankfurt,Borussia Dortmund,3,3,D,BUNDESLIGA,2023-24,openfootball
BUNDESLIGA,03/11/2023,SV Darmstadt 98,VfL Bochum 1848,1,2,A,BUNDESLIGA,2023-24,openfootball
BUNDESLIGA,04/11/2023,1. FC Köln,FC Augsburg,1,1,D,BUNDESLIGA,2023-24,openfootball
BUNDESLIGA,04/11/2023,1. FC Union Berlin,Eintracht Frankfurt,0,3,A,BUNDESLIGA,2023-24,openfootball
BUNDESLIGA,04/11/2023,1. FSV Mainz 05,RB Leipzig,2,0,H,BUNDESLIGA,2023-24,openfootball
BUNDESLIGA,04/11/2023,Borussia Dortmund,FC Bayern München,0,4,A,BUNDESLIGA,2023-24,openfootball
BUNDESLIGA,04/11/2023,SC Freiburg,Borussia Mönchengladbach,3,3,D,BUNDESLIGA,2023-24,openfootball
BUNDESLIGA,04/11/2023,TSG 1899 Hoffenheim,Bayer 04 Leverkusen,2,3,A,BUNDESLIGA,2023-24,openfootball
BUNDESLIGA,05/11/2023,1. FC Heidenheim 1846,VfB Stuttgart,2,0,H,BUNDESLIGA,2023-24,openfootball
BUNDESLIGA,05/11/2023,VfL Wolfsburg,SV Werder Bremen,2,2,D,BUNDESLIGA,2023-24,openfootball
BUNDESLIGA,10/11/2023,Borussia Mönchengladbach,VfL Wolfsburg,4,0,H,BUNDESLIGA,2023-24,openfootball
BUNDESLIGA,11/11/2023,FC Augsburg,TSG 1899 Hoffenheim,1,1,D,BUNDESLIGA,2023-24,openfootball
BUNDESLIGA,11/11/2023,FC Bayern München,1. FC Heidenheim 1846,4,2,H,BUNDESLIGA,2023-24,openfootball
BUNDESLIGA,11/11/2023,SV Darmstadt 98,1. FSV Mainz 05,0,0,D,BUNDESLIGA,2023-24,openfootball
BUNDESLIGA,11/11/2023,VfB Stuttgart,Borussia Dortmund,2,1,H,BUNDESLIGA,2023-24,openfootball
BUNDESLIGA,11/11/2023,VfL Bochum 1848,1. FC Köln,1,1,D,BUNDESLIGA,2023-24,openfootball
BUNDESLIGA,12/11/2023,Bayer 04 Leverkusen,1. FC Union Berlin,4,0,H,BUNDESLIGA,2023-24,openfootball
BUNDESLIGA,12/11/2023,RB Leipzig,SC Freiburg,3,1,H,BUNDESLIGA,2023-24,openfootball
BUNDESLIGA,12/11/2023,SV Werder Bremen,Eintracht Frankfurt,2,2,D,BUNDESLIGA,2023-24,openfootball
BUNDESLIGA,24/11/2023,1. FC Köln,FC Bayern München,0,1,A,BUNDESLIGA,2023-24,openfootball
BUNDESLIGA,25/11/2023,1. FC Union Berlin,FC Augsburg,1,1,D,BUNDESLIGA,2023-24,openfootball
BUNDESLIGA,25/11/2023,Borussia Dortmund,Borussia Mönchengladbach,4,2,H,BUNDESLIGA,2023-24,openfootball
BUNDESLIGA,25/11/2023,Eintracht Frankfurt,VfB Stuttgart,1,2,A,BUNDESLIGA,2023-24,openfootball
BUNDESLIGA,25/11/2023,SC Freiburg,SV Darmstadt 98,1,1,D,BUNDESLIGA,2023-24,openfootball
BUNDESLIGA,25/11/2023,SV Werder Bremen,Bayer 04 Leverkusen,0,3,A,BUNDESLIGA,2023-24,openfootball
BUNDESLIGA,25/11/2023,VfL Wolfsburg,RB Leipzig,2,1,H,BUNDESLIGA,2023-24,openfootball
BUNDESLIGA,26/11/2023,1. FC Heidenheim 1846,VfL Bochum 1848,0,0,D,BUNDESLIGA,2023-24,openfootball
BUNDESLIGA,26/11/2023,TSG 1899 Hoffenheim,1. FSV Mainz 05,1,1,D,BUNDESLIGA,2023-24,openfootball
BUNDESLIGA,01/12/2023,SV Darmstadt 98,1. FC Köln,0,1,A,BUNDESLIGA,2023-24,openfootball
BUNDESLIGA,02/12/2023,Borussia Mönchengladbach,TSG 1899 Hoffenheim,2,1,H,BUNDESLIGA,2023-24,openfootball
BUNDESLIGA,02/12/2023,RB Leipzig,1. FC Heidenheim 1846,2,1,H,BUNDESLIGA,2023-24,openfootball
BUNDESLIGA,02/12/2023,VfB Stuttgart,SV Werder Bremen,2,0,H,BUNDESLIGA,2023-24,openfootball
BUNDESLIGA,02/12/2023,VfL Bochum 1848,VfL Wolfsburg,3,1,H,BUNDESLIGA,2023-24,openfootball
BUNDESLIGA,03/12/2023,1. FSV Mainz 05,SC Freiburg,0,1,A,BUNDESLIGA,2023-24,openfootball
BUNDESLIGA,03/12/2023,Bayer 04 Leverkusen,Borussia Dortmund,1,1,D,BUNDESLIGA,2023-24,openfootball
BUNDESLIGA,03/12/2023,FC Augsburg,Eintracht Frankfurt,2,1,H,BUNDESLIGA,2023-24,openfootball
BUNDESLIGA,08/12/2023,TSG 1899 Hoffenheim,VfL Bochum 1848,3,1,H,BUNDESLIGA,2023-24,openfootball
BUNDESLIGA,09/12/2023,1. FC Heidenheim 1846,SV Darmstadt 98,3,2,H,BUNDESLIGA,2023-24,openfootball
BUNDESLIGA,09/12/2023,1. FC Union Berlin,Borussia Mönchengladbach,3,1,H,BUNDESLIGA,2023-24,openfootball
BUNDESLIGA,09/12/2023,Borussia Dortmund,RB Leipzig,2,3,A,BUNDESLIGA,2023-24,openfootball
BUNDESLIGA,09/12/2023,Eintracht Frankfurt,FC Bayern München,5,1,H,BUNDESLIGA,2023-24,openfootball
BUNDESLIGA,09/12/2023,SV Werder Bremen,FC Augsburg,2,0,H,BUNDESLIGA,2023-24,openfootball
BUNDESLIGA,09/12/2023,VfL Wolfsburg,SC Freiburg,0,1,A,BUNDESLIGA,2023-24,openfootball
BUNDESLIGA,10/12/2023,1. FC Köln,1. FSV Mainz 05,0,0,D,BUNDESLIGA,2023-24,openfootball
BUNDESLIGA,10/12/2023,VfB Stuttgart,Bayer 04 Leverkusen,1,1,D,BUNDESLIGA,2023-24,openfootball
BUNDESLIGA,15/12/2023,Borussia Mönchengladbach,SV Werder Bremen,2,2,D,BUNDESLIGA,2023-24,openfootball
BUNDESLIGA,16/12/2023,1. FSV Mainz 05,1. FC Heidenheim 1846,0,1,A,BUNDESLIGA,2023-24,openfootball
BUNDESLIGA,16/12/2023,FC Augsburg,Borussia Dortmund,1,1,D,BUNDESLIGA,2023-24,openfootball
BUNDESLIGA,16/12/2023,RB Leipzig,TSG 1899 Hoffenheim,3,1,H,BUNDESLIGA,2023-24,openfootball
BUNDESLIGA,16/12/2023,SV Darmstadt 98,VfL Wolfsburg,0,1,A,BUNDESLIGA,2023-24,openfootball
BUNDESLIGA,16/12/2023,VfL Bochum 1848,1. FC Union Berlin,3,0,H,BUNDESLIGA,2023-24,openfootball
BUNDESLIGA,17/12/2023,Bayer 04 Leverkusen,Eintracht Frankfurt,3,0,H,BUNDESLIGA,2023-24,openfootball
BUNDESLIGA,17/12/2023,FC Bayern München,VfB Stuttgart,3,0,H,BUNDESLIGA,2023-24,openfootball
BUNDESLIGA,17/12/2023,SC Freiburg,1. FC Köln,2,0,H,BUNDESLIGA,2023-24,openfootball
BUNDESLIGA,19/12/2023,Borussia Dortmund,1. FSV Mainz 05,1,1,D,BUNDESLIGA,2023-24,openfootball
BUNDESLIGA,19/12/2023,SV Werder Bremen,RB Leipzig,1,1,D,BUNDESLIGA,2023-24,openfootball
BUNDESLIGA,19/12/2023,TSG 1899 Hoffenheim,SV Darmstadt 98,3,3,D,BUNDESLIGA,2023-24,openfootball
BUNDESLIGA,20/12/2023,1. FC Heidenheim 1846,SC Freiburg,3,2,H,BUNDESLIGA,2023-24,openfootball
BUNDESLIGA,20/12/2023,1. FC Union Berlin,1. FC Köln,2,0,H,BUNDESLIGA,2023-24,openfootball
BUNDESLIGA,20/12/2023,Bayer 04 Leverkusen,VfL Bochum 1848,4,0,H,BUNDESLIGA,2023-24,openfootball
BUNDESLIGA,20/12/2023,Eintracht Frankfurt,Borussia Mönchengladbach,2,1,H,BUNDESLIGA,2023-24,openfootball
BUNDESLIGA,20/12/2023,VfB Stuttgart,FC Augsburg,3,0,H,BUNDESLIGA,2023-24,openfootball
BUNDESLIGA,20/12/2023,VfL Wolfsburg,FC Bayern München,1,2,A,BUNDESLIGA,2023-24,openfootball
BUNDESLIGA,12/01/2024,FC Bayern München,TSG 1899 Hoffenheim,3,0,H,BUNDESLIGA,2023-24,openfootball
BUNDESLIGA,13/01/2024,1. FC Köln,1. FC Heidenheim 1846,1,1,D,BUNDESLIGA,2023-24,openfootball
BUNDESLIGA,13/01/2024,1. FSV Mainz 05,VfL Wolfsburg,1,1,D,BUNDESLIGA,2023-24,openfootball
BUNDESLIGA,13/01/2024,FC Augsburg,Bayer 04 Leverkusen,0,1,A,BUNDESLIGA,2023-24,openfootball
BUNDESLIGA,13/01/2024,RB Leipzig,Eintracht Frankfurt,0,1,A,BUNDESLIGA,2023-24,openfootball
BUNDESLIGA,13/01/2024,SC Freiburg,1. FC Union Berlin,0,0,D,BUNDESLIGA,2023-24,openfootball
BUNDESLIGA,13/01/2024,SV Darmstadt 98,Borussia Dortmund,0,3,A,BUNDESLIGA,2023-24,openfootball
BUNDESLIGA,14/01/2024,Borussia Mönchengladbach,VfB Stuttgart,3,1,H,BUNDESLIGA,2023-24,openfootball
BUNDESLIGA,14/01/2024,VfL Bochum 1848,SV Werder Bremen,1,1,D,BUNDESLIGA,2023-24,openfootball
BUNDESLIGA,20/01/2024,1. FC Heidenheim 1846,VfL Wolfsburg,1,1,D,BUNDESLIGA,2023-24,openfootball
BUNDESLIGA,20/01/2024,1. FC Köln,Borussia Dortmund,0,4,A,BUNDESLIGA,2023-24,openfootball
BUNDESLIGA,20/01/2024,RB Leipzig,Bayer 04 Leverkusen,2,3,A,BUNDESLIGA,2023-24,openfootball
BUNDESLIGA,20/01/2024,SC Freiburg,TSG 1899 Hoffenheim,3,2,H,BUNDESLIGA,2023-24,openfootball
BUNDESLIGA,20/01/2024,SV Darmstadt 98,Eintracht Frankfurt,2,2,D,BUNDESLIGA,2023-24,openfootball
BUNDESLIGA,20/01/2024,VfL Bochum 1848,VfB Stuttgart,1,0,H,BUNDESLIGA,2023-24,openfootball
BUNDESLIGA,21/01/2024,Borussia Mönchengladbach,FC Augsburg,1,2,A,BUNDESLIGA,2023-24,openfootball
BUNDESLIGA,21/01/2024,FC Bayern München,SV Werder Bremen,0,1,A,BUNDESLIGA,2023-24,openfootball
BUNDESLIGA,24/01/2024,FC Bayern München,1. FC Union Berlin,1,0,H,BUNDESLIGA,2023-24,openfootball
BUNDESLIGA,26/01/2024,Eintracht Frankfurt,1. FSV Mainz 05,1,0,H,BUNDESLIGA,2023-24,openfootball
BUNDESLIGA,27/01/2024,Bayer 04 Leverkusen,Borussia Mönchengladbach,0,0,D,BUNDESLIGA,2023-24,openfootball
BUNDESLIGA,27/01/2024,FC Augsburg,FC Bayern München,2,3,A,BUNDESLIGA,2023-24,openfootball
BUNDESLIGA,27/01/2024,SV Werder Bremen,SC Freiburg,3,1,H,BUNDESLIGA,2023-24,openfootball
BUNDESLIGA,27/01/2024,TSG 1899 Hoffenheim,1. FC Heidenheim 1846,1,1,D,BUNDESLIGA,2023-24,openfootball
BUNDESLIGA,27/01/2024,VfB Stuttgart,RB Leipzig,5,2,H,BUNDESLIGA,2023-24,openfootball
BUNDESLIGA,27/01/2024,VfL Wolfsburg,1. FC Köln,1,1,D,BUNDESLIGA,2023-24,openfootball
BUNDESLIGA,28/01/2024,1. FC Union Berlin,SV Darmstadt 98,1,0,H,BUNDESLIGA,2023-24,openfootball
BUNDESLIGA,28/01/2024,Borussia Dortmund,VfL Bochum 1848,3,1,H,BUNDESLIGA,2023-24,openfootball
BUNDESLIGA,02/02/2024,1. FC Heidenheim 1846,Borussia Dortmund,0,0,D,BUNDESLIGA,2023-24,openfootball
BUNDESLIGA,03/02/2024,1. FC Köln,Eintracht Frankfurt,2,0,H,BUNDESLIGA,2023-24,openfootball
BUNDESLIGA,03/02/2024,1. FSV Mainz 05,SV Werder Bremen,0,1,A,BUNDESLIGA,2023-24,openfootball
BUNDESLIGA,03/02/2024,FC Bayern München,Borussia Mönchengladbach,3,1,H,BUNDESLIGA,2023-24,openfootball
BUNDESLIGA,03/02/2024,SC Freiburg,VfB Stuttgart,1,3,A,BUNDESLIGA,2023-24,openfootball
BUNDESLIGA,03/02/2024,SV Darmstadt 98,Bayer 04 Leverkusen,0,2,A,BUNDESLIGA,2023-24,openfootball
BUNDESLIGA,03/02/2024,VfL Bochum 1848,FC Augsburg,1,1,D,BUNDESLIGA,2023-24,openfootball
BUNDESLIGA,04/02/2024,RB Leipzig,1. FC Union Berlin,2,0,H,BUNDESLIGA,2023-24,openfootball
BUNDESLIGA,04/02/2024,VfL Wolfsburg,TSG 1899 Hoffenheim,2,2,D,BUNDESLIGA,2023-24,openfootball
BUNDESLIGA,07/02/2024,1. FSV Mainz 05,1. FC Union Berlin,1,1,D,BUNDESLIGA,2023-24,openfootball
BUNDESLIGA,09/02/2024,Borussia Dortmund,SC Freiburg,3,0,H,BUNDESLIGA,2023-24,openfootball
BUNDESLIGA,10/02/2024,1. FC Union Berlin,VfL Wolfsburg,1,0,H,BUNDESLIGA,2023-24,openfootball
BUNDESLIGA,10/02/2024,Bayer 04 Leverkusen,FC Bayern München,3,0,H,BUNDESLIGA,2023-24,openfootball
BUNDESLIGA,10/02/2024,Borussia Mönchengladbach,SV Darmstadt 98,0,0,D,BUNDESLIGA,2023-24,openfootball
BUNDESLIGA,10/02/2024,Eintracht Frankfurt,VfL Bochum 1848,1,1,D,BUNDESLIGA,2023-24,openfootball
BUNDESLIGA,10/02/2024,FC Augsburg,RB Leipzig,2,2,D,BUNDESLIGA,2023-24,openfootball
BUNDESLIGA,10/02/2024,SV Werder Bremen,1. FC Heidenheim 1846,1,2,A,BUNDESLIGA,2023-24,openfootball
BUNDESLIGA,11/02/2024,TSG 1899 Hoffenheim,1. FC Köln,1,1,D,BUNDESLIGA,2023-24,openfootball
BUNDESLIGA,11/02/2024,VfB Stuttgart,1. FSV Mainz 05,3,1,H,BUNDESLIGA,2023-24,openfootball
BUNDESLIGA,16/02/2024,1. FC Köln,SV Werder Bremen,0,1,A,BUNDESLIGA,2023-24,openfootball
BUNDESLIGA,17/02/2024,1. FC Heidenheim 1846,Bayer 04 Leverkusen,1,2,A,BUNDESLIGA,2023-24,openfootball
BUNDESLIGA,17/02/2024,1. FSV Mainz 05,FC Augsburg,1,0,H,BUNDESLIGA,2023-24,openfootball
BUNDESLIGA,17/02/2024,RB Leipzig,Borussia Mönchengladbach,2,0,H,BUNDESLIGA,2023-24,openfootball
BUNDESLIGA,17/02/2024,SV Darmstadt 98,VfB Stuttgart,1,2,A,BUNDESLIGA,2023-24,openfootball
BUNDESLIGA,17/02/2024,TSG 1899 Hoffenheim,1. FC Union Berlin,0,1,A,BUNDESLIGA,2023-24,openfootball
BUNDESLIGA,17/02/2024,VfL Wolfsburg,Borussia Dortmund,1,1,D,BUNDESLIGA,2023-24,openfootball
BUNDESLIGA,18/02/2024,SC Freiburg,Eintracht Frankfurt,3,3,D,BUNDESLIGA,2023-24,openfootball
BUNDESLIGA,18/02/2024,VfL Bochum 1848,FC Bayern München,3,2,H,BUNDESLIGA,2023-24,openfootball
BUNDESLIGA,23/02/2024,Bayer 04 Leverkusen,1. FSV Mainz 05,2,1,H,BUNDESLIGA,2023-24,openfootball
BUNDESLIGA,24/02/2024,1. FC Union Berlin,1. FC Heidenheim 1846,2,2,D,BUNDESLIGA,2023-24,openfootball
BUNDESLIGA,24/02/2024,Borussia Mönchengladbach,VfL Bochum 1848,5,2,H,BUNDESLIGA,2023-24,openfootball
BUNDESLIGA,24/02/2024,FC Bayern München,RB Leipzig,2,1,H,BUNDESLIGA,2023-24,openfootball
BUNDESLIGA,24/02/2024,SV Werder Bremen,SV Darmstadt 98,1,1,D,BUNDESLIGA,2023-24,openfootball
BUNDESLIGA,24/02/2024,VfB Stuttgart,1. FC Köln,1,1,D,BUNDESLIGA,2023-24,openfootball
BUNDESLIGA,25/02/2024,Borussia Dortmund,TSG 1899 Hoffenheim,2,3,A,BUNDESLIGA,2023-24,openfootball
BUNDESLIGA,25/02/2024,Eintracht Frankfurt,VfL Wolfsburg,2,2,D,BUNDESLIGA,2023-24,openfootball
BUNDESLIGA,25/02/2024,FC Augsburg,SC Freiburg,2,1,H,BUNDESLIGA,2023-24,openfootball
BUNDESLIGA,01/03/2024,SC Freiburg,FC Bayern München,2,2,D,BUNDESLIGA,2023-24,openfootball
BUNDESLIGA,02/03/2024,1. FC Heidenheim 1846,Eintracht Frankfurt,1,2,A,BUNDESLIGA,2023-24,openfootball
BUNDESLIGA,02/03/2024,1. FC Union Berlin,Borussia Dortmund,0,2,A,BUNDESLIGA,2023-24,openfootball
BUNDESLIGA,02/03/2024,1. FSV Mainz 05,Borussia Mönchengladbach,1,1,D,BUNDESLIGA,2023-24,openfootball
BUNDESLIGA,02/03/2024,SV Darmstadt 98,FC Augsburg,0,6,A,BUNDESLIGA,2023-24,openfootball
BUNDESLIGA,02/03/2024,VfL Bochum 1848,RB Leipzig,1,4,A,BUNDESLIGA,2023-24,openfootball
BUNDESLIGA,02/03/2024,VfL Wolfsburg,VfB Stuttgart,2,3,A,BUNDESLIGA,2023-24,openfootball
BUNDESLIGA,03/03/2024,1. FC Köln,Bayer 04 Leverkusen,0,2,A,BUNDESLIGA,2023-24,openfootball
BUNDESLIGA,03/03/2024,TSG 1899 Hoffenheim,SV Werder Bremen,2,1,H,BUNDESLIGA,2023-24,openfootball
BUNDESLIGA,08/03/2024,VfB Stuttgart,1. FC Union Berlin,2,0,H,BUNDESLIGA,2023-24,openfootball
BUNDESLIGA,09/03/2024,Borussia Mönchengladbach,1. FC Köln,3,3,D,BUNDESLIGA,2023-24,openfootball
BUNDESLIGA,09/03/2024,FC Augsburg,1. FC Heidenheim 1846,1,0,H,BUNDESLIGA,2023-24,openfootball
BUNDESLIGA,09/03/2024,FC Bayern München,1. FSV Mainz 05,8,1,H,BUNDESLIGA,2023-24,openfootball
BUNDESLIGA,09/03/2024,RB Leipzig,SV Darmstadt 98,2,0,H,BUNDESLIGA,2023-24,openfootball
BUNDESLIGA,09/03/2024,SV Werder Bremen,Borussia Dortmund,1,2,A,BUNDESLIGA,2023-24,openfootball
BUNDESLIGA,10/03/2024,Bayer 04 Leverkusen,VfL Wolfsburg,2,0,H,BUNDESLIGA,2023-24,openfootball
BUNDESLIGA,10/03/2024,Eintracht Frankfurt,TSG 1899 Hoffenheim,3,1,H,BUNDESLIGA,2023-24,openfootball
BUNDESLIGA,10/03/2024,VfL Bochum 1848,SC Freiburg,1,2,A,BUNDESLIGA,2023-24,openfootball
BUNDESLIGA,15/03/2024,1. FC Köln,RB Leipzig,1,5,A,BUNDESLIGA,2023-24,openfootball
BUNDESLIGA,16/03/2024,1. FC Heidenheim 1846,Borussia Mönchengladbach,1,1,D,BUNDESLIGA,2023-24,openfootball
BUNDESLIGA,16/03/2024,1. FC Union Berlin,SV Werder Bremen,2,1,H,BUNDESLIGA,2023-24,openfootball
BUNDESLIGA,16/03/2024,1. FSV Mainz 05,VfL Bochum 1848,2,0,H,BUNDESLIGA,2023-24,openfootball
BUNDESLIGA,16/03/2024,SV Darmstadt 98,FC Bayern München,2,5,A,BUNDESLIGA,2023-24,openfootball
BUNDESLIGA,16/03/2024,TSG 1899 Hoffenheim,VfB Stuttgart,0,3,A,BUNDESLIGA,2023-24,openfootball
BUNDESLIGA,16/03/2024,VfL Wolfsburg,FC Augsburg,1,3,A,BUNDESLIGA,2023-24,openfootball
BUNDESLIGA,17/03/2024,Borussia Dortmund,Eintracht Frankfurt,3,1,H,BUNDESLIGA,2023-24,openfootball
BUNDESLIGA,17/03/2024,SC Freiburg,Bayer 04 Leverkusen,2,3,A,BUNDESLIGA,2023-24,openfootball
BUNDESLIGA,30/03/2024,Bayer 04 Leverkusen,TSG 1899 Hoffenheim,2,1,H,BUNDESLIGA,2023-24,openfootball
BUNDESLIGA,30/03/2024,Borussia Mönchengladbach,SC Freiburg,0,3,A,BUNDESLIGA,2023-24,openfootball
BUNDESLIGA,30/03/2024,Eintracht Frankfurt,1. FC Union Berlin,0,0,D,BUNDESLIGA,2023-24,openfootball
BUNDESLIGA,30/03/2024,FC Bayern München,Borussia Dortmund,0,2,A,BUNDESLIGA,2023-24,openfootball
BUNDESLIGA,30/03/2024,RB Leipzig,1. FSV Mainz 05,0,0,D,BUNDESLIGA,2023-24,openfootball
BUNDESLIGA,30/03/2024,SV Werder Bremen,VfL Wolfsburg,0,2,A,BUNDESLIGA,2023-24,openfootball
BUNDESLIGA,31/03/2024,FC Augsburg,1. FC Köln,1,1,D,BUNDESLIGA,2023-24,openfootball
BUNDESLIGA,31/03/2024,VfB Stuttgart,1. FC Heidenheim 1846,3,3,D,BUNDESLIGA,2023-24,openfootball
BUNDESLIGA,31/03/2024,VfL Bochum 1848,SV Darmstadt 98,2,2,D,BUNDESLIGA,2023-24,openfootball
BUNDESLIGA,05/04/2024,Eintracht Frankfurt,SV Werder Bremen,1,1,D,BUNDESLIGA,2023-24,openfootball
BUNDESLIGA,06/04/2024,1. FC Heidenheim 1846,FC Bayern München,3,2,H,BUNDESLIGA,2023-24,openfootball
BUNDESLIGA,06/04/2024,1. FC Köln,VfL Bochum 1848,2,1,H,BUNDESLIGA,2023-24,openfootball
BUNDESLIGA,06/04/2024,1. FC Union Berlin,Bayer 04 Leverkusen,0,1,A,BUNDESLIGA,2023-24,openfootball
BUNDESLIGA,06/04/2024,1. FSV Mainz 05,SV Darmstadt 98,4,0,H,BUNDESLIGA,2023-24,openfootball
BUNDESLIGA,06/04/2024,Borussia Dortmund,VfB Stuttgart,0,1,A,BUNDESLIGA,2023-24,openfootball
BUNDESLIGA,06/04/2024,SC Freiburg,RB Leipzig,1,4,A,BUNDESLIGA,2023-24,openfootball
BUNDESLIGA,07/04/2024,TSG 1899 Hoffenheim,FC Augsburg,3,1,H,BUNDESLIGA,2023-24,openfootball
BUNDESLIGA,07/04/2024,VfL Wolfsburg,Borussia Mönchengladbach,1,3,A,BUNDESLIGA,2023-24,openfootball
BUNDESLIGA,12/04/2024,FC Augsburg,1. FC Union Berlin,2,0,H,BUNDESLIGA,2023-24,openfootball
BUNDESLIGA,13/04/2024,1. FSV Mainz 05,TSG 1899 Hoffenheim,4,1,H,BUNDESLIGA,2023-24,openfootball
BUNDESLIGA,13/04/2024,Borussia Mönchengladbach,Borussia Dortmund,1,2,A,BUNDESLIGA,2023-24,openfootball
BUNDESLIGA,13/04/2024,FC Bayern München,1. FC Köln,2,0,H,BUNDESLIGA,2023-24,openfootball
BUNDESLIGA,13/04/2024,RB Leipzig,VfL Wolfsburg,3,0,H,BUNDESLIGA,2023-24,openfootball
BUNDESLIGA,13/04/2024,VfB Stuttgart,Eintracht Frankfurt,3,0,H,BUNDESLIGA,2023-24,openfootball
BUNDESLIGA,13/04/2024,VfL Bochum 1848,1. FC Heidenheim 1846,1,1,D,BUNDESLIGA,2023-24,openfootball
BUNDESLIGA,14/04/2024,Bayer 04 Leverkusen,SV Werder Bremen,5,0,H,BUNDESLIGA,2023-24,openfootball
BUNDESLIGA,14/04/2024,SV Darmstadt 98,SC Freiburg,0,1,A,BUNDESLIGA,2023-24,openfootball
BUNDESLIGA,19/04/2024,Eintracht Frankfurt,FC Augsburg,3,1,H,BUNDESLIGA,2023-24,openfootball
BUNDESLIGA,20/04/2024,1. FC Heidenheim 1846,RB Leipzig,1,2,A,BUNDESLIGA,2023-24,openfootball
BUNDESLIGA,20/04/2024,1. FC Köln,SV Darmstadt 98,0,2,A,BUNDESLIGA,2023-24,openfootball
BUNDESLIGA,20/04/2024,1. FC Union Berlin,FC Bayern München,1,5,A,BUNDESLIGA,2023-24,openfootball
BUNDESLIGA,20/04/2024,TSG 1899 Hoffenheim,Borussia Mönchengladbach,4,3,H,BUNDESLIGA,2023-24,openfootball
BUNDESLIGA,20/04/2024,VfL Wolfsburg,VfL Bochum 1848,1,0,H,BUNDESLIGA,2023-24,openfootball
BUNDESLIGA,21/04/2024,Borussia Dortmund,Bayer 04 Leverkusen,1,1,D,BUNDESLIGA,2023-24,openfootball
BUNDESLIGA,21/04/2024,SC Freiburg,1. FSV Mainz 05,1,1,D,BUNDESLIGA,2023-24,openfootball
BUNDESLIGA,21/04/2024,SV Werder Bremen,VfB Stuttgart,2,1,H,BUNDESLIGA,2023-24,openfootball
BUNDESLIGA,26/04/2024,VfL Bochum 1848,TSG 1899 Hoffenheim,3,2,H,BUNDESLIGA,2023-24,openfootball
BUNDESLIGA,27/04/2024,Bayer 04 Leverkusen,VfB Stuttgart,2,2,D,BUNDESLIGA,2023-24,openfootball
BUNDESLIGA,27/04/2024,FC Augsburg,SV Werder Bremen,0,3,A,BUNDESLIGA,2023-24,openfootball
BUNDESLIGA,27/04/2024,FC Bayern München,Eintracht Frankfurt,2,1,H,BUNDESLIGA,2023-24,openfootball
BUNDESLIGA,27/04/2024,RB Leipzig,Borussia Dortmund,4,1,H,BUNDESLIGA,2023-24,openfootball
BUNDESLIGA,27/04/2024,SC Freiburg,VfL Wolfsburg,1,2,A,BUNDESLIGA,2023-24,openfootball
BUNDESLIGA,28/04/2024,1. FSV Mainz 05,1. FC Köln,1,1,D,BUNDESLIGA,2023-24,openfootball
BUNDESLIGA,28/04/2024,Borussia Mönchengladbach,1. FC Union Berlin,0,0,D,BUNDESLIGA,2023-24,openfootball
BUNDESLIGA,28/04/2024,SV Darmstadt 98,1. FC Heidenheim 1846,0,1,A,BUNDESLIGA,2023-24,openfootball
BUNDESLIGA,03/05/2024,TSG 1899 Hoffenheim,RB Leipzig,1,1,D,BUNDESLIGA,2023-24,openfootball
BUNDESLIGA,04/05/2024,1. FC Köln,SC Freiburg,0,0,D,BUNDESLIGA,2023-24,openfootball
BUNDESLIGA,04/05/2024,Borussia Dortmund,FC Augsburg,5,1,H,BUNDESLIGA,2023-24,openfootball
BUNDESLIGA,04/05/2024,SV Werder Bremen,Borussia Mönchengladbach,2,2,D,BUNDESLIGA,2023-24,openfootball
BUNDESLIGA,04/05/2024,VfB Stuttgart,FC Bayern München,3,1,H,BUNDESLIGA,2023-24,openfootball
BUNDESLIGA,04/05/2024,VfL Wolfsburg,SV Darmstadt 98,3,0,H,BUNDESLIGA,2023-24,openfootball
BUNDESLIGA,05/05/2024,1. FC Heidenheim 1846,1. FSV Mainz 05,1,1,D,BUNDESLIGA,2023-24,openfootball
BUNDESLIGA,05/05/2024,1. FC Union Berlin,VfL Bochum 1848,3,4,A,BUNDESLIGA,2023-24,openfootball
BUNDESLIGA,05/05/2024,Eintracht Frankfurt,Bayer 04 Leverkusen,1,5,A,BUNDESLIGA,2023-24,openfootball
BUNDESLIGA,10/05/2024,FC Augsburg,VfB Stuttgart,0,1,A,BUNDESLIGA,2023-24,openfootball
BUNDESLIGA,11/05/2024,1. FC Köln,1. FC Union Berlin,3,2,H,BUNDESLIGA,2023-24,openfootball
BUNDESLIGA,11/05/2024,1. FSV Mainz 05,Borussia Dortmund,3,0,H,BUNDESLIGA,2023-24,openfootball
BUNDESLIGA,11/05/2024,Borussia Mönchengladbach,Eintracht Frankfurt,1,1,D,BUNDESLIGA,2023-24,openfootball
BUNDESLIGA,11/05/2024,RB Leipzig,SV Werder Bremen,1,1,D,BUNDESLIGA,2023-24,openfootball
BUNDESLIGA,11/05/2024,SC Freiburg,1. FC Heidenheim 1846,1,1,D,BUNDESLIGA,2023-24,openfootball
BUNDESLIGA,12/05/2024,FC Bayern München,VfL Wolfsburg,2,0,H,BUNDESLIGA,2023-24,openfootball
BUNDESLIGA,12/05/2024,SV Darmstadt 98,TSG 1899 Hoffenheim,0,6,A,BUNDESLIGA,2023-24,openfootball
BUNDESLIGA,12/05/2024,VfL Bochum 1848,Bayer 04 Leverkusen,0,5,A,BUNDESLIGA,2023-24,openfootball
BUNDESLIGA,18/05/2024,1. FC Heidenheim 1846,1. FC Köln,4,1,H,BUNDESLIGA,2023-24,openfootball
BUNDESLIGA,18/05/2024,1. FC Union Berlin,SC Freiburg,2,1,H,BUNDESLIGA,2023-24,openfootball
BUNDESLIGA,18/05/2024,Bayer 04 Leverkusen,FC Augsburg,2,1,H,BUNDESLIGA,2023-24,openfootball
BUNDESLIGA,18/05/2024,Borussia Dortmund,SV Darmstadt 98,4,0,H,BUNDESLIGA,2023-24,openfootball
BUNDESLIGA,18/05/2024,Eintracht Frankfurt,RB Leipzig,2,2,D,BUNDESLIGA,2023-24,openfootball
BUNDESLIGA,18/05/2024,SV Werder Bremen,VfL Bochum 1848,4,1,H,BUNDESLIGA,2023-24,openfootball
BUNDESLIGA,18/05/2024,TSG 1899 Hoffenheim,FC Bayern München,4,2,H,BUNDESLIGA,2023-24,openfootball
BUNDESLIGA,18/05/2024,VfB Stuttgart,Borussia Mönchengladbach,4,0,H,BUNDESLIGA,2023-24,openfootball
BUNDESLIGA,18/05/2024,VfL Wolfsburg,1. FSV Mainz 05,1,3,A,BUNDESLIGA,2023-24,openfootball
BUNDESLIGA,23/08/2024,Borussia Mönchengladbach,Bayer 04 Leverkusen,2,3,A,BUNDESLIGA,2024-25,openfootball
BUNDESLIGA,24/08/2024,1. FSV Mainz 05,1. FC Union Berlin,1,1,D,BUNDESLIGA,2024-25,openfootball
BUNDESLIGA,24/08/2024,Borussia Dortmund,Eintracht Frankfurt,2,0,H,BUNDESLIGA,2024-25,openfootball
BUNDESLIGA,24/08/2024,FC Augsburg,SV Werder Bremen,2,2,D,BUNDESLIGA,2024-25,openfootball
BUNDESLIGA,24/08/2024,RB Leipzig,VfL Bochum 1848,1,0,H,BUNDESLIGA,2024-25,openfootball
BUNDESLIGA,24/08/2024,SC Freiburg,VfB Stuttgart,3,1,H,BUNDESLIGA,2024-25,openfootball
BUNDESLIGA,24/08/2024,TSG 1899 Hoffenheim,Holstein Kiel,3,2,H,BUNDESLIGA,2024-25,openfootball
BUNDESLIGA,25/08/2024,FC St. Pauli 1910,1. FC Heidenheim 1846,0,2,A,BUNDESLIGA,2024-25,openfootball
BUNDESLIGA,25/08/2024,VfL Wolfsburg,FC Bayern München,2,3,A,BUNDESLIGA,2024-25,openfootball
BUNDESLIGA,30/08/2024,1. FC Union Berlin,FC St. Pauli 1910,1,0,H,BUNDESLIGA,2024-25,openfootball
BUNDESLIGA,31/08/2024,Bayer 04 Leverkusen,RB Leipzig,2,3,A,BUNDESLIGA,2024-25,openfootball
BUNDESLIGA,31/08/2024,Eintracht Frankfurt,TSG 1899 Hoffenheim,3,1,H,BUNDESLIGA,2024-25,openfootball
BUNDESLIGA,31/08/2024,Holstein Kiel,VfL Wolfsburg,0,2,A,BUNDESLIGA,2024-25,openfootball
BUNDESLIGA,31/08/2024,SV Werder Bremen,Borussia Dortmund,0,0,D,BUNDESLIGA,2024-25,openfootball
BUNDESLIGA,31/08/2024,VfB Stuttgart,1. FSV Mainz 05,3,3,D,BUNDESLIGA,2024-25,openfootball
BUNDESLIGA,31/08/2024,VfL Bochum 1848,Borussia Mönchengladbach,0,2,A,BUNDESLIGA,2024-25,openfootball
BUNDESLIGA,01/09/2024,1. FC Heidenheim 1846,FC Augsburg,4,0,H,BUNDESLIGA,2024-25,openfootball
BUNDESLIGA,01/09/2024,FC Bayern München,SC Freiburg,2,0,H,BUNDESLIGA,2024-25,openfootball
BUNDESLIGA,13/09/2024,Borussia Dortmund,1. FC Heidenheim 1846,4,2,H,BUNDESLIGA,2024-25,openfootball
BUNDESLIGA,14/09/2024,Borussia Mönchengladbach,VfB Stuttgart,1,3,A,BUNDESLIGA,2024-25,openfootball
BUNDESLIGA,14/09/2024,Holstein Kiel,FC Bayern München,1,6,A,BUNDESLIGA,2024-25,openfootball
BUNDESLIGA,14/09/2024,RB Leipzig,1. FC Union Berlin,0,0,D,BUNDESLIGA,2024-25,openfootball
BUNDESLIGA,14/09/2024,SC Freiburg,VfL Bochum 1848,2,1,H,BUNDESLIGA,2024-25,openfootball
BUNDESLIGA,14/09/2024,TSG 1899 Hoffenheim,Bayer 04 Leverkusen,1,4,A,BUNDESLIGA,2024-25,openfootball
BUNDESLIGA,14/09/2024,VfL Wolfsburg,Eintracht Frankfurt,1,2,A,BUNDESLIGA,2024-25,openfootball
BUNDESLIGA,15/09/2024,1. FSV Mainz 05,SV Werder Bremen,1,2,A,BUNDESLIGA,2024-25,openfootball
BUNDESLIGA,15/09/2024,FC Augsburg,FC St. Pauli 1910,3,1,H,BUNDESLIGA,2024-25,openfootball
BUNDESLIGA,20/09/2024,FC Augsburg,1. FSV Mainz 05,2,3,A,BUNDESLIGA,2024-25,openfootball
BUNDESLIGA,21/09/2024,1. FC Heidenheim 1846,SC Freiburg,0,3,A,BUNDESLIGA,2024-25,openfootball
BUNDESLIGA,21/09/2024,1. FC Union Berlin,TSG 1899 Hoffenheim,2,1,H,BUNDESLIGA,2024-25,openfootball
BUNDESLIGA,21/09/2024,Eintracht Frankfurt,Borussia Mönchengladbach,2,0,H,BUNDESLIGA,2024-25,openfootball
BUNDESLIGA,21/09/2024,SV Werder Bremen,FC Bayern München,0,5,A,BUNDESLIGA,2024-25,openfootball
BUNDESLIGA,21/09/2024,VfL Bochum 1848,Holstein Kiel,2,2,D,BUNDESLIGA,2024-25,openfootball
BUNDESLIGA,22/09/2024,Bayer 04 Leverkusen,VfL Wolfsburg,4,3,H,BUNDESLIGA,2024-25,openfootball
BUNDESLIGA,22/09/2024,FC St. Pauli 1910,RB Leipzig,0,0,D,BUNDESLIGA,2024-25,openfootball
BUNDESLIGA,22/09/2024,VfB Stuttgart,Borussia Dortmund,5,1,H,BUNDESLIGA,2024-25,openfootball
BUNDESLIGA,27/09/2024,Borussia Dortmund,VfL Bochum 1848,4,2,H,BUNDESLIGA,2024-25,openfootball
BUNDESLIGA,28/09/2024,1. FSV Mainz 05,1. FC Heidenheim 1846,0,2,A,BUNDESLIGA,2024-25,openfootball
BUNDESLIGA,28/09/2024,Borussia Mönchengladbach,1. FC Union Berlin,1,0,H,BUNDESLIGA,2024-25,openfootball
BUNDESLIGA,28/09/2024,FC Bayern München,Bayer 04 Leverkusen,1,1,D,BUNDESLIGA,2024-25,openfootball
BUNDESLIGA,28/09/2024,RB Leipzig,FC Augsburg,4,0,H,BUNDESLIGA,2024-25,openfootball
BUNDESLIGA,28/09/2024,SC Freiburg,FC St. Pauli 1910,0,3,A,BUNDESLIGA,2024-25,openfootball
BUNDESLIGA,28/09/2024,VfL Wolfsburg,VfB Stuttgart,2,2,D,BUNDESLIGA,2024-25,openfootball
BUNDESLIGA,29/09/2024,Holstein Kiel,Eintracht Frankfurt,2,4,A,BUNDESLIGA,2024-25,openfootball
BUNDESLIGA,29/09/2024,TSG 1899 Hoffenheim,SV Werder Bremen,3,4,A,BUNDESLIGA,2024-25,openfootball
BUNDESLIGA,04/10/2024,FC Augsburg,Borussia Mönchengladbach,2,1,H,BUNDESLIGA,2024-25,openfootball
BUNDESLIGA,05/10/2024,1. FC Union Berlin,Borussia Dortmund,2,1,H,BUNDESLIGA,2024-25,openfootball
BUNDESLIGA,05/10/2024,Bayer 04 Leverkusen,Holstein Kiel,2,2,D,BUNDESLIGA,2024-25,openfootball
BUNDESLIGA,05/10/2024,FC St. Pauli 1910,1. FSV Mainz 05,0,3,A,BUNDESLIGA,2024-25,openfootball
BUNDESLIGA,05/10/2024,SV Werder Bremen,SC Freiburg,0,1,A,BUNDESLIGA,2024-25,openfootball
BUNDESLIGA,05/10/2024,VfL Bochum 1848,VfL Wolfsburg,1,3,A,BUNDESLIGA,2024-25,openfootball
BUNDESLIGA,06/10/2024,1. FC Heidenheim 1846,RB Leipzig,0,1,A,BUNDESLIGA,2024-25,openfootball
BUNDESLIGA,06/10/2024,Eintracht Frankfurt,FC Bayern München,3,3,D,BUNDESLIGA,2024-25,openfootball
BUNDESLIGA,06/10/2024,VfB Stuttgart,TSG 1899 Hoffenheim,1,1,D,BUNDESLIGA,2024-25,openfootball
BUNDESLIGA,18/10/2024,Borussia Dortmund,FC St. Pauli 1910,2,1,H,BUNDESLIGA,2024-25,openfootball
BUNDESLIGA,19/10/2024,1. FSV Mainz 05,RB Leipzig,0,2,A,BUNDESLIGA,2024-25,openfootball
BUNDESLIGA,19/10/2024,Bayer 04 Leverkusen,Eintracht Frankfurt,2,1,H,BUNDESLIGA,2024-25,openfootball
BUNDESLIGA,19/10/2024,Borussia Mönchengladbach,1. FC Heidenheim 1846,3,2,H,BUNDESLIGA,2024-25,openfootball
BUNDESLIGA,19/10/2024,FC Bayern München,VfB Stuttgart,4,0,H,BUNDESLIGA,2024-25,openfootball
BUNDESLIGA,19/10/2024,SC Freiburg,FC Augsburg,3,1,H,BUNDESLIGA,2024-25,openfootball
BUNDESLIGA,19/10/2024,TSG 1899 Hoffenheim,VfL Bochum 1848,3,1,H,BUNDESLIGA,2024-25,openfootball
BUNDESLIGA,20/10/2024,Holstein Kiel,1. FC Union Berlin,0,2,A,BUNDESLIGA,2024-25,openfootball
BUNDESLIGA,20/10/2024,VfL Wolfsburg,SV Werder Bremen,2,4,A,BUNDESLIGA,2024-25,openfootball
BUNDESLIGA,25/10/2024,1. FSV Mainz 05,Borussia Mönchengladbach,1,1,D,BUNDESLIGA,2024-25,openfootball
BUNDESLIGA,26/10/2024,FC Augsburg,Borussia Dortmund,2,1,H,BUNDESLIGA,2024-25,openfootball
BUNDESLIGA,26/10/2024,FC St. Pauli 1910,VfL Wolfsburg,0,0,D,BUNDESLIGA,2024-25,openfootball
BUNDESLIGA,26/10/2024,RB Leipzig,SC Freiburg,3,1,H,BUNDESLIGA,2024-25,openfootball
BUNDESLIGA,26/10/2024,SV Werder Bremen,Bayer 04 Leverkusen,2,2,D,BUNDESLIGA,2024-25,openfootball
BUNDESLIGA,26/10/2024,VfB Stuttgart,Holstein Kiel,2,1,H,BUNDESLIGA,2024-25,openfootball
BUNDESLIGA,27/10/2024,1. FC Heidenheim 1846,TSG 1899 Hoffenheim,0,0,D,BUNDESLIGA,2024-25,openfootball
BUNDESLIGA,27/10/2024,1. FC Union Berlin,Eintracht Frankfurt,1,1,D,BUNDESLIGA,2024-25,openfootball
BUNDESLIGA,27/10/2024,VfL Bochum 1848,FC Bayern München,0,5,A,BUNDESLIGA,2024-25,openfootball
BUNDESLIGA,01/11/2024,Bayer 04 Leverkusen,VfB Stuttgart,0,0,D,BUNDESLIGA,2024-25,openfootball
BUNDESLIGA,02/11/2024,Borussia Dortmund,RB Leipzig,2,1,H,BUNDESLIGA,2024-25,openfootball
BUNDESLIGA,02/11/2024,Eintracht Frankfurt,VfL Bochum 1848,7,2,H,BUNDESLIGA,2024-25,openfootball
BUNDESLIGA,02/11/2024,FC Bayern München,1. FC Union Berlin,3,0,H,BUNDESLIGA,2024-25,openfootball
BUNDESLIGA,02/11/2024,Holstein Kiel,1. FC Heidenheim 1846,1,0,H,BUNDESLIGA,2024-25,openfootball
BUNDESLIGA,02/11/2024,TSG 1899 Hoffenheim,FC St. Pauli 1910,0,2,A,BUNDESLIGA,2024-25,openfootball
BUNDESLIGA,02/11/2024,VfL Wolfsburg,FC Augsburg,1,1,D,BUNDESLIGA,2024-25,openfootball
BUNDESLIGA,03/11/2024,Borussia Mönchengladbach,SV Werder Bremen,4,1,H,BUNDESLIGA,2024-25,openfootball
BUNDESLIGA,03/11/2024,SC Freiburg,1. FSV Mainz 05,0,0,D,BUNDESLIGA,2024-25,openfootball
BUNDESLIGA,08/11/2024,1. FC Union Berlin,SC Freiburg,0,0,D,BUNDESLIGA,2024-25,openfootball
BUNDESLIGA,09/11/2024,1. FSV Mainz 05,Borussia Dortmund,3,1,H,BUNDESLIGA,2024-25,openfootball
BUNDESLIGA,09/11/2024,FC St. Pauli 1910,FC Bayern München,0,1,A,BUNDESLIGA,2024-25,openfootball
BUNDESLIGA,09/11/2024,RB Leipzig,Borussia Mönchengladbach,0,0,D,BUNDESLIGA,2024-25,openfootball
BUNDESLIGA,09/11/2024,SV Werder Bremen,Holstein Kiel,2,1,H,BUNDESLIGA,2024-25,openfootball
BUNDESLIGA,09/11/2024,VfL Bochum 1848,Bayer 04 Leverkusen,1,1,D,BUNDESLIGA,2024-25,openfootball
BUNDESLIGA,10/11/2024,1. FC Heidenheim 1846,VfL Wolfsburg,1,3,A,BUNDESLIGA,2024-25,openfootball
BUNDESLIGA,10/11/2024,FC Augsburg,TSG 1899 Hoffenheim,0,0,D,BUNDESLIGA,2024-25,openfootball
BUNDESLIGA,10/11/2024,VfB Stuttgart,Eintracht Frankfurt,2,3,A,BUNDESLIGA,2024-25,openfootball
BUNDESLIGA,22/11/2024,FC Bayern München,FC Augsburg,3,0,H,BUNDESLIGA,2024-25,openfootball
BUNDESLIGA,23/11/2024,Bayer 04 Leverkusen,1. FC Heidenheim 1846,5,2,H,BUNDESLIGA,2024-25,openfootball
BUNDESLIGA,23/11/2024,Borussia Dortmund,SC Freiburg,4,0,H,BUNDESLIGA,2024-25,openfootball
BUNDESLIGA,23/11/2024,Eintracht Frankfurt,SV Werder Bremen,1,0,H,BUNDESLIGA,2024-25,openfootball
BUNDESLIGA,23/11/2024,TSG 1899 Hoffenheim,RB Leipzig,4,3,H,BUNDESLIGA,2024-25,openfootball
BUNDESLIGA,23/11/2024,VfB Stuttgart,VfL Bochum 1848,2,0,H,BUNDESLIGA,2024-25,openfootball
BUNDESLIGA,23/11/2024,VfL Wolfsburg,1. FC Union Berlin,1,0,H,BUNDESLIGA,2024-25,openfootball
BUNDESLIGA,24/11/2024,Borussia Mönchengladbach,FC St. Pauli 1910,2,0,H,BUNDESLIGA,2024-25,openfootball
BUNDESLIGA,24/11/2024,Holstein Kiel,1. FSV Mainz 05,0,3,A,BUNDESLIGA,2024-25,openfootball
BUNDESLIGA,29/11/2024,FC St. Pauli 1910,Holstein Kiel,3,1,H,BUNDESLIGA,2024-25,openfootball
BUNDESLIGA,30/11/2024,1. FC Union Berlin,Bayer 04 Leverkusen,1,2,A,BUNDESLIGA,2024-25,openfootball
BUNDESLIGA,30/11/2024,Borussia Dortmund,FC Bayern München,1,1,D,BUNDESLIGA,2024-25,openfootball
BUNDESLIGA,30/11/2024,FC Augsburg,VfL Bochum 1848,1,0,H,BUNDESLIGA,2024-25,openfootball
BUNDESLIGA,30/11/2024,RB Leipzig,VfL Wolfsburg,1,5,A,BUNDESLIGA,2024-25,openfootball
BUNDESLIGA,30/11/2024,SC Freiburg,Borussia Mönchengladbach,3,1,H,BUNDESLIGA,2024-25,openfootball
BUNDESLIGA,30/11/2024,SV Werder Bremen,VfB Stuttgart,2,2,D,BUNDESLIGA,2024-25,openfootball
BUNDESLIGA,01/12/2024,1. FC Heidenheim 1846,Eintracht Frankfurt,0,4,A,BUNDESLIGA,2024-25,openfootball
BUNDESLIGA,01/12/2024,1. FSV Mainz 05,TSG 1899 Hoffenheim,2,0,H,BUNDESLIGA,2024-25,openfootball
BUNDESLIGA,06/12/2024,VfB Stuttgart,1. FC Union Berlin,3,2,H,BUNDESLIGA,2024-25,openfootball
BUNDESLIGA,07/12/2024,Bayer 04 Leverkusen,FC St. Pauli 1910,2,1,H,BUNDESLIGA,2024-25,openfootball
BUNDESLIGA,07/12/2024,Borussia Mönchengladbach,Borussia Dortmund,1,1,D,BUNDESLIGA,2024-25,openfootball
BUNDESLIGA,07/12/2024,Eintracht Frankfurt,FC Augsburg,2,2,D,BUNDESLIGA,2024-25,openfootball
BUNDESLIGA,07/12/2024,FC Bayern München,1. FC Heidenheim 1846,4,2,H,BUNDESLIGA,2024-25,openfootball
BUNDESLIGA,07/12/2024,Holstein Kiel,RB Leipzig,0,2,A,BUNDESLIGA,2024-25,openfootball
BUNDESLIGA,07/12/2024,VfL Bochum 1848,SV Werder Bremen,0,1,A,BUNDESLIGA,2024-25,openfootball
BUNDESLIGA,08/12/2024,TSG 1899 Hoffenheim,SC Freiburg,1,1,D,BUNDESLIGA,2024-25,openfootball
BUNDESLIGA,08/12/2024,VfL Wolfsburg,1. FSV Mainz 05,4,3,H,BUNDESLIGA,2024-25,openfootball
BUNDESLIGA,13/12/2024,SC Freiburg,VfL Wolfsburg,3,2,H,BUNDESLIGA,2024-25,openfootball
BUNDESLIGA,14/12/2024,1. FC Union Berlin,VfL Bochum 1848,0,2,A,BUNDESLIGA,2024-25,openfootball
BUNDESLIGA,14/12/2024,1. FSV Mainz 05,FC Bayern München,2,1,H,BUNDESLIGA,2024-25,openfootball
BUNDESLIGA,14/12/2024,Borussia Mönchengladbach,Holstein Kiel,4,1,H,BUNDESLIGA,2024-25,openfootball
BUNDESLIGA,14/12/2024,FC Augsburg,Bayer 04 Leverkusen,0,2,A,BUNDESLIGA,2024-25,openfootball
BUNDESLIGA,14/12/2024,FC St. Pauli 1910,SV Werder Bremen,0,2,A,BUNDESLIGA,2024-25,openfootball
BUNDESLIGA,15/12/2024,1. FC Heidenheim 1846,VfB Stuttgart,1,3,A,BUNDESLIGA,2024-25,openfootball
BUNDESLIGA,15/12/2024,Borussia Dortmund,TSG 1899 Hoffenheim,1,1,D,BUNDESLIGA,2024-25,openfootball
BUNDESLIGA,15/12/2024,RB Leipzig,Eintracht Frankfurt,2,1,H,BUNDESLIGA,2024-25,openfootball
BUNDESLIGA,20/12/2024,FC Bayern München,RB Leipzig,5,1,H,BUNDESLIGA,2024-25,openfootball
BUNDESLIGA,21/12/2024,Bayer 04 Leverkusen,SC Freiburg,5,1,H,BUNDESLIGA,2024-25,openfootball
BUNDESLIGA,21/12/2024,Eintracht Frankfurt,1. FSV Mainz 05,1,3,A,BUNDESLIGA,2024-25,openfootball
BUNDESLIGA,21/12/2024,Holstein Kiel,FC Augsburg,5,1,H,BUNDESLIGA,2024-25,openfootball
BUNDESLIGA,21/12/2024,SV Werder Bremen,1. FC Union Berlin,4,1,H,BUNDESLIGA,2024-25,openfootball
BUNDESLIGA,21/12/2024,TSG 1899 Hoffenheim,Borussia Mönchengladbach,1,2,A,BUNDESLIGA,2024-25,openfootball
BUNDESLIGA,21/12/2024,VfB Stuttgart,FC St. Pauli 1910,0,1,A,BUNDESLIGA,2024-25,openfootball
BUNDESLIGA,22/12/2024,VfL Bochum 1848,1. FC Heidenheim 1846,2,0,H,BUNDESLIGA,2024-25,openfootball
BUNDESLIGA,22/12/2024,VfL Wolfsburg,Borussia Dortmund,1,3,A,BUNDESLIGA,2024-25,openfootball
BUNDESLIGA,10/01/2025,Borussia Dortmund,Bayer 04 Leverkusen,2,3,A,BUNDESLIGA,2024-25,openfootball
BUNDESLIGA,11/01/2025,1. FC Heidenheim 1846,1. FC Union Berlin,2,0,H,BUNDESLIGA,2024-25,openfootball
BUNDESLIGA,11/01/2025,1. FSV Mainz 05,VfL Bochum 1848,2,0,H,BUNDESLIGA,2024-25,openfootball
BUNDESLIGA,11/01/2025,Borussia Mönchengladbach,FC Bayern München,0,1,A,BUNDESLIGA,2024-25,openfootball
BUNDESLIGA,11/01/2025,FC St. Pauli 1910,Eintracht Frankfurt,0,1,A,BUNDESLIGA,2024-25,openfootball
BUNDESLIGA,11/01/2025,SC Freiburg,Holstein Kiel,3,2,H,BUNDESLIGA,2024-25,openfootball
BUNDESLIGA,11/01/2025,TSG 1899 Hoffenheim,VfL Wolfsburg,0,1,A,BUNDESLIGA,2024-25,openfootball
BUNDESLIGA,12/01/2025,FC Augsburg,VfB Stuttgart,0,1,A,BUNDESLIGA,2024-25,openfootball
BUNDESLIGA,12/01/2025,RB Leipzig,SV Werder Bremen,4,2,H,BUNDESLIGA,2024-25,openfootball
BUNDESLIGA,14/01/2025,Bayer 04 Leverkusen,1. FSV Mainz 05,1,0,H,BUNDESLIGA,2024-25,openfootball
BUNDESLIGA,14/01/2025,Eintracht Frankfurt,SC Freiburg,4,1,H,BUNDESLIGA,2024-25,openfootball
BUNDESLIGA,14/01/2025,Holstein Kiel,Borussia Dortmund,4,2,H,BUNDESLIGA,2024-25,openfootball
BUNDESLIGA,14/01/2025,VfL Wolfsburg,Borussia Mönchengladbach,5,1,H,BUNDESLIGA,2024-25,openfootball
BUNDESLIGA,15/01/2025,1. FC Union Berlin,FC Augsburg,0,2,A,BUNDESLIGA,2024-25,openfootball
BUNDESLIGA,15/01/2025,FC Bayern München,TSG 1899 Hoffenheim,5,0,H,BUNDESLIGA,2024-25,openfootball
BUNDESLIGA,15/01/2025,SV Werder Bremen,1. FC Heidenheim 1846,3,3,D,BUNDESLIGA,2024-25,openfootball
BUNDESLIGA,15/01/2025,VfB Stuttgart,RB Leipzig,2,1,H,BUNDESLIGA,2024-25,openfootball
BUNDESLIGA,15/01/2025,VfL Bochum 1848,FC St. Pauli 1910,1,0,H,BUNDESLIGA,2024-25,openfootball
BUNDESLIGA,17/01/2025,Eintracht Frankfurt,Borussia Dortmund,2,0,H,BUNDESLIGA,2024-25,openfootball
BUNDESLIGA,18/01/2025,1. FC Heidenheim 1846,FC St. Pauli 1910,0,2,A,BUNDESLIGA,2024-25,openfootball
BUNDESLIGA,18/01/2025,Bayer 04 Leverkusen,Borussia Mönchengladbach,3,1,H,BUNDESLIGA,2024-25,openfootball
BUNDESLIGA,18/01/2025,FC Bayern München,VfL Wolfsburg,3,2,H,BUNDESLIGA,2024-25,openfootball
BUNDESLIGA,18/01/2025,Holstein Kiel,TSG 1899 Hoffenheim,1,3,A,BUNDESLIGA,2024-25,openfootball
BUNDESLIGA,18/01/2025,VfB Stuttgart,SC Freiburg,4,0,H,BUNDESLIGA,2024-25,openfootball
BUNDESLIGA,18/01/2025,VfL Bochum 1848,RB Leipzig,3,3,D,BUNDESLIGA,2024-25,openfootball
BUNDESLIGA,19/01/2025,1. FC Union Berlin,1. FSV Mainz 05,2,1,H,BUNDESLIGA,2024-25,openfootball
BUNDESLIGA,19/01/2025,SV Werder Bremen,FC Augsburg,0,2,A,BUNDESLIGA,2024-25,openfootball
BUNDESLIGA,24/01/2025,VfL Wolfsburg,Holstein Kiel,2,2,D,BUNDESLIGA,2024-25,openfootball
BUNDESLIGA,25/01/2025,1. FSV Mainz 05,VfB Stuttgart,2,0,H,BUNDESLIGA,2024-25,openfootball
BUNDESLIGA,25/01/2025,Borussia Dortmund,SV Werder Bremen,2,2,D,BUNDESLIGA,2024-25,openfootball
BUNDESLIGA,25/01/2025,Borussia Mönchengladbach,VfL Bochum 1848,3,0,H,BUNDESLIGA,2024-25,openfootball
BUNDESLIGA,25/01/2025,FC Augsburg,1. FC Heidenheim 1846,2,1,H,BUNDESLIGA,2024-25,openfootball
BUNDESLIGA,25/01/2025,RB Leipzig,Bayer 04 Leverkusen,2,2,D,BUNDESLIGA,2024-25,openfootball
BUNDESLIGA,25/01/2025,SC Freiburg,FC Bayern München,1,2,A,BUNDESLIGA,2024-25,openfootball
BUNDESLIGA,26/01/2025,FC St. Pauli 1910,1. FC Union Berlin,3,0,H,BUNDESLIGA,2024-25,openfootball
BUNDESLIGA,26/01/2025,TSG 1899 Hoffenheim,Eintracht Frankfurt,2,2,D,BUNDESLIGA,2024-25,openfootball
BUNDESLIGA,31/01/2025,SV Werder Bremen,1. FSV Mainz 05,1,0,H,BUNDESLIGA,2024-25,openfootball
BUNDESLIGA,01/02/2025,1. FC Heidenheim 1846,Borussia Dortmund,1,2,A,BUNDESLIGA,2024-25,openfootball
BUNDESLIGA,01/02/2025,1. FC Union Berlin,RB Leipzig,0,0,D,BUNDESLIGA,2024-25,openfootball
BUNDESLIGA,01/02/2025,FC Bayern München,Holstein Kiel,4,3,H,BUNDESLIGA,2024-25,openfootball
BUNDESLIGA,01/02/2025,FC St. Pauli 1910,FC Augsburg,1,1,D,BUNDESLIGA,2024-25,openfootball
BUNDESLIGA,01/02/2025,VfB Stuttgart,Borussia Mönchengladbach,1,2,A,BUNDESLIGA,2024-25,openfootball
BUNDESLIGA,01/02/2025,VfL Bochum 1848,SC Freiburg,0,1,A,BUNDESLIGA,2024-25,openfootball
BUNDESLIGA,02/02/2025,Bayer 04 Leverkusen,TSG 1899 Hoffenheim,3,1,H,BUNDESLIGA,2024-25,openfootball
BUNDESLIGA,02/02/2025,Eintracht Frankfurt,VfL Wolfsburg,1,1,D,BUNDESLIGA,2024-25,openfootball
BUNDESLIGA,07/02/2025,FC Bayern München,SV Werder Bremen,3,0,H,BUNDESLIGA,2024-25,openfootball
BUNDESLIGA,08/02/2025,1. FSV Mainz 05,FC Augsburg,0,0,D,BUNDESLIGA,2024-25,openfootball
BUNDESLIGA,08/02/2025,Borussia Dortmund,VfB Stuttgart,1,2,A,BUNDESLIGA,2024-25,openfootball
BUNDESLIGA,08/02/2025,Borussia Mönchengladbach,Eintracht Frankfurt,1,1,D,BUNDESLIGA,2024-25,openfootball
BUNDESLIGA,08/02/2025,SC Freiburg,1. FC Heidenheim 1846,1,0,H,BUNDESLIGA,2024-25,openfootball
BUNDESLIGA,08/02/2025,TSG 1899 Hoffenheim,1. FC Union Berlin,0,4,A,BUNDESLIGA,2024-25,openfootball
BUNDESLIGA,08/02/2025,VfL Wolfsburg,Bayer 04 Leverkusen,0,0,D,BUNDESLIGA,2024-25,openfootball
BUNDESLIGA,09/02/2025,Holstein Kiel,VfL Bochum 1848,2,2,D,BUNDESLIGA,2024-25,openfootball
BUNDESLIGA,09/02/2025,RB Leipzig,FC St. Pauli 1910,2,0,H,BUNDESLIGA,2024-25,openfootball
BUNDESLIGA,14/02/2025,FC Augsburg,RB Leipzig,0,0,D,BUNDESLIGA,2024-25,openfootball
BUNDESLIGA,15/02/2025,1. FC Union Berlin,Borussia Mönchengladbach,1,2,A,BUNDESLIGA,2024-25,openfootball
BUNDESLIGA,15/02/2025,Bayer 04 Leverkusen,FC Bayern München,0,0,D,BUNDESLIGA,2024-25,openfootball
BUNDESLIGA,15/02/2025,FC St. Pauli 1910,SC Freiburg,0,1,A,BUNDESLIGA,2024-25,openfootball
BUNDESLIGA,15/02/2025,VfB Stuttgart,VfL Wolfsburg,1,2,A,BUNDESLIGA,2024-25,openfootball
BUNDESLIGA,15/02/2025,VfL Bochum 1848,Borussia Dortmund,2,0,H,BUNDESLIGA,2024-25,openfootball
BUNDESLIGA,16/02/2025,1. FC Heidenheim 1846,1. FSV Mainz 05,0,2,A,BUNDESLIGA,2024-25,openfootball
BUNDESLIGA,16/02/2025,Eintracht Frankfurt,Holstein Kiel,3,1,H,BUNDESLIGA,2024-25,openfootball
BUNDESLIGA,16/02/2025,SV Werder Bremen,TSG 1899 Hoffenheim,1,3,A,BUNDESLIGA,2024-25,openfootball
BUNDESLIGA,21/02/2025,SC Freiburg,SV Werder Bremen,5,0,H,BUNDESLIGA,2024-25,openfootball
BUNDESLIGA,22/02/2025,1. FSV Mainz 05,FC St. Pauli 1910,2,0,H,BUNDESLIGA,2024-25,openfootball
BUNDESLIGA,22/02/2025,Borussia Dortmund,1. FC Union Berlin,6,0,H,BUNDESLIGA,2024-25,openfootball
BUNDESLIGA,22/02/2025,Borussia Mönchengladbach,FC Augsburg,0,3,A,BUNDESLIGA,2024-25,openfootball
BUNDESLIGA,22/02/2025,Holstein Kiel,Bayer 04 Leverkusen,0,2,A,BUNDESLIGA,2024-25,openfootball
BUNDESLIGA,22/02/2025,VfL Wolfsburg,VfL Bochum 1848,1,1,D,BUNDESLIGA,2024-25,openfootball
BUNDESLIGA,23/02/2025,FC Bayern München,Eintracht Frankfurt,4,0,H,BUNDESLIGA,2024-25,openfootball
BUNDESLIGA,23/02/2025,RB Leipzig,1. FC Heidenheim 1846,2,2,D,BUNDESLIGA,2024-25,openfootball
BUNDESLIGA,23/02/2025,TSG 1899 Hoffenheim,VfB Stuttgart,1,1,D,BUNDESLIGA,2024-25,openfootball
BUNDESLIGA,28/02/2025,VfB Stuttgart,FC Bayern München,1,3,A,BUNDESLIGA,2024-25,openfootball
BUNDESLIGA,01/03/2025,1. FC Heidenheim 1846,Borussia Mönchengladbach,0,3,A,BUNDESLIGA,2024-25,openfootball
BUNDESLIGA,01/03/2025,Eintracht Frankfurt,Bayer 04 Leverkusen,1,4,A,BUNDESLIGA,2024-25,openfootball
BUNDESLIGA,01/03/2025,FC St. Pauli 1910,Borussia Dortmund,0,2,A,BUNDESLIGA,2024-25,openfootball
BUNDESLIGA,01/03/2025,RB Leipzig,1. FSV Mainz 05,1,2,A,BUNDESLIGA,2024-25,openfootball
BUNDESLIGA,01/03/2025,SV Werder Bremen,VfL Wolfsburg,1,2,A,BUNDESLIGA,2024-25,openfootball
BUNDESLIGA,01/03/2025,VfL Bochum 1848,TSG 1899 Hoffenheim,0,1,A,BUNDESLIGA,2024-25,openfootball
BUNDESLIGA,02/03/2025,1. FC Union Berlin,Holstein Kiel,0,1,A,BUNDESLIGA,2024-25,openfootball
BUNDESLIGA,02/03/2025,FC Augsburg,SC Freiburg,0,0,D,BUNDESLIGA,2024-25,openfootball
BUNDESLIGA,07/03/2025,Borussia Mönchengladbach,1. FSV Mainz 05,1,3,A,BUNDESLIGA,2024-25,openfootball
BUNDESLIGA,08/03/2025,Bayer 04 Leverkusen,SV Werder Bremen,0,2,A,BUNDESLIGA,2024-25,openfootball
BUNDESLIGA,08/03/2025,Borussia Dortmund,FC Augsburg,0,1,A,BUNDESLIGA,2024-25,openfootball
BUNDESLIGA,08/03/2025,FC Bayern München,VfL Bochum 1848,2,3,A,BUNDESLIGA,2024-25,openfootball
BUNDESLIGA,08/03/2025,Holstein Kiel,VfB Stuttgart,2,2,D,BUNDESLIGA,2024-25,openfootball
BUNDESLIGA,08/03/2025,SC Freiburg,RB Leipzig,0,0,D,BUNDESLIGA,2024-25,openfootball
BUNDESLIGA,08/03/2025,VfL Wolfsburg,FC St. Pauli 1910,1,1,D,BUNDESLIGA,2024-25,openfootball
BUNDESLIGA,09/03/2025,Eintracht Frankfurt,1. FC Union Berlin,1,2,A,BUNDESLIGA,2024-25,openfootball
BUNDESLIGA,09/03/2025,TSG 1899 Hoffenheim,1. FC Heidenheim 1846,1,1,D,BUNDESLIGA,2024-25,openfootball
BUNDESLIGA,14/03/2025,FC St. Pauli 1910,TSG 1899 Hoffenheim,1,0,H,BUNDESLIGA,2024-25,openfootball
BUNDESLIGA,15/03/2025,1. FC Union Berlin,FC Bayern München,1,1,D,BUNDESLIGA,2024-25,openfootball
BUNDESLIGA,15/03/2025,1. FSV Mainz 05,SC Freiburg,2,2,D,BUNDESLIGA,2024-25,openfootball
BUNDESLIGA,15/03/2025,FC Augsburg,VfL Wolfsburg,1,0,H,BUNDESLIGA,2024-25,openfootball
BUNDESLIGA,15/03/2025,RB Leipzig,Borussia Dortmund,2,0,H,BUNDESLIGA,2024-25,openfootball
BUNDESLIGA,15/03/2025,SV Werder Bremen,Borussia Mönchengladbach,2,4,A,BUNDESLIGA,2024-25,openfootball
BUNDESLIGA,16/03/2025,1. FC Heidenheim 1846,Holstein Kiel,3,1,H,BUNDESLIGA,2024-25,openfootball
BUNDESLIGA,16/03/2025,VfB Stuttgart,Bayer 04 Leverkusen,3,4,A,BUNDESLIGA,2024-25,openfootball
BUNDESLIGA,16/03/2025,VfL Bochum 1848,Eintracht Frankfurt,1,3,A,BUNDESLIGA,2024-25,openfootball
BUNDESLIGA,28/03/2025,Bayer 04 Leverkusen,VfL Bochum 1848,3,1,H,BUNDESLIGA,2024-25,openfootball
BUNDESLIGA,29/03/2025,Borussia Mönchengladbach,RB Leipzig,1,0,H,BUNDESLIGA,2024-25,openfootball
BUNDESLIGA,29/03/2025,Eintracht Frankfurt,VfB Stuttgart,1,0,H,BUNDESLIGA,2024-25,openfootball
BUNDESLIGA,29/03/2025,FC Bayern München,FC St. Pauli 1910,3,2,H,BUNDESLIGA,2024-25,openfootball
BUNDESLIGA,29/03/2025,Holstein Kiel,SV Werder Bremen,0,3,A,BUNDESLIGA,2024-25,openfootball
BUNDESLIGA,29/03/2025,TSG 1899 Hoffenheim,FC Augsburg,1,1,D,BUNDESLIGA,2024-25,openfootball
BUNDESLIGA,29/03/2025,VfL Wolfsburg,1. FC Heidenheim 1846,0,1,A,BUNDESLIGA,2024-25,openfootball
BUNDESLIGA,30/03/2025,Borussia Dortmund,1. FSV Mainz 05,3,1,H,BUNDESLIGA,2024-25,openfootball
BUNDESLIGA,30/03/2025,SC Freiburg,1. FC Union Berlin,1,2,A,BUNDESLIGA,2024-25,openfootball
BUNDESLIGA,04/04/2025,FC Augsburg,FC Bayern München,1,3,A,BUNDESLIGA,2024-25,openfootball
BUNDESLIGA,05/04/2025,1. FC Heidenheim 1846,Bayer 04 Leverkusen,0,1,A,BUNDESLIGA,2024-25,openfootball
BUNDESLIGA,05/04/2025,1. FSV Mainz 05,Holstein Kiel,1,1,D,BUNDESLIGA,2024-25,openfootball
BUNDESLIGA,05/04/2025,RB Leipzig,TSG 1899 Hoffenheim,3,1,H,BUNDESLIGA,2024-25,openfootball
BUNDESLIGA,05/04/2025,SC Freiburg,Borussia Dortmund,1,4,A,BUNDESLIGA,2024-25,openfootball
BUNDESLIGA,05/04/2025,SV Werder Bremen,Eintracht Frankfurt,2,0,H,BUNDESLIGA,2024-25,openfootball
BUNDESLIGA,05/04/2025,VfL Bochum 1848,VfB Stuttgart,0,4,A,BUNDESLIGA,2024-25,openfootball
BUNDESLIGA,06/04/2025,1. FC Union Berlin,VfL Wolfsburg,1,0,H,BUNDESLIGA,2024-25,openfootball
BUNDESLIGA,06/04/2025,FC St. Pauli 1910,Borussia Mönchengladbach,1,1,D,BUNDESLIGA,2024-25,openfootball
BUNDESLIGA,11/04/2025,VfL Wolfsburg,RB Leipzig,2,3,A,BUNDESLIGA,2024-25,openfootball
BUNDESLIGA,12/04/2025,Bayer 04 Leverkusen,1. FC Union Berlin,0,0,D,BUNDESLIGA,2024-25,openfootball
BUNDESLIGA,12/04/2025,Borussia Mönchengladbach,SC Freiburg,1,2,A,BUNDESLIGA,2024-25,openfootball
BUNDESLIGA,12/04/2025,FC Bayern München,Borussia Dortmund,2,2,D,BUNDESLIGA,2024-25,openfootball
BUNDESLIGA,12/04/2025,Holstein Kiel,FC St. Pauli 1910,1,2,A,BUNDESLIGA,2024-25,openfootball
BUNDESLIGA,12/04/2025,TSG 1899 Hoffenheim,1. FSV Mainz 05,2,0,H,BUNDESLIGA,2024-25,openfootball
BUNDESLIGA,12/04/2025,VfL Bochum 1848,FC Augsburg,1,2,A,BUNDESLIGA,2024-25,openfootball
BUNDESLIGA,13/04/2025,Eintracht Frankfurt,1. FC Heidenheim 1846,3,0,H,BUNDESLIGA,2024-25,openfootball
BUNDESLIGA,13/04/2025,VfB Stuttgart,SV Werder Bremen,1,2,A,BUNDESLIGA,2024-25,openfootball
BUNDESLIGA,19/04/2025,1. FC Heidenheim 1846,FC Bayern München,0,4,A,BUNDESLIGA,2024-25,openfootball
BUNDESLIGA,19/04/2025,1. FC Union Berlin,VfB Stuttgart,4,4,D,BUNDESLIGA,2024-25,openfootball
BUNDESLIGA,19/04/2025,1. FSV Mainz 05,VfL Wolfsburg,2,2,D,BUNDESLIGA,2024-25,openfootball
BUNDESLIGA,19/04/2025,RB Leipzig,Holstein Kiel,1,1,D,BUNDESLIGA,2024-25,openfootball
BUNDESLIGA,19/04/2025,SC Freiburg,TSG 1899 Hoffenheim,3,2,H,BUNDESLIGA,2024-25,openfootball
BUNDESLIGA,19/04/2025,SV Werder Bremen,VfL Bochum 1848,1,0,H,BUNDESLIGA,2024-25,openfootball
BUNDESLIGA,20/04/2025,Borussia Dortmund,Borussia Mönchengladbach,3,2,H,BUNDESLIGA,2024-25,openfootball
BUNDESLIGA,20/04/2025,FC Augsburg,Eintracht Frankfurt,0,0,D,BUNDESLIGA,2024-25,openfootball
BUNDESLIGA,20/04/2025,FC St. Pauli 1910,Bayer 04 Leverkusen,1,1,D,BUNDESLIGA,2024-25,openfootball
BUNDESLIGA,25/04/2025,VfB Stuttgart,1. FC Heidenheim 1846,0,1,A,BUNDESLIGA,2024-25,openfootball
BUNDESLIGA,26/04/2025,Bayer 04 Leverkusen,FC Augsburg,2,0,H,BUNDESLIGA,2024-25,openfootball
BUNDESLIGA,26/04/2025,Eintracht Frankfurt,RB Leipzig,4,0,H,BUNDESLIGA,2024-25,openfootball
BUNDESLIGA,26/04/2025,FC Bayern München,1. FSV Mainz 05,3,0,H,BUNDESLIGA,2024-25,openfootball
BUNDESLIGA,26/04/2025,Holstein Kiel,Borussia Mönchengladbach,4,3,H,BUNDESLIGA,2024-25,openfootball
BUNDESLIGA,26/04/2025,TSG 1899 Hoffenheim,Borussia Dortmund,2,3,A,BUNDESLIGA,2024-25,openfootball
BUNDESLIGA,26/04/2025,VfL Wolfsburg,SC Freiburg,0,1,A,BUNDESLIGA,2024-25,openfootball
BUNDESLIGA,27/04/2025,SV Werder Bremen,FC St. Pauli 1910,0,0,D,BUNDESLIGA,2024-25,openfootball
BUNDESLIGA,27/04/2025,VfL Bochum 1848,1. FC Union Berlin,1,1,D,BUNDESLIGA,2024-25,openfootball
BUNDESLIGA,02/05/2025,1. FC Heidenheim 1846,VfL Bochum 1848,0,0,D,BUNDESLIGA,2024-25,openfootball
BUNDESLIGA,03/05/2025,1. FC Union Berlin,SV Werder Bremen,2,2,D,BUNDESLIGA,2024-25,openfootball
BUNDESLIGA,03/05/2025,Borussia Dortmund,VfL Wolfsburg,4,0,H,BUNDESLIGA,2024-25,openfootball
BUNDESLIGA,03/05/2025,Borussia Mönchengladbach,TSG 1899 Hoffenheim,4,4,D,BUNDESLIGA,2024-25,openfootball
BUNDESLIGA,03/05/2025,FC St. Pauli 1910,VfB Stuttgart,0,1,A,BUNDESLIGA,2024-25,openfootball
BUNDESLIGA,03/05/2025,RB Leipzig,FC Bayern München,3,3,D,BUNDESLIGA,2024-25,openfootball
BUNDESLIGA,04/05/2025,1. FSV Mainz 05,Eintracht Frankfurt,1,1,D,BUNDESLIGA,2024-25,openfootball
BUNDESLIGA,04/05/2025,FC Augsburg,Holstein Kiel,1,3,A,BUNDESLIGA,2024-25,openfootball
BUNDESLIGA,04/05/2025,SC Freiburg,Bayer 04 Leverkusen,2,2,D,BUNDESLIGA,2024-25,openfootball
BUNDESLIGA,09/05/2025,VfL Wolfsburg,TSG 1899 Hoffenheim,2,2,D,BUNDESLIGA,2024-25,openfootball
BUNDESLIGA,10/05/2025,1. FC Union Berlin,1. FC Heidenheim 1846,0,3,A,BUNDESLIGA,2024-25,openfootball
BUNDESLIGA,10/05/2025,FC Bayern München,Borussia Mönchengladbach,2,0,H,BUNDESLIGA,2024-25,openfootball
BUNDESLIGA,10/05/2025,Holstein Kiel,SC Freiburg,1,2,A,BUNDESLIGA,2024-25,openfootball
BUNDESLIGA,10/05/2025,SV Werder Bremen,RB Leipzig,0,0,D,BUNDESLIGA,2024-25,openfootball
BUNDESLIGA,10/05/2025,VfL Bochum 1848,1. FSV Mainz 05,1,4,A,BUNDESLIGA,2024-25,openfootball
BUNDESLIGA,11/05/2025,Bayer 04 Leverkusen,Borussia Dortmund,2,4,A,BUNDESLIGA,2024-25,openfootball
BUNDESLIGA,11/05/2025,Eintracht Frankfurt,FC St. Pauli 1910,2,2,D,BUNDESLIGA,2024-25,openfootball
BUNDESLIGA,11/05/2025,VfB Stuttgart,FC Augsburg,4,0,H,BUNDESLIGA,2024-25,openfootball
BUNDESLIGA,17/05/2025,1. FC Heidenheim 1846,SV Werder Bremen,1,4,A,BUNDESLIGA,2024-25,openfootball
BUNDESLIGA,17/05/2025,1. FSV Mainz 05,Bayer 04 Leverkusen,2,2,D,BUNDESLIGA,2024-25,openfootball
BUNDESLIGA,17/05/2025,Borussia Dortmund,Holstein Kiel,3,0,H,BUNDESLIGA,2024-25,openfootball
BUNDESLIGA,17/05/2025,Borussia Mönchengladbach,VfL Wolfsburg,0,1,A,BUNDESLIGA,2024-25,openfootball
BUNDESLIGA,17/05/2025,FC Augsburg,1. FC Union Berlin,1,2,A,BUNDESLIGA,2024-25,openfootball
BUNDESLIGA,17/05/2025,FC St. Pauli 1910,VfL Bochum 1848,0,2,A,BUNDESLIGA,2024-25,openfootball
BUNDESLIGA,17/05/2025,RB Leipzig,VfB Stuttgart,2,3,A,BUNDESLIGA,2024-25,openfootball
BUNDESLIGA,17/05/2025,SC Freiburg,Eintracht Frankfurt,1,3,A,BUNDESLIGA,2024-25,openfootball
BUNDESLIGA,17/05/2025,TSG 1899 Hoffenheim,FC Bayern München,0,4,A,BUNDESLIGA,2024-25,openfootball
