Div,Date,HomeTeam,AwayTeam,FTHG,FTAG,FTR,source_league,source_season,source_provider
EPL,13/08/2021,Brentford FC,Arsenal FC,2,0,H,EPL,2021-22,openfootball
EPL,14/08/2021,Burnley FC,Brighton & Hove Albion FC,1,2,A,EPL,2021-22,openfootball
EPL,14/08/2021,Chelsea FC,Crystal Palace FC,3,0,H,EPL,2021-22,openfootball
EPL,14/08/2021,Everton FC,Southampton FC,3,1,H,EPL,2021-22,openfootball
EPL,14/08/2021,Leicester City FC,Wolverhampton Wanderers FC,1,0,H,EPL,2021-22,openfootball
EPL,14/08/2021,Manchester United FC,Leeds United FC,5,1,H,EPL,2021-22,openfootball
EPL,14/08/2021,Norwich City FC,Liverpool FC,0,3,A,EPL,2021-22,openfootball
EPL,14/08/2021,Watford FC,Aston Villa FC,3,2,H,EPL,2021-22,openfootball
EPL,15/08/2021,Newcastle United FC,West Ham United FC,2,4,A,EPL,2021-22,openfootball
EPL,15/08/2021,Tottenham Hotspur FC,Manchester City FC,1,0,H,EPL,2021-22,openfootball
EPL,21/08/2021,Aston Villa FC,Newcastle United FC,2,0,H,EPL,2021-22,openfootball
EPL,21/08/2021,Brighton & Hove Albion FC,Watford FC,2,0,H,EPL,2021-22,openfootball
EPL,21/08/2021,Crystal Palace FC,Brentford FC,0,0,D,EPL,2021-22,openfootball
EPL,21/08/2021,Leeds United FC,Everton FC,2,2,D,EPL,2021-22,openfootball
EPL,21/08/2021,Liverpool FC,Burnley FC,2,0,H,EPL,2021-22,openfootball
EPL,21/08/2021,Manchester City FC,Norwich City FC,5,0,H,EPL,2021-22,openfootball
EPL,22/08/2021,Arsenal FC,Chelsea FC,0,2,A,EPL,2021-22,openfootball
EPL,22/08/2021,Southampton FC,Manchester United FC,1,1,D,EPL,2021-22,openfootball
EPL,22/08/2021,Wolverhampton Wanderers FC,Tottenham Hotspur FC,0,1,A,EPL,2021-22,openfootball
EPL,23/08/2021,West Ham United FC,Leicester City FC,4,1,H,EPL,2021-22,openfootball
EPL,28/08/2021,Aston Villa FC,Brentford FC,1,1,D,EPL,2021-22,openfootball
EPL,28/08/2021,Brighton & Hove Albion FC,Everton FC,0,2,A,EPL,2021-22,openfootball
EPL,28/08/2021,Liverpool FC,Chelsea FC,1,1,D,EPL,2021-22,openfootball
EPL,28/08/2021,Manchester City FC,Arsenal FC,5,0,H,EPL,2021-22,openfootball
EPL,28/08/2021,Newcastle United FC,Southampton FC,2,2,D,EPL,2021-22,openfootball
EPL,28/08/2021,Norwich City FC,Leicester City FC,1,2,A,EPL,2021-22,openfootball
EPL,28/08/2021,West Ham United FC,Crystal Palace FC,2,2,D,EPL,2021-22,openfootball
EPL,29/08/2021,Burnley FC,Leeds United FC,1,1,D,EPL,2021-22,openfootball
EPL,29/08/2021,Tottenham Hotspur FC,Watford FC,1,0,H,EPL,2021-22,openfootball
EPL,29/08/2021,Wolverhampton Wanderers FC,Manchester United FC,0,1,A,EPL,2021-22,openfootball
EPL,11/09/2021,Arsenal FC,Norwich City FC,1,0,H,EPL,2021-22,openfootball
EPL,11/09/2021,Brentford FC,Brighton & Hove Albion FC,0,1,A,EPL,2021-22,openfootball
EPL,11/09/2021,Chelsea FC,Aston Villa FC,3,0,H,EPL,2021-22,openfootball
EPL,11/09/2021,Crystal Palace FC,Tottenham Hotspur FC,3,0,H,EPL,2021-22,openfootball
EPL,11/09/2021,Leicester City FC,Manchester City FC,0,1,A,EPL,2021-22,openfootball
EPL,11/09/2021,Manchester United FC,Newcastle United FC,4,1,H,EPL,2021-22,openfootball
EPL,11/09/2021,Southampton FC,West Ham United FC,0,0,D,EPL,2021-22,openfootball
EPL,11/09/2021,Watford FC,Wolverhampton Wanderers FC,0,2,A,EPL,2021-22,openfootball
EPL,12/09/2021,Leeds United FC,Liverpool FC,0,3,A,EPL,2021-22,openfootball
EPL,13/09/2021,Everton FC,Burnley FC,3,1,H,EPL,2021-22,openfootball
EPL,17/09/2021,Newcastle United FC,Leeds United FC,1,1,D,EPL,2021-22,openfootball
EPL,18/09/2021,Aston Villa FC,Everton FC,3,0,H,EPL,2021-22,openfootball
EPL,18/09/2021,Burnley FC,Arsenal FC,0,1,A,EPL,2021-22,openfootball
EPL,18/09/2021,Liverpool FC,Crystal Palace FC,3,0,H,EPL,2021-22,openfootball
EPL,18/09/2021,Manchester City FC,Southampton FC,0,0,D,EPL,2021-22,openfootball
EPL,18/09/2021,Norwich City FC,Watford FC,1,3,A,EPL,2021-22,openfootball
EPL,18/09/2021,Wolverhampton Wanderers FC,Brentford FC,0,2,A,EPL,2021-22,openfootball
EPL,19/09/2021,Brighton & Hove Albion FC,Leicester City FC,2,1,H,EPL,2021-22,openfootball
EPL,19/09/2021,Tottenham Hotspur FC,Chelsea FC,0,3,A,EPL,2021-22,openfootball
EPL,19/09/2021,West Ham United FC,Manchester United FC,1,2,A,EPL,2021-22,openfootball
EPL,25/09/2021,Brentford FC,Liverpool FC,3,3,D,EPL,2021-22,openfootball
EPL,25/09/2021,Chelsea FC,Manchester City FC,0,1,A,EPL,2021-22,openfootball
EPL,25/09/2021,Everton FC,Norwich City FC,2,0,H,EPL,2021-22,openfootball
EPL,25/09/2021,Leeds United FC,West Ham United FC,1,2,A,EPL,2021-22,openfootball
EPL,25/09/2021,Leicester City FC,Burnley FC,2,2,D,EPL,2021-22,openfootball
EPL,25/09/2021,Manchester United FC,Aston Villa FC,0,1,A,EPL,2021-22,openfootball
EPL,25/09/2021,Watford FC,Newcastle United FC,1,1,D,EPL,2021-22,openfootball
EPL,26/09/2021,Arsenal FC,Tottenham Hotspur FC,3,1,H,EPL,2021-22,openfootball
EPL,26/09/2021,Southampton FC,Wolverhampton Wanderers FC,0,1,A,EPL,2021-22,openfootball
EPL,27/09/2021,Crystal Palace FC,Brighton & Hove Albion FC,1,1,D,EPL,2021-22,openfootball
EPL,02/10/2021,Brighton & Hove Albion FC,Arsenal FC,0,0,D,EPL,2021-22,openfootball
EPL,02/10/2021,Burnley FC,Norwich City FC,0,0,D,EPL,2021-22,openfootball
EPL,02/10/2021,Chelsea FC,Southampton FC,3,1,H,EPL,2021-22,openfootball
EPL,02/10/2021,Leeds United FC,Watford FC,1,0,H,EPL,2021-22,openfootball
EPL,02/10/2021,Manchester United FC,Everton FC,1,1,D,EPL,2021-22,openfootball
EPL,02/10/2021,Wolverhampton Wanderers FC,Newcastle United FC,2,1,H,EPL,2021-22,openfootball
EPL,03/10/2021,Crystal Palace FC,Leicester City FC,2,2,D,EPL,2021-22,openfootball
EPL,03/10/2021,Liverpool FC,Manchester City FC,2,2,D,EPL,2021-22,openfootball
EPL,03/10/2021,Tottenham Hotspur FC,Aston Villa FC,2,1,H,EPL,2021-22,openfootball
EPL,03/10/2021,West Ham United FC,Brentford FC,1,2,A,EPL,2021-22,openfootball
EPL,16/10/2021,Aston Villa FC,Wolverhampton Wanderers FC,2,3,A,EPL,2021-22,openfootball
EPL,16/10/2021,Brentford FC,Chelsea FC,0,1,A,EPL,2021-22,openfootball
EPL,16/10/2021,Leicester City FC,Manchester United FC,4,2,H,EPL,2021-22,openfootball
EPL,16/10/2021,Manchester City FC,Burnley FC,2,0,H,EPL,2021-22,openfootball
EPL,16/10/2021,Norwich City FC,Brighton & Hove Albion FC,0,0,D,EPL,2021-22,openfootball
EPL,16/10/2021,Southampton FC,Leeds United FC,1,0,H,EPL,2021-22,openfootball
EPL,16/10/2021,Watford FC,Liverpool FC,0,5,A,EPL,2021-22,openfootball
EPL,17/10/2021,Everton FC,West Ham United FC,0,1,A,EPL,2021-22,openfootball
EPL,17/10/2021,Newcastle United FC,Tottenham Hotspur FC,2,3,A,EPL,2021-22,openfootball
EPL,18/10/2021,Arsenal FC,Crystal Palace FC,2,2,D,EPL,2021-22,openfootball
EPL,22/10/2021,Arsenal FC,Aston Villa FC,3,1,H,EPL,2021-22,openfootball
EPL,23/10/2021,Brighton & Hove Albion FC,Manchester City FC,1,4,A,EPL,2021-22,openfootball
EPL,23/10/2021,Chelsea FC,Norwich City FC,7,0,H,EPL,2021-22,openfootball
EPL,23/10/2021,Crystal Palace FC,Newcastle United FC,1,1,D,EPL,2021-22,openfootball
EPL,23/10/2021,Everton FC,Watford FC,2,5,A,EPL,2021-22,openfootball
EPL,23/10/2021,Leeds United FC,Wolverhampton Wanderers FC,1,1,D,EPL,2021-22,openfootball
EPL,23/10/2021,Southampton FC,Burnley FC,2,2,D,EPL,2021-22,openfootball
EPL,24/10/2021,Brentford FC,Leicester City FC,1,2,A,EPL,2021-22,openfootball
EPL,24/10/2021,Manchester United FC,Liverpool FC,0,5,A,EPL,2021-22,openfootball
EPL,24/10/2021,West Ham United FC,Tottenham Hotspur FC,1,0,H,EPL,2021-22,openfootball
EPL,30/10/2021,Burnley FC,Brentford FC,3,1,H,EPL,2021-22,openfootball
EPL,30/10/2021,Leicester City FC,Arsenal FC,0,2,A,EPL,2021-22,openfootball
EPL,30/10/2021,Liverpool FC,Brighton & Hove Albion FC,2,2,D,EPL,2021-22,openfootball
EPL,30/10/2021,Manchester City FC,Crystal Palace FC,0,2,A,EPL,2021-22,openfootball
EPL,30/10/2021,Newcastle United FC,Chelsea FC,0,3,A,EPL,2021-22,openfootball
EPL,30/10/2021,Tottenham Hotspur FC,Manchester United FC,0,3,A,EPL,2021-22,openfootball
EPL,30/10/2021,Watford FC,Southampton FC,0,1,A,EPL,2021-22,openfootball
EPL,31/10/2021,Aston Villa FC,West Ham United FC,1,4,A,EPL,2021-22,openfootball
EPL,31/10/2021,Norwich City FC,Leeds United FC,1,2,A,EPL,2021-22,openfootball
EPL,01/11/2021,Wolverhampton Wanderers FC,Everton FC,2,1,H,EPL,2021-22,openfootball
EPL,05/11/2021,Southampton FC,Aston Villa FC,1,0,H,EPL,2021-22,openfootball
EPL,06/11/2021,Brentford FC,Norwich City FC,1,2,A,EPL,2021-22,openfootball
EPL,06/11/2021,Brighton & Hove Albion FC,Newcastle United FC,1,1,D,EPL,2021-22,openfootball
EPL,06/11/2021,Chelsea FC,Burnley FC,1,1,D,EPL,2021-22,openfootball
EPL,06/11/2021,Crystal Palace FC,Wolverhampton Wanderers FC,2,0,H,EPL,2021-22,openfootball
EPL,06/11/2021,Manchester United FC,Manchester City FC,0,2,A,EPL,2021-22,openfootball
EPL,07/11/2021,Arsenal FC,Watford FC,1,0,H,EPL,2021-22,openfootball
EPL,07/11/2021,Everton FC,Tottenham Hotspur FC,0,0,D,EPL,2021-22,openfootball
EPL,07/11/2021,Leeds United FC,Leicester City FC,1,1,D,EPL,2021-22,openfootball
EPL,07/11/2021,West Ham United FC,Liverpool FC,3,2,H,EPL,2021-22,openfootball
EPL,20/11/2021,Aston Villa FC,Brighton & Hove Albion FC,2,0,H,EPL,2021-22,openfootball
EPL,20/11/2021,Burnley FC,Crystal Palace FC,3,3,D,EPL,2021-22,openfootball
EPL,20/11/2021,Leicester City FC,Chelsea FC,0,3,A,EPL,2021-22,openfootball
EPL,20/11/2021,Liverpool FC,Arsenal FC,4,0,H,EPL,2021-22,openfootball
EPL,20/11/2021,Newcastle United FC,Brentford FC,3,3,D,EPL,2021-22,openfootball
EPL,20/11/2021,Norwich City FC,Southampton FC,2,1,H,EPL,2021-22,openfootball
EPL,20/11/2021,Watford FC,Manchester United FC,4,1,H,EPL,2021-22,openfootball
EPL,20/11/2021,Wolverhampton Wanderers FC,West Ham United FC,1,0,H,EPL,2021-22,openfootball
EPL,21/11/2021,Manchester City FC,Everton FC,3,0,H,EPL,2021-22,openfootball
EPL,21/11/2021,Tottenham Hotspur FC,Leeds United FC,2,1,H,EPL,2021-22,openfootball
EPL,27/11/2021,Arsenal FC,Newcastle United FC,2,0,H,EPL,2021-22,openfootball
EPL,27/11/2021,Brighton & Hove Albion FC,Leeds United FC,0,0,D,EPL,2021-22,openfootball
EPL,27/11/2021,Crystal Palace FC,Aston Villa FC,1,2,A,EPL,2021-22,openfootball
EPL,27/11/2021,Liverpool FC,Southampton FC,4,0,H,EPL,2021-22,openfootball
EPL,27/11/2021,Norwich City FC,Wolverhampton Wanderers FC,0,0,D,EPL,2021-22,openfootball
EPL,28/11/2021,Brentford FC,Everton FC,1,0,H,EPL,2021-22,openfootball
EPL,28/11/2021,Chelsea FC,Manchester United FC,1,1,D,EPL,2021-22,openfootball
EPL,28/11/2021,Leicester City FC,Watford FC,4,2,H,EPL,2021-22,openfootball
EPL,28/11/2021,Manchester City FC,West Ham United FC,2,1,H,EPL,2021-22,openfootball
EPL,30/11/2021,Leeds United FC,Crystal Palace FC,1,0,H,EPL,2021-22,openfootball
EPL,30/11/2021,Newcastle United FC,Norwich City FC,1,1,D,EPL,2021-22,openfootball
EPL,01/12/2021,Aston Villa FC,Manchester City FC,1,2,A,EPL,2021-22,openfootball
EPL,01/12/2021,Everton FC,Liverpool FC,1,4,A,EPL,2021-22,openfootball
EPL,01/12/2021,Southampton FC,Leicester City FC,2,2,D,EPL,2021-22,openfootball
EPL,01/12/2021,Watford FC,Chelsea FC,1,2,A,EPL,2021-22,openfootball
EPL,01/12/2021,West Ham United FC,Brighton & Hove Albion FC,1,1,D,EPL,2021-22,openfootball
EPL,01/12/2021,Wolverhampton Wanderers FC,Burnley FC,0,0,D,EPL,2021-22,openfootball
EPL,02/12/2021,Manchester United FC,Arsenal FC,3,2,H,EPL,2021-22,openfootball
EPL,02/12/2021,Tottenham Hotspur FC,Brentford FC,2,0,H,EPL,2021-22,openfootball
EPL,04/12/2021,Newcastle United FC,Burnley FC,1,0,H,EPL,2021-22,openfootball
EPL,04/12/2021,Southampton FC,Brighton & Hove Albion FC,1,1,D,EPL,2021-22,openfootball
EPL,04/12/2021,Watford FC,Manchester City FC,1,3,A,EPL,2021-22,openfootball
EPL,04/12/2021,West Ham United FC,Chelsea FC,3,2,H,EPL,2021-22,openfootball
EPL,04/12/2021,Wolverhampton Wanderers FC,Liverpool FC,0,1,A,EPL,2021-22,openfootball
EPL,05/12/2021,Aston Villa FC,Leicester City FC,2,1,H,EPL,2021-22,openfootball
EPL,05/12/2021,Leeds United FC,Brentford FC,2,2,D,EPL,2021-22,openfootball
EPL,05/12/2021,Manchester United FC,Crystal Palace FC,1,0,H,EPL,2021-22,openfootball
EPL,05/12/2021,Tottenham Hotspur FC,Norwich City FC,3,0,H,EPL,2021-22,openfootball
EPL,06/12/2021,Everton FC,Arsenal FC,2,1,H,EPL,2021-22,openfootball
EPL,10/12/2021,Brentford FC,Watford FC,2,1,H,EPL,2021-22,openfootball
EPL,11/12/2021,Arsenal FC,Southampton FC,3,0,H,EPL,2021-22,openfootball
EPL,11/12/2021,Chelsea FC,Leeds United FC,3,2,H,EPL,2021-22,openfootball
EPL,11/12/2021,Liverpool FC,Aston Villa FC,1,0,H,EPL,2021-22,openfootball
EPL,11/12/2021,Manchester City FC,Wolverhampton Wanderers FC,1,0,H,EPL,2021-22,openfootball
EPL,11/12/2021,Norwich City FC,Manchester United FC,0,1,A,EPL,2021-22,openfootball
EPL,12/12/2021,Burnley FC,West Ham United FC,0,0,D,EPL,2021-22,openfootball
EPL,12/12/2021,Crystal Palace FC,Everton FC,3,1,H,EPL,2021-22,openfootball
EPL,12/12/2021,Leicester City FC,Newcastle United FC,4,0,H,EPL,2021-22,openfootball
EPL,14/12/2021,Manchester City FC,Leeds United FC,7,0,H,EPL,2021-22,openfootball
EPL,14/12/2021,Norwich City FC,Aston Villa FC,0,2,A,EPL,2021-22,openfootball
EPL,15/12/2021,Arsenal FC,West Ham United FC,2,0,H,EPL,2021-22,openfootball
EPL,15/12/2021,Brighton & Hove Albion FC,Wolverhampton Wanderers FC,0,1,A,EPL,2021-22,openfootball
EPL,15/12/2021,Crystal Palace FC,Southampton FC,2,2,D,EPL,2021-22,openfootball
EPL,16/12/2021,Chelsea FC,Everton FC,1,1,D,EPL,2021-22,openfootball
EPL,16/12/2021,Liverpool FC,Newcastle United FC,3,1,H,EPL,2021-22,openfootball
EPL,18/12/2021,Leeds United FC,Arsenal FC,1,4,A,EPL,2021-22,openfootball
EPL,19/12/2021,Newcastle United FC,Manchester City FC,0,4,A,EPL,2021-22,openfootball
EPL,19/12/2021,Tottenham Hotspur FC,Liverpool FC,2,2,D,EPL,2021-22,openfootball
EPL,19/12/2021,Wolverhampton Wanderers FC,Chelsea FC,0,0,D,EPL,2021-22,openfootball
EPL,26/12/2021,Aston Villa FC,Chelsea FC,1,3,A,EPL,2021-22,openfootball
EPL,26/12/2021,Brighton & Hove Albion FC,Brentford FC,2,0,H,EPL,2021-22,openfootball
EPL,26/12/2021,Manchester City FC,Leicester City FC,6,3,H,EPL,2021-22,openfootball
EPL,26/12/2021,Norwich City FC,Arsenal FC,0,5,A,EPL,2021-22,openfootball
EPL,26/12/2021,Tottenham Hotspur FC,Crystal Palace FC,3,0,H,EPL,2021-22,openfootball
EPL,26/12/2021,West Ham United FC,Southampton FC,2,3,A,EPL,2021-22,openfootball
EPL,27/12/2021,Newcastle United FC,Manchester United FC,1,1,D,EPL,2021-22,openfootball
EPL,28/12/2021,Crystal Palace FC,Norwich City FC,3,0,H,EPL,2021-22,openfootball
EPL,28/12/2021,Leicester City FC,Liverpool FC,1,0,H,EPL,2021-22,openfootball
EPL,28/12/2021,Southampton FC,Tottenham Hotspur FC,1,1,D,EPL,2021-22,openfootball
EPL,28/12/2021,Watford FC,West Ham United FC,1,4,A,EPL,2021-22,openfootball
EPL,29/12/2021,Brentford FC,Manchester City FC,0,1,A,EPL,2021-22,openfootball
EPL,29/12/2021,Chelsea FC,Brighton & Hove Albion FC,1,1,D,EPL,2021-22,openfootball
EPL,30/12/2021,Manchester United FC,Burnley FC,3,1,H,EPL,2021-22,openfootball
EPL,01/01/2022,Arsenal FC,Manchester City FC,1,2,A,EPL,2021-22,openfootball
EPL,01/01/2022,Crystal Palace FC,West Ham United FC,2,3,A,EPL,2021-22,openfootball
EPL,01/01/2022,Watford FC,Tottenham Hotspur FC,0,1,A,EPL,2021-22,openfootball
EPL,02/01/2022,Brentford FC,Aston Villa FC,2,1,H,EPL,2021-22,openfootball
EPL,02/01/2022,Chelsea FC,Liverpool FC,2,2,D,EPL,2021-22,openfootball
EPL,02/01/2022,Everton FC,Brighton & Hove Albion FC,2,3,A,EPL,2021-22,openfootball
EPL,02/01/2022,Leeds United FC,Burnley FC,3,1,H,EPL,2021-22,openfootball
EPL,03/01/2022,Manchester United FC,Wolverhampton Wanderers FC,0,1,A,EPL,2021-22,openfootball
EPL,11/01/2022,Southampton FC,Brentford FC,4,1,H,EPL,2021-22,openfootball
EPL,12/01/2022,West Ham United FC,Norwich City FC,2,0,H,EPL,2021-22,openfootball
EPL,14/01/2022,Brighton & Hove Albion FC,Crystal Palace FC,1,1,D,EPL,2021-22,openfootball
EPL,15/01/2022,Aston Villa FC,Manchester United FC,2,2,D,EPL,2021-22,openfootball
EPL,15/01/2022,Manchester City FC,Chelsea FC,1,0,H,EPL,2021-22,openfootball
EPL,15/01/2022,Newcastle United FC,Watford FC,1,1,D,EPL,2021-22,openfootball
EPL,15/01/2022,Norwich City FC,Everton FC,2,1,H,EPL,2021-22,openfootball
EPL,15/01/2022,Wolverhampton Wanderers FC,Southampton FC,3,1,H,EPL,2021-22,openfootball
EPL,16/01/2022,Liverpool FC,Brentford FC,3,0,H,EPL,2021-22,openfootball
EPL,16/01/2022,West Ham United FC,Leeds United FC,2,3,A,EPL,2021-22,openfootball
EPL,18/01/2022,Brighton & Hove Albion FC,Chelsea FC,1,1,D,EPL,2021-22,openfootball
EPL,19/01/2022,Brentford FC,Manchester United FC,1,3,A,EPL,2021-22,openfootball
EPL,19/01/2022,Leicester City FC,Tottenham Hotspur FC,2,3,A,EPL,2021-22,openfootball
EPL,21/01/2022,Watford FC,Norwich City FC,0,3,A,EPL,2021-22,openfootball
EPL,22/01/2022,Brentford FC,Wolverhampton Wanderers FC,1,2,A,EPL,2021-22,openfootball
EPL,22/01/2022,Everton FC,Aston Villa FC,0,1,A,EPL,2021-22,openfootball
EPL,22/01/2022,Leeds United FC,Newcastle United FC,0,1,A,EPL,2021-22,openfootball
EPL,22/01/2022,Manchester United FC,West Ham United FC,1,0,H,EPL,2021-22,openfootball
EPL,22/01/2022,Southampton FC,Manchester City FC,1,1,D,EPL,2021-22,openfootball
EPL,23/01/2022,Arsenal FC,Burnley FC,0,0,D,EPL,2021-22,openfootball
EPL,23/01/2022,Chelsea FC,Tottenham Hotspur FC,2,0,H,EPL,2021-22,openfootball
EPL,23/01/2022,Crystal Palace FC,Liverpool FC,1,3,A,EPL,2021-22,openfootball
EPL,23/01/2022,Leicester City FC,Brighton & Hove Albion FC,1,1,D,EPL,2021-22,openfootball
EPL,05/02/2022,Burnley FC,Watford FC,0,0,D,EPL,2021-22,openfootball
EPL,08/02/2022,Burnley FC,Manchester United FC,1,1,D,EPL,2021-22,openfootball
EPL,08/02/2022,Newcastle United FC,Everton FC,3,1,H,EPL,2021-22,openfootball
EPL,08/02/2022,West Ham United FC,Watford FC,1,0,H,EPL,2021-22,openfootball
EPL,09/02/2022,Aston Villa FC,Leeds United FC,3,3,D,EPL,2021-22,openfootball
EPL,09/02/2022,Manchester City FC,Brentford FC,2,0,H,EPL,2021-22,openfootball
EPL,09/02/2022,Norwich City FC,Crystal Palace FC,1,1,D,EPL,2021-22,openfootball
EPL,09/02/2022,Tottenham Hotspur FC,Southampton FC,2,3,A,EPL,2021-22,openfootball
EPL,10/02/2022,Liverpool FC,Leicester City FC,2,0,H,EPL,2021-22,openfootball
EPL,10/02/2022,Wolverhampton Wanderers FC,Arsenal FC,0,1,A,EPL,2021-22,openfootball
EPL,12/02/2022,Brentford FC,Crystal Palace FC,0,0,D,EPL,2021-22,openfootball
EPL,12/02/2022,Everton FC,Leeds United FC,3,0,H,EPL,2021-22,openfootball
EPL,12/02/2022,Manchester United FC,Southampton FC,1,1,D,EPL,2021-22,openfootball
EPL,12/02/2022,Norwich City FC,Manchester City FC,0,4,A,EPL,2021-22,openfootball
EPL,12/02/2022,Watford FC,Brighton & Hove Albion FC,0,2,A,EPL,2021-22,openfootball
EPL,13/02/2022,Burnley FC,Liverpool FC,0,1,A,EPL,2021-22,openfootball
EPL,13/02/2022,Leicester City FC,West Ham United FC,2,2,D,EPL,2021-22,openfootball
EPL,13/02/2022,Newcastle United FC,Aston Villa FC,1,0,H,EPL,2021-22,openfootball
EPL,13/02/2022,Tottenham Hotspur FC,Wolverhampton Wanderers FC,0,2,A,EPL,2021-22,openfootball
EPL,15/02/2022,Manchester United FC,Brighton & Hove Albion FC,2,0,H,EPL,2021-22,openfootball
EPL,19/02/2022,Arsenal FC,Brentford FC,2,1,H,EPL,2021-22,openfootball
EPL,19/02/2022,Aston Villa FC,Watford FC,0,1,A,EPL,2021-22,openfootball
EPL,19/02/2022,Brighton & Hove Albion FC,Burnley FC,0,3,A,EPL,2021-22,openfootball
EPL,19/02/2022,Crystal Palace FC,Chelsea FC,0,1,A,EPL,2021-22,openfootball
EPL,19/02/2022,Liverpool FC,Norwich City FC,3,1,H,EPL,2021-22,openfootball
EPL,19/02/2022,Manchester City FC,Tottenham Hotspur FC,2,3,A,EPL,2021-22,openfootball
EPL,19/02/2022,Southampton FC,Everton FC,2,0,H,EPL,2021-22,openfootball
EPL,19/02/2022,West Ham United FC,Newcastle United FC,1,1,D,EPL,2021-22,openfootball
EPL,20/02/2022,Leeds United FC,Manchester United FC,2,4,A,EPL,2021-22,openfootball
EPL,20/02/2022,Wolverhampton Wanderers FC,Leicester City FC,2,1,H,EPL,2021-22,openfootball
EPL,23/02/2022,Burnley FC,Tottenham Hotspur FC,1,0,H,EPL,2021-22,openfootball
EPL,23/02/2022,Liverpool FC,Leeds United FC,6,0,H,EPL,2021-22,openfootball
EPL,23/02/2022,Watford FC,Crystal Palace FC,1,4,A,EPL,2021-22,openfootball
EPL,24/02/2022,Arsenal FC,Wolverhampton Wanderers FC,2,1,H,EPL,2021-22,openfootball
EPL,25/02/2022,Southampton FC,Norwich City FC,2,0,H,EPL,2021-22,openfootball
EPL,26/02/2022,Brentford FC,Newcastle United FC,0,2,A,EPL,2021-22,openfootball
EPL,26/02/2022,Brighton & Hove Albion FC,Aston Villa FC,0,2,A,EPL,2021-22,openfootball
EPL,26/02/2022,Crystal Palace FC,Burnley FC,1,1,D,EPL,2021-22,openfootball
EPL,26/02/2022,Everton FC,Manchester City FC,0,1,A,EPL,2021-22,openfootball
EPL,26/02/2022,Leeds United FC,Tottenham Hotspur FC,0,4,A,EPL,2021-22,openfootball
EPL,26/02/2022,Manchester United FC,Watford FC,0,0,D,EPL,2021-22,openfootball
EPL,27/02/2022,West Ham United FC,Wolverhampton Wanderers FC,1,0,H,EPL,2021-22,openfootball
EPL,01/03/2022,Burnley FC,Leicester City FC,0,2,A,EPL,2021-22,openfootball
EPL,05/03/2022,Aston Villa FC,Southampton FC,4,0,H,EPL,2021-22,openfootball
EPL,05/03/2022,Burnley FC,Chelsea FC,0,4,A,EPL,2021-22,openfootball
EPL,05/03/2022,Leicester City FC,Leeds United FC,1,0,H,EPL,2021-22,openfootball
EPL,05/03/2022,Liverpool FC,West Ham United FC,1,0,H,EPL,2021-22,openfootball
EPL,05/03/2022,Newcastle United FC,Brighton & Hove Albion FC,2,1,H,EPL,2021-22,openfootball
EPL,05/03/2022,Norwich City FC,Brentford FC,1,3,A,EPL,2021-22,openfootball
EPL,05/03/2022,Wolverhampton Wanderers FC,Crystal Palace FC,0,2,A,EPL,2021-22,openfootball
EPL,06/03/2022,Manchester City FC,Manchester United FC,4,1,H,EPL,2021-22,openfootball
EPL,06/03/2022,Watford FC,Arsenal FC,2,3,A,EPL,2021-22,openfootball
EPL,07/03/2022,Tottenham Hotspur FC,Everton FC,5,0,H,EPL,2021-22,openfootball
EPL,10/03/2022,Leeds United FC,Aston Villa FC,0,3,A,EPL,2021-22,openfootball
EPL,10/03/2022,Norwich City FC,Chelsea FC,1,3,A,EPL,2021-22,openfootball
EPL,10/03/2022,Southampton FC,Newcastle United FC,1,2,A,EPL,2021-22,openfootball
EPL,10/03/2022,Wolverhampton Wanderers FC,Watford FC,4,0,H,EPL,2021-22,openfootball
EPL,12/03/2022,Brentford FC,Burnley FC,2,0,H,EPL,2021-22,openfootball
EPL,12/03/2022,Brighton & Hove Albion FC,Liverpool FC,0,2,A,EPL,2021-22,openfootball
EPL,12/03/2022,Manchester United FC,Tottenham Hotspur FC,3,2,H,EPL,2021-22,openfootball
EPL,13/03/2022,Arsenal FC,Leicester City FC,2,0,H,EPL,2021-22,openfootball
EPL,13/03/2022,Chelsea FC,Newcastle United FC,1,0,H,EPL,2021-22,openfootball
EPL,13/03/2022,Everton FC,Wolverhampton Wanderers FC,0,1,A,EPL,2021-22,openfootball
EPL,13/03/2022,Leeds United FC,Norwich City FC,2,1,H,EPL,2021-22,openfootball
EPL,13/03/2022,Southampton FC,Watford FC,1,2,A,EPL,2021-22,openfootball
EPL,13/03/2022,West Ham United FC,Aston Villa FC,2,1,H,EPL,2021-22,openfootball
EPL,14/03/2022,Crystal Palace FC,Manchester City FC,0,0,D,EPL,2021-22,openfootball
EPL,16/03/2022,Arsenal FC,Liverpool FC,0,2,A,EPL,2021-22,openfootball
EPL,16/03/2022,Brighton & Hove Albion FC,Tottenham Hotspur FC,0,2,A,EPL,2021-22,openfootball
EPL,17/03/2022,Everton FC,Newcastle United FC,1,0,H,EPL,2021-22,openfootball
EPL,18/03/2022,Wolverhampton Wanderers FC,Leeds United FC,2,3,A,EPL,2021-22,openfootball
EPL,19/03/2022,Aston Villa FC,Arsenal FC,0,1,A,EPL,2021-22,openfootball
EPL,20/03/2022,Leicester City FC,Brentford FC,2,1,H,EPL,2021-22,openfootball
EPL,20/03/2022,Tottenham Hotspur FC,West Ham United FC,3,1,H,EPL,2021-22,openfootball
EPL,02/04/2022,Brighton & Hove Albion FC,Norwich City FC,0,0,D,EPL,2021-22,openfootball
EPL,02/04/2022,Burnley FC,Manchester City FC,0,2,A,EPL,2021-22,openfootball
EPL,02/04/2022,Chelsea FC,Brentford FC,1,4,A,EPL,2021-22,openfootball
EPL,02/04/2022,Leeds United FC,Southampton FC,1,1,D,EPL,2021-22,openfootball
EPL,02/04/2022,Liverpool FC,Watford FC,2,0,H,EPL,2021-22,openfootball
EPL,02/04/2022,Manchester United FC,Leicester City FC,1,1,D,EPL,2021-22,openfootball
EPL,02/04/2022,Wolverhampton Wanderers FC,Aston Villa FC,2,1,H,EPL,2021-22,openfootball
EPL,03/04/2022,Tottenham Hotspur FC,Newcastle United FC,5,1,H,EPL,2021-22,openfootball
EPL,03/04/2022,West Ham United FC,Everton FC,2,1,H,EPL,2021-22,openfootball
EPL,04/04/2022,Crystal Palace FC,Arsenal FC,3,0,H,EPL,2021-22,openfootball
EPL,06/04/2022,Burnley FC,Everton FC,3,2,H,EPL,2021-22,openfootball
EPL,08/04/2022,Newcastle United FC,Wolverhampton Wanderers FC,1,0,H,EPL,2021-22,openfootball
EPL,09/04/2022,Arsenal FC,Brighton & Hove Albion FC,1,2,A,EPL,2021-22,openfootball
EPL,09/04/2022,Aston Villa FC,Tottenham Hotspur FC,0,4,A,EPL,2021-22,openfootball
EPL,09/04/2022,Everton FC,Manchester United FC,1,0,H,EPL,2021-22,openfootball
EPL,09/04/2022,Southampton FC,Chelsea FC,0,6,A,EPL,2021-22,openfootball
EPL,09/04/2022,Watford FC,Leeds United FC,0,3,A,EPL,2021-22,openfootball
EPL,10/04/2022,Brentford FC,West Ham United FC,2,0,H,EPL,2021-22,openfootball
EPL,10/04/2022,Leicester City FC,Crystal Palace FC,2,1,H,EPL,2021-22,openfootball
EPL,10/04/2022,Manchester City FC,Liverpool FC,2,2,D,EPL,2021-22,openfootball
EPL,10/04/2022,Norwich City FC,Burnley FC,2,0,H,EPL,2021-22,openfootball
EPL,16/04/2022,Manchester United FC,Norwich City FC,3,2,H,EPL,2021-22,openfootball
EPL,16/04/2022,Southampton FC,Arsenal FC,1,0,H,EPL,2021-22,openfootball
EPL,16/04/2022,Tottenham Hotspur FC,Brighton & Hove Albion FC,0,1,A,EPL,2021-22,openfootball
EPL,16/04/2022,Watford FC,Brentford FC,1,2,A,EPL,2021-22,openfootball
EPL,17/04/2022,Newcastle United FC,Leicester City FC,2,1,H,EPL,2021-22,openfootball
EPL,17/04/2022,West Ham United FC,Burnley FC,1,1,D,EPL,2021-22,openfootball
EPL,19/04/2022,Liverpool FC,Manchester United FC,4,0,H,EPL,2021-22,openfootball
EPL,20/04/2022,Chelsea FC,Arsenal FC,2,4,A,EPL,2021-22,openfootball
EPL,20/04/2022,Everton FC,Leicester City FC,1,1,D,EPL,2021-22,openfootball
EPL,20/04/2022,Manchester City FC,Brighton & Hove Albion FC,3,0,H,EPL,2021-22,openfootball
EPL,20/04/2022,Newcastle United FC,Crystal Palace FC,1,0,H,EPL,2021-22,openfootball
EPL,21/04/2022,Burnley FC,Southampton FC,2,0,H,EPL,2021-22,openfootball
EPL,23/04/2022,Arsenal FC,Manchester United FC,3,1,H,EPL,2021-22,openfootball
EPL,23/04/2022,Brentford FC,Tottenham Hotspur FC,0,0,D,EPL,2021-22,openfootball
EPL,23/04/2022,Leicester City FC,Aston Villa FC,0,0,D,EPL,2021-22,openfootball
EPL,23/04/2022,Manchester City FC,Watford FC,5,1,H,EPL,2021-22,openfootball
EPL,23/04/2022,Norwich City FC,Newcastle United FC,0,3,A,EPL,2021-22,openfootball
EPL,24/04/2022,Brighton & Hove Albion FC,Southampton FC,2,2,D,EPL,2021-22,openfootball
EPL,24/04/2022,Burnley FC,Wolverhampton Wanderers FC,1,0,H,EPL,2021-22,openfootball
EPL,24/04/2022,Chelsea FC,West Ham United FC,1,0,H,EPL,2021-22,openfootball
EPL,24/04/2022,Liverpool FC,Everton FC,2,0,H,EPL,2021-22,openfootball
EPL,25/04/2022,Crystal Palace FC,Leeds United FC,0,0,D,EPL,2021-22,openfootball
EPL,28/04/2022,Manchester United FC,Chelsea FC,1,1,D,EPL,2021-22,openfootball
EPL,30/04/2022,Aston Villa FC,Norwich City FC,2,0,H,EPL,2021-22,openfootball
EPL,30/04/2022,Leeds United FC,Manchester City FC,0,4,A,EPL,2021-22,openfootball
EPL,30/04/2022,Newcastle United FC,Liverpool FC,0,1,A,EPL,2021-22,openfootball
EPL,30/04/2022,Southampton FC,Crystal Palace FC,1,2,A,EPL,2021-22,openfootball
EPL,30/04/2022,Watford FC,Burnley FC,1,2,A,EPL,2021-22,openfootball
EPL,30/04/2022,Wolverhampton Wanderers FC,Brighton & Hove Albion FC,0,3,A,EPL,2021-22,openfootball
EPL,01/05/2022,Everton FC,Chelsea FC,1,0,H,EPL,2021-22,openfootball
EPL,01/05/2022,Tottenham Hotspur FC,Leicester City FC,3,1,H,EPL,2021-22,openfootball
EPL,01/05/2022,West Ham United FC,Arsenal FC,1,2,A,EPL,2021-22,openfootball
EPL,02/05/2022,Manchester United FC,Brentford FC,3,0,H,EPL,2021-22,openfootball
EPL,07/05/2022,Brentford FC,Southampton FC,3,0,H,EPL,2021-22,openfootball
EPL,07/05/2022,Brighton & Hove Albion FC,Manchester United FC,4,0,H,EPL,2021-22,openfootball
EPL,07/05/2022,Burnley FC,Aston Villa FC,1,3,A,EPL,2021-22,openfootball
EPL,07/05/2022,Chelsea FC,Wolverhampton Wanderers FC,2,2,D,EPL,2021-22,openfootball
EPL,07/05/2022,Crystal Palace FC,Watford FC,1,0,H,EPL,2021-22,openfootball
EPL,07/05/2022,Liverpool FC,Tottenham Hotspur FC,1,1,D,EPL,2021-22,openfootball
EPL,08/05/2022,Arsenal FC,Leeds United FC,2,1,H,EPL,2021-22,openfootball
EPL,08/05/2022,Leicester City FC,Everton FC,1,2,A,EPL,2021-22,openfootball
EPL,08/05/2022,Manchester City FC,Newcastle United FC,5,0,H,EPL,2021-22,openfootball
EPL,08/05/2022,Norwich City FC,West Ham United FC,0,4,A,EPL,2021-22,openfootball
EPL,10/05/2022,Aston Villa FC,Liverpool FC,1,2,A,EPL,2021-22,openfootball
EPL,11/05/2022,Leeds United FC,Chelsea FC,0,3,A,EPL,2021-22,openfootball
EPL,11/05/2022,Leicester City FC,Norwich City FC,3,0,H,EPL,2021-22,openfootball
EPL,11/05/2022,Watford FC,Everton FC,0,0,D,EPL,2021-22,openfootball
EPL,11/05/2022,Wolverhampton Wanderers FC,Manchester City FC,1,5,A,EPL,2021-22,openfootball
EPL,12/05/2022,Tottenham Hotspur FC,Arsenal FC,3,0,H,EPL,2021-22,openfootball
EPL,15/05/2022,Aston Villa FC,Crystal Palace FC,1,1,D,EPL,2021-22,openfootball
EPL,15/05/2022,Everton FC,Brentford FC,2,3,A,EPL,2021-22,openfootball
EPL,15/05/2022,Leeds United FC,Brighton & Hove Albion FC,1,1,D,EPL,2021-22,openfootball
EPL,15/05/2022,Tottenham Hotspur FC,Burnley FC,1,0,H,EPL,2021-22,openfootball
EPL,15/05/2022,Watford FC,Leicester City FC,1,5,A,EPL,2021-22,openfootball
EPL,15/05/2022,West Ham United FC,Manchester City FC,2,2,D,EPL,2021-22,openfootball
EPL,15/05/2022,Wolverhampton Wanderers FC,Norwich City FC,1,1,D,EPL,2021-22,openfootball
EPL,16/05/2022,Newcastle United FC,Arsenal FC,2,0,H,EPL,2021-22,openfootball
EPL,17/05/2022,Southampton FC,Liverpool FC,1,2,A,EPL,2021-22,openfootball
EPL,19/05/2022,Aston Villa FC,Burnley FC,1,1,D,EPL,2021-22,openfootball
EPL,19/05/2022,Chelsea FC,Leicester City FC,1,1,D,EPL,2021-22,openfootball
EPL,19/05/2022,Everton FC,Crystal Palace FC,3,2,H,EPL,2021-22,openfootball
EPL,22/05/2022,Arsenal FC,Everton FC,5,1,H,EPL,2021-22,openfootball
EPL,22/05/2022,Brentford FC,Leeds United FC,1,2,A,EPL,2021-22,openfootball
EPL,22/05/2022,Brighton & Hove Albion FC,West Ham United FC,3,1,H,EPL,2021-22,openfootball
EPL,22/05/2022,Burnley FC,Newcastle United FC,1,2,A,EPL,2021-22,openfootball
EPL,22/05/2022,Chelsea FC,Watford FC,2,1,H,EPL,2021-22,openfootball
EPL,22/05/2022,Crystal Palace FC,Manchester United FC,1,0,H,EPL,2021-22,openfootball
EPL,22/05/2022,Leicester City FC,Southampton FC,4,1,H,EPL,2021-22,openfootball
EPL,22/05/2022,Liverpool FC,Wolverhampton Wanderers FC,3,1,H,EPL,2021-22,openfootball
EPL,22/05/2022,Manchester City FC,Aston Villa FC,3,2,H,EPL,2021-22,openfootball
EPL,22/05/2022,Norwich City FC,Tottenham Hotspur FC,0,5,A,EPL,2021-22,openfootball
EPL,05/08/2022,Crystal Palace FC,Arsenal FC,0,2,A,EPL,2022-23,openfootball
EPL,06/08/2022,AFC Bournemouth,Aston Villa FC,2,0,H,EPL,2022-23,openfootball
EPL,06/08/2022,Everton FC,Chelsea FC,0,1,A,EPL,2022-23,openfootball
EPL,06/08/2022,Fulham FC,Liverpool FC,2,2,D,EPL,2022-23,openfootball
EPL,06/08/2022,Leeds United FC,Wolverhampton Wanderers FC,2,1,H,EPL,2022-23,openfootball
EPL,06/08/2022,Newcastle United FC,Nottingham Forest FC,2,0,H,EPL,2022-23,openfootball
EPL,06/08/2022,Tottenham Hotspur FC,Southampton FC,4,1,H,EPL,2022-23,openfootball
EPL,07/08/2022,Leicester City FC,Brentford FC,2,2,D,EPL,2022-23,openfootball
EPL,07/08/2022,Manchester United FC,Brighton & Hove Albion FC,1,2,A,EPL,2022-23,openfootball
EPL,07/08/2022,West Ham United FC,Manchester City FC,0,2,A,EPL,2022-23,openfootball
EPL,13/08/2022,Arsenal FC,Leicester City FC,4,2,H,EPL,2022-23,openfootball
EPL,13/08/2022,Aston Villa FC,Everton FC,2,1,H,EPL,2022-23,openfootball
EPL,13/08/2022,Brentford FC,Manchester United FC,4,0,H,EPL,2022-23,openfootball
EPL,13/08/2022,Brighton & Hove Albion FC,Newcastle United FC,0,0,D,EPL,2022-23,openfootball
EPL,13/08/2022,Manchester City FC,AFC Bournemouth,4,0,H,EPL,2022-23,openfootball
EPL,13/08/2022,Southampton FC,Leeds United FC,2,2,D,EPL,2022-23,openfootball
EPL,13/08/2022,Wolverhampton Wanderers FC,Fulham FC,0,0,D,EPL,2022-23,openfootball
EPL,14/08/2022,Chelsea FC,Tottenham Hotspur FC,2,2,D,EPL,2022-23,openfootball
EPL,14/08/2022,Nottingham Forest FC,West Ham United FC,1,0,H,EPL,2022-23,openfootball
EPL,15/08/2022,Liverpool FC,Crystal Palace FC,1,1,D,EPL,2022-23,openfootball
EPL,20/08/2022,AFC Bournemouth,Arsenal FC,0,3,A,EPL,2022-23,openfootball
EPL,20/08/2022,Crystal Palace FC,Aston Villa FC,3,1,H,EPL,2022-23,openfootball
EPL,20/08/2022,Everton FC,Nottingham Forest FC,1,1,D,EPL,2022-23,openfootball
EPL,20/08/2022,Fulham FC,Brentford FC,3,2,H,EPL,2022-23,openfootball
EPL,20/08/2022,Leicester City FC,Southampton FC,1,2,A,EPL,2022-23,openfootball
EPL,20/08/2022,Tottenham Hotspur FC,Wolverhampton Wanderers FC,1,0,H,EPL,2022-23,openfootball
EPL,21/08/2022,Leeds United FC,Chelsea FC,3,0,H,EPL,2022-23,openfootball
EPL,21/08/2022,Newcastle United FC,Manchester City FC,3,3,D,EPL,2022-23,openfootball
EPL,21/08/2022,West Ham United FC,Brighton & Hove Albion FC,0,2,A,EPL,2022-23,openfootball
EPL,22/08/2022,Manchester United FC,Liverpool FC,2,1,H,EPL,2022-23,openfootball
EPL,27/08/2022,Arsenal FC,Fulham FC,2,1,H,EPL,2022-23,openfootball
EPL,27/08/2022,Brentford FC,Everton FC,1,1,D,EPL,2022-23,openfootball
EPL,27/08/2022,Brighton & Hove Albion FC,Leeds United FC,1,0,H,EPL,2022-23,openfootball
EPL,27/08/2022,Chelsea FC,Leicester City FC,2,1,H,EPL,2022-23,openfootball
EPL,27/08/2022,Liverpool FC,AFC Bournemouth,9,0,H,EPL,2022-23,openfootball
EPL,27/08/2022,Manchester City FC,Crystal Palace FC,4,2,H,EPL,2022-23,openfootball
EPL,27/08/2022,Southampton FC,Manchester United FC,0,1,A,EPL,2022-23,openfootball
EPL,28/08/2022,Aston Villa FC,West Ham United FC,0,1,A,EPL,2022-23,openfootball
EPL,28/08/2022,Nottingham Forest FC,Tottenham Hotspur FC,0,2,A,EPL,2022-23,openfootball
EPL,28/08/2022,Wolverhampton Wanderers FC,Newcastle United FC,1,1,D,EPL,2022-23,openfootball
EPL,30/08/2022,Crystal Palace FC,Brentford FC,1,1,D,EPL,2022-23,openfootball
EPL,30/08/2022,Fulham FC,Brighton & Hove Albion FC,2,1,H,EPL,2022-23,openfootball
EPL,30/08/2022,Leeds United FC,Everton FC,1,1,D,EPL,2022-23,openfootball
EPL,30/08/2022,Southampton FC,Chelsea FC,2,1,H,EPL,2022-23,openfootball
EPL,31/08/2022,AFC Bournemouth,Wolverhampton Wanderers FC,0,0,D,EPL,2022-23,openfootball
EPL,31/08/2022,Arsenal FC,Aston Villa FC,2,1,H,EPL,2022-23,openfootball
EPL,31/08/2022,Liverpool FC,Newcastle United FC,2,1,H,EPL,2022-23,openfootball
EPL,31/08/2022,Manchester City FC,Nottingham Forest FC,6,0,H,EPL,2022-23,openfootball
EPL,31/08/2022,West Ham United FC,Tottenham Hotspur FC,1,1,D,EPL,2022-23,openfootball
EPL,01/09/2022,Leicester City FC,Manchester United FC,0,1,A,EPL,2022-23,openfootball
EPL,03/09/2022,Aston Villa FC,Manchester City FC,1,1,D,EPL,2022-23,openfootball
EPL,03/09/2022,Brentford FC,Leeds United FC,5,2,H,EPL,2022-23,openfootball
EPL,03/09/2022,Chelsea FC,West Ham United FC,2,1,H,EPL,2022-23,openfootball
EPL,03/09/2022,Everton FC,Liverpool FC,0,0,D,EPL,2022-23,openfootball
EPL,03/09/2022,Newcastle United FC,Crystal Palace FC,0,0,D,EPL,2022-23,openfootball
EPL,03/09/2022,Nottingham Forest FC,AFC Bournemouth,2,3,A,EPL,2022-23,openfootball
EPL,03/09/2022,Tottenham Hotspur FC,Fulham FC,2,1,H,EPL,2022-23,openfootball
EPL,03/09/2022,Wolverhampton Wanderers FC,Southampton FC,1,0,H,EPL,2022-23,openfootball
EPL,04/09/2022,Brighton & Hove Albion FC,Leicester City FC,5,2,H,EPL,2022-23,openfootball
EPL,04/09/2022,Manchester United FC,Arsenal FC,3,1,H,EPL,2022-23,openfootball
EPL,16/09/2022,Aston Villa FC,Southampton FC,1,0,H,EPL,2022-23,openfootball
EPL,16/09/2022,Nottingham Forest FC,Fulham FC,2,3,A,EPL,2022-23,openfootball
EPL,17/09/2022,Newcastle United FC,AFC Bournemouth,1,1,D,EPL,2022-23,openfootball
EPL,17/09/2022,Tottenham Hotspur FC,Leicester City FC,6,2,H,EPL,2022-23,openfootball
EPL,17/09/2022,Wolverhampton Wanderers FC,Manchester City FC,0,3,A,EPL,2022-23,openfootball
EPL,18/09/2022,Brentford FC,Arsenal FC,0,3,A,EPL,2022-23,openfootball
EPL,18/09/2022,Everton FC,West Ham United FC,1,0,H,EPL,2022-23,openfootball
EPL,01/10/2022,AFC Bournemouth,Brentford FC,0,0,D,EPL,2022-23,openfootball
EPL,01/10/2022,Arsenal FC,Tottenham Hotspur FC,3,1,H,EPL,2022-23,openfootball
EPL,01/10/2022,Crystal Palace FC,Chelsea FC,1,2,A,EPL,2022-23,openfootball
EPL,01/10/2022,Fulham FC,Newcastle United FC,1,4,A,EPL,2022-23,openfootball
EPL,01/10/2022,Liverpool FC,Brighton & Hove Albion FC,3,3,D,EPL,2022-23,openfootball
EPL,01/10/2022,Southampton FC,Everton FC,1,2,A,EPL,2022-23,openfootball
EPL,01/10/2022,West Ham United FC,Wolverhampton Wanderers FC,2,0,H,EPL,2022-23,openfootball
EPL,02/10/2022,Leeds United FC,Aston Villa FC,0,0,D,EPL,2022-23,openfootball
EPL,02/10/2022,Manchester City FC,Manchester United FC,6,3,H,EPL,2022-23,openfootball
EPL,03/10/2022,Leicester City FC,Nottingham Forest FC,4,0,H,EPL,2022-23,openfootball
EPL,08/10/2022,AFC Bournemouth,Leicester City FC,2,1,H,EPL,2022-23,openfootball
EPL,08/10/2022,Brighton & Hove Albion FC,Tottenham Hotspur FC,0,1,A,EPL,2022-23,openfootball
EPL,08/10/2022,Chelsea FC,Wolverhampton Wanderers FC,3,0,H,EPL,2022-23,openfootball
EPL,08/10/2022,Manchester City FC,Southampton FC,4,0,H,EPL,2022-23,openfootball
EPL,08/10/2022,Newcastle United FC,Brentford FC,5,1,H,EPL,2022-23,openfootball
EPL,09/10/2022,Arsenal FC,Liverpool FC,3,2,H,EPL,2022-23,openfootball
EPL,09/10/2022,Crystal Palace FC,Leeds United FC,2,1,H,EPL,2022-23,openfootball
EPL,09/10/2022,Everton FC,Manchester United FC,1,2,A,EPL,2022-23,openfootball
EPL,09/10/2022,West Ham United FC,Fulham FC,3,1,H,EPL,2022-23,openfootball
EPL,10/10/2022,Nottingham Forest FC,Aston Villa FC,1,1,D,EPL,2022-23,openfootball
EPL,14/10/2022,Brentford FC,Brighton & Hove Albion FC,2,0,H,EPL,2022-23,openfootball
EPL,15/10/2022,Fulham FC,AFC Bournemouth,2,2,D,EPL,2022-23,openfootball
EPL,15/10/2022,Leicester City FC,Crystal Palace FC,0,0,D,EPL,2022-23,openfootball
EPL,15/10/2022,Tottenham Hotspur FC,Everton FC,2,0,H,EPL,2022-23,openfootball
EPL,15/10/2022,Wolverhampton Wanderers FC,Nottingham Forest FC,1,0,H,EPL,2022-23,openfootball
EPL,16/10/2022,Aston Villa FC,Chelsea FC,0,2,A,EPL,2022-23,openfootball
EPL,16/10/2022,Leeds United FC,Arsenal FC,0,1,A,EPL,2022-23,openfootball
EPL,16/10/2022,Liverpool FC,Manchester City FC,1,0,H,EPL,2022-23,openfootball
EPL,16/10/2022,Manchester United FC,Newcastle United FC,0,0,D,EPL,2022-23,openfootball
EPL,16/10/2022,Southampton FC,West Ham United FC,1,1,D,EPL,2022-23,openfootball
EPL,18/10/2022,Brighton & Hove Albion FC,Nottingham Forest FC,0,0,D,EPL,2022-23,openfootball
EPL,18/10/2022,Crystal Palace FC,Wolverhampton Wanderers FC,2,1,H,EPL,2022-23,openfootball
EPL,19/10/2022,AFC Bournemouth,Southampton FC,0,1,A,EPL,2022-23,openfootball
EPL,19/10/2022,Brentford FC,Chelsea FC,0,0,D,EPL,2022-23,openfootball
EPL,19/10/2022,Liverpool FC,West Ham United FC,1,0,H,EPL,2022-23,openfootball
EPL,19/10/2022,Manchester United FC,Tottenham Hotspur FC,2,0,H,EPL,2022-23,openfootball
EPL,19/10/2022,Newcastle United FC,Everton FC,1,0,H,EPL,2022-23,openfootball
EPL,20/10/2022,Fulham FC,Aston Villa FC,3,0,H,EPL,2022-23,openfootball
EPL,20/10/2022,Leicester City FC,Leeds United FC,2,0,H,EPL,2022-23,openfootball
EPL,22/10/2022,Chelsea FC,Manchester United FC,1,1,D,EPL,2022-23,openfootball
EPL,22/10/2022,Everton FC,Crystal Palace FC,3,0,H,EPL,2022-23,openfootball
EPL,22/10/2022,Manchester City FC,Brighton & Hove Albion FC,3,1,H,EPL,2022-23,openfootball
EPL,22/10/2022,Nottingham Forest FC,Liverpool FC,1,0,H,EPL,2022-23,openfootball
EPL,23/10/2022,Aston Villa FC,Brentford FC,4,0,H,EPL,2022-23,openfootball
EPL,23/10/2022,Leeds United FC,Fulham FC,2,3,A,EPL,2022-23,openfootball
EPL,23/10/2022,Southampton FC,Arsenal FC,1,1,D,EPL,2022-23,openfootball
EPL,23/10/2022,Tottenham Hotspur FC,Newcastle United FC,1,2,A,EPL,2022-23,openfootball
EPL,23/10/2022,Wolverhampton Wanderers FC,Leicester City FC,0,4,A,EPL,2022-23,openfootball
EPL,24/10/2022,West Ham United FC,AFC Bournemouth,2,0,H,EPL,2022-23,openfootball
EPL,29/10/2022,AFC Bournemouth,Tottenham Hotspur FC,2,3,A,EPL,2022-23,openfootball
EPL,29/10/2022,Brentford FC,Wolverhampton Wanderers FC,1,1,D,EPL,2022-23,openfootball
EPL,29/10/2022,Brighton & Hove Albion FC,Chelsea FC,4,1,H,EPL,2022-23,openfootball
EPL,29/10/2022,Crystal Palace FC,Southampton FC,1,0,H,EPL,2022-23,openfootball
EPL,29/10/2022,Fulham FC,Everton FC,0,0,D,EPL,2022-23,openfootball
EPL,29/10/2022,Leicester City FC,Manchester City FC,0,1,A,EPL,2022-23,openfootball
EPL,29/10/2022,Liverpool FC,Leeds United FC,1,2,A,EPL,2022-23,openfootball
EPL,29/10/2022,Newcastle United FC,Aston Villa FC,4,0,H,EPL,2022-23,openfootball
EPL,30/10/2022,Arsenal FC,Nottingham Forest FC,5,0,H,EPL,2022-23,openfootball
EPL,30/10/2022,Manchester United FC,West Ham United FC,1,0,H,EPL,2022-23,openfootball
EPL,05/11/2022,Everton FC,Leicester City FC,0,2,A,EPL,2022-23,openfootball
EPL,05/11/2022,Leeds United FC,AFC Bournemouth,4,3,H,EPL,2022-23,openfootball
EPL,05/11/2022,Manchester City FC,Fulham FC,2,1,H,EPL,2022-23,openfootball
EPL,05/11/2022,Nottingham Forest FC,Brentford FC,2,2,D,EPL,2022-23,openfootball
EPL,05/11/2022,Wolverhampton Wanderers FC,Brighton & Hove Albion FC,2,3,A,EPL,2022-23,openfootball
EPL,06/11/2022,Aston Villa FC,Manchester United FC,3,1,H,EPL,2022-23,openfootball
EPL,06/11/2022,Chelsea FC,Arsenal FC,0,1,A,EPL,2022-23,openfootball
EPL,06/11/2022,Southampton FC,Newcastle United FC,1,4,A,EPL,2022-23,openfootball
EPL,06/11/2022,Tottenham Hotspur FC,Liverpool FC,1,2,A,EPL,2022-23,openfootball
EPL,06/11/2022,West Ham United FC,Crystal Palace FC,1,2,A,EPL,2022-23,openfootball
EPL,12/11/2022,AFC Bournemouth,Everton FC,3,0,H,EPL,2022-23,openfootball
EPL,12/11/2022,Liverpool FC,Southampton FC,3,1,H,EPL,2022-23,openfootball
EPL,12/11/2022,Manchester City FC,Brentford FC,1,2,A,EPL,2022-23,openfootball
EPL,12/11/2022,Newcastle United FC,Chelsea FC,1,0,H,EPL,2022-23,openfootball
EPL,12/11/2022,Nottingham Forest FC,Crystal Palace FC,1,0,H,EPL,2022-23,openfootball
EPL,12/11/2022,Tottenham Hotspur FC,Leeds United FC,4,3,H,EPL,2022-23,openfootball
EPL,12/11/2022,West Ham United FC,Leicester City FC,0,2,A,EPL,2022-23,openfootball
EPL,12/11/2022,Wolverhampton Wanderers FC,Arsenal FC,0,2,A,EPL,2022-23,openfootball
EPL,13/11/2022,Brighton & Hove Albion FC,Aston Villa FC,1,2,A,EPL,2022-23,openfootball
EPL,13/11/2022,Fulham FC,Manchester United FC,1,2,A,EPL,2022-23,openfootball
EPL,26/12/2022,Arsenal FC,West Ham United FC,3,1,H,EPL,2022-23,openfootball
EPL,26/12/2022,Aston Villa FC,Liverpool FC,1,3,A,EPL,2022-23,openfootball
EPL,26/12/2022,Brentford FC,Tottenham Hotspur FC,2,2,D,EPL,2022-23,openfootball
EPL,26/12/2022,Crystal Palace FC,Fulham FC,0,3,A,EPL,2022-23,openfootball
EPL,26/12/2022,Everton FC,Wolverhampton Wanderers FC,1,2,A,EPL,2022-23,openfootball
EPL,26/12/2022,Leicester City FC,Newcastle United FC,0,3,A,EPL,2022-23,openfootball
EPL,26/12/2022,Southampton FC,Brighton & Hove Albion FC,1,3,A,EPL,2022-23,openfootball
EPL,27/12/2022,Chelsea FC,AFC Bournemouth,2,0,H,EPL,2022-23,openfootball
EPL,27/12/2022,Manchester United FC,Nottingham Forest FC,3,0,H,EPL,2022-23,openfootball
EPL,28/12/2022,Leeds United FC,Manchester City FC,1,3,A,EPL,2022-23,openfootball
EPL,30/12/2022,Liverpool FC,Leicester City FC,2,1,H,EPL,2022-23,openfootball
EPL,30/12/2022,West Ham United FC,Brentford FC,0,2,A,EPL,2022-23,openfootball
EPL,31/12/2022,AFC Bournemouth,Crystal Palace FC,0,2,A,EPL,2022-23,openfootball
EPL,31/12/2022,Brighton & Hove Albion FC,Arsenal FC,2,4,A,EPL,2022-23,openfootball
EPL,31/12/2022,Fulham FC,Southampton FC,2,1,H,EPL,2022-23,openfootball
EPL,31/12/2022,Manchester City FC,Everton FC,1,1,D,EPL,2022-23,openfootball
EPL,31/12/2022,Newcastle United FC,Leeds United FC,0,0,D,EPL,2022-23,openfootball
EPL,31/12/2022,Wolverhampton Wanderers FC,Manchester United FC,0,1,A,EPL,2022-23,openfootball
EPL,01/01/2023,Nottingham Forest FC,Chelsea FC,1,1,D,EPL,2022-23,openfootball
EPL,01/01/2023,Tottenham Hotspur FC,Aston Villa FC,0,2,A,EPL,2022-23,openfootball
EPL,02/01/2023,Brentford FC,Liverpool FC,3,1,H,EPL,2022-23,openfootball
EPL,03/01/2023,Arsenal FC,Newcastle United FC,0,0,D,EPL,2022-23,openfootball
EPL,03/01/2023,Everton FC,Brighton & Hove Albion FC,1,4,A,EPL,2022-23,openfootball
EPL,03/01/2023,Leicester City FC,Fulham FC,0,1,A,EPL,2022-23,openfootball
EPL,03/01/2023,Manchester United FC,AFC Bournemouth,3,0,H,EPL,2022-23,openfootball
EPL,04/01/2023,Aston Villa FC,Wolverhampton Wanderers FC,1,1,D,EPL,2022-23,openfootball
EPL,04/01/2023,Crystal Palace FC,Tottenham Hotspur FC,0,4,A,EPL,2022-23,openfootball
EPL,04/01/2023,Leeds United FC,West Ham United FC,2,2,D,EPL,2022-23,openfootball
EPL,04/01/2023,Southampton FC,Nottingham Forest FC,0,1,A,EPL,2022-23,openfootball
EPL,05/01/2023,Chelsea FC,Manchester City FC,0,1,A,EPL,2022-23,openfootball
EPL,12/01/2023,Fulham FC,Chelsea FC,2,1,H,EPL,2022-23,openfootball
EPL,13/01/2023,Aston Villa FC,Leeds United FC,2,1,H,EPL,2022-23,openfootball
EPL,14/01/2023,Brentford FC,AFC Bournemouth,2,0,H,EPL,2022-23,openfootball
EPL,14/01/2023,Brighton & Hove Albion FC,Liverpool FC,3,0,H,EPL,2022-23,openfootball
EPL,14/01/2023,Everton FC,Southampton FC,1,2,A,EPL,2022-23,openfootball
EPL,14/01/2023,Manchester United FC,Manchester City FC,2,1,H,EPL,2022-23,openfootball
EPL,14/01/2023,Nottingham Forest FC,Leicester City FC,2,0,H,EPL,2022-23,openfootball
EPL,14/01/2023,Wolverhampton Wanderers FC,West Ham United FC,1,0,H,EPL,2022-23,openfootball
EPL,15/01/2023,Chelsea FC,Crystal Palace FC,1,0,H,EPL,2022-23,openfootball
EPL,15/01/2023,Newcastle United FC,Fulham FC,1,0,H,EPL,2022-23,openfootball
EPL,15/01/2023,Tottenham Hotspur FC,Arsenal FC,0,2,A,EPL,2022-23,openfootball
EPL,18/01/2023,Crystal Palace FC,Manchester United FC,1,1,D,EPL,2022-23,openfootball
EPL,19/01/2023,Manchester City FC,Tottenham Hotspur FC,4,2,H,EPL,2022-23,openfootball
EPL,21/01/2023,AFC Bournemouth,Nottingham Forest FC,1,1,D,EPL,2022-23,openfootball
EPL,21/01/2023,Crystal Palace FC,Newcastle United FC,0,0,D,EPL,2022-23,openfootball
EPL,21/01/2023,Leicester City FC,Brighton & Hove Albion FC,2,2,D,EPL,2022-23,openfootball
EPL,21/01/2023,Liverpool FC,Chelsea FC,0,0,D,EPL,2022-23,openfootball
EPL,21/01/2023,Southampton FC,Aston Villa FC,0,1,A,EPL,2022-23,openfootball
EPL,21/01/2023,West Ham United FC,Everton FC,2,0,H,EPL,2022-23,openfootball
EPL,22/01/2023,Arsenal FC,Manchester United FC,3,2,H,EPL,2022-23,openfootball
EPL,22/01/2023,Leeds United FC,Brentford FC,0,0,D,EPL,2022-23,openfootball
EPL,22/01/2023,Manchester City FC,Wolverhampton Wanderers FC,3,0,H,EPL,2022-23,openfootball
EPL,23/01/2023,Fulham FC,Tottenham Hotspur FC,0,1,A,EPL,2022-23,openfootball
EPL,03/02/2023,Chelsea FC,Fulham FC,0,0,D,EPL,2022-23,openfootball
EPL,04/02/2023,Aston Villa FC,Leicester City FC,2,4,A,EPL,2022-23,openfootball
EPL,04/02/2023,Brentford FC,Southampton FC,3,0,H,EPL,2022-23,openfootball
EPL,04/02/2023,Brighton & Hove Albion FC,AFC Bournemouth,1,0,H,EPL,2022-23,openfootball
EPL,04/02/2023,Everton FC,Arsenal FC,1,0,H,EPL,2022-23,openfootball
EPL,04/02/2023,Manchester United FC,Crystal Palace FC,2,1,H,EPL,2022-23,openfootball
EPL,04/02/2023,Newcastle United FC,West Ham United FC,1,1,D,EPL,2022-23,openfootball
EPL,04/02/2023,Wolverhampton Wanderers FC,Liverpool FC,3,0,H,EPL,2022-23,openfootball
EPL,05/02/2023,Nottingham Forest FC,Leeds United FC,1,0,H,EPL,2022-23,openfootball
EPL,05/02/2023,Tottenham Hotspur FC,Manchester City FC,1,0,H,EPL,2022-23,openfootball
EPL,08/02/2023,Manchester United FC,Leeds United FC,2,2,D,EPL,2022-23,openfootball
EPL,11/02/2023,AFC Bournemouth,Newcastle United FC,1,1,D,EPL,2022-23,openfootball
EPL,11/02/2023,Arsenal FC,Brentford FC,1,1,D,EPL,2022-23,openfootball
EPL,11/02/2023,Crystal Palace FC,Brighton & Hove Albion FC,1,1,D,EPL,2022-23,openfootball
EPL,11/02/2023,Fulham FC,Nottingham Forest FC,2,0,H,EPL,2022-23,openfootball
EPL,11/02/2023,Leicester City FC,Tottenham Hotspur FC,4,1,H,EPL,2022-23,openfootball
EPL,11/02/2023,Southampton FC,Wolverhampton Wanderers FC,1,2,A,EPL,2022-23,openfootball
EPL,11/02/2023,West Ham United FC,Chelsea FC,1,1,D,EPL,2022-23,openfootball
EPL,12/02/2023,Leeds United FC,Manchester United FC,0,2,A,EPL,2022-23,openfootball
EPL,12/02/2023,Manchester City FC,Aston Villa FC,3,1,H,EPL,2022-23,openfootball
EPL,13/02/2023,Liverpool FC,Everton FC,2,0,H,EPL,2022-23,openfootball
EPL,15/02/2023,Arsenal FC,Manchester City FC,1,3,A,EPL,2022-23,openfootball
EPL,18/02/2023,Aston Villa FC,Arsenal FC,2,4,A,EPL,2022-23,openfootball
EPL,18/02/2023,Brentford FC,Crystal Palace FC,1,1,D,EPL,2022-23,openfootball
EPL,18/02/2023,Brighton & Hove Albion FC,Fulham FC,0,1,A,EPL,2022-23,openfootball
EPL,18/02/2023,Chelsea FC,Southampton FC,0,1,A,EPL,2022-23,openfootball
EPL,18/02/2023,Everton FC,Leeds United FC,1,0,H,EPL,2022-23,openfootball
EPL,18/02/2023,Newcastle United FC,Liverpool FC,0,2,A,EPL,2022-23,openfootball
EPL,18/02/2023,Nottingham Forest FC,Manchester City FC,1,1,D,EPL,2022-23,openfootball
EPL,18/02/2023,Wolverhampton Wanderers FC,AFC Bournemouth,0,1,A,EPL,2022-23,openfootball
EPL,19/02/2023,Manchester United FC,Leicester City FC,3,0,H,EPL,2022-23,openfootball
EPL,19/02/2023,Tottenham Hotspur FC,West Ham United FC,2,0,H,EPL,2022-23,openfootball
EPL,24/02/2023,Fulham FC,Wolverhampton Wanderers FC,1,1,D,EPL,2022-23,openfootball
EPL,25/02/2023,AFC Bournemouth,Manchester City FC,1,4,A,EPL,2022-23,openfootball
EPL,25/02/2023,Crystal Palace FC,Liverpool FC,0,0,D,EPL,2022-23,openfootball
EPL,25/02/2023,Everton FC,Aston Villa FC,0,2,A,EPL,2022-23,openfootball
EPL,25/02/2023,Leeds United FC,Southampton FC,1,0,H,EPL,2022-23,openfootball
EPL,25/02/2023,Leicester City FC,Arsenal FC,0,1,A,EPL,2022-23,openfootball
EPL,25/02/2023,West Ham United FC,Nottingham Forest FC,4,0,H,EPL,2022-23,openfootball
EPL,26/02/2023,Tottenham Hotspur FC,Chelsea FC,2,0,H,EPL,2022-23,openfootball
EPL,01/03/2023,Arsenal FC,Everton FC,4,0,H,EPL,2022-23,openfootball
EPL,01/03/2023,Liverpool FC,Wolverhampton Wanderers FC,2,0,H,EPL,2022-23,openfootball
EPL,04/03/2023,Arsenal FC,AFC Bournemouth,3,2,H,EPL,2022-23,openfootball
EPL,04/03/2023,Aston Villa FC,Crystal Palace FC,1,0,H,EPL,2022-23,openfootball
EPL,04/03/2023,Brighton & Hove Albion FC,West Ham United FC,4,0,H,EPL,2022-23,openfootball
EPL,04/03/2023,Chelsea FC,Leeds United FC,1,0,H,EPL,2022-23,openfootball
EPL,04/03/2023,Manchester City FC,Newcastle United FC,2,0,H,EPL,2022-23,openfootball
EPL,04/03/2023,Southampton FC,Leicester City FC,1,0,H,EPL,2022-23,openfootball
EPL,04/03/2023,Wolverhampton Wanderers FC,Tottenham Hotspur FC,1,0,H,EPL,2022-23,openfootball
EPL,05/03/2023,Liverpool FC,Manchester United FC,7,0,H,EPL,2022-23,openfootball
EPL,05/03/2023,Nottingham Forest FC,Everton FC,2,2,D,EPL,2022-23,openfootball
EPL,06/03/2023,Brentford FC,Fulham FC,3,2,H,EPL,2022-23,openfootball
EPL,11/03/2023,AFC Bournemouth,Liverpool FC,1,0,H,EPL,2022-23,openfootball
EPL,11/03/2023,Crystal Palace FC,Manchester City FC,0,1,A,EPL,2022-23,openfootball
EPL,11/03/2023,Everton FC,Brentford FC,1,0,H,EPL,2022-23,openfootball
EPL,11/03/2023,Leeds United FC,Brighton & Hove Albion FC,2,2,D,EPL,2022-23,openfootball
EPL,11/03/2023,Leicester City FC,Chelsea FC,1,3,A,EPL,2022-23,openfootball
EPL,11/03/2023,Tottenham Hotspur FC,Nottingham Forest FC,3,1,H,EPL,2022-23,openfootball
EPL,12/03/2023,Fulham FC,Arsenal FC,0,3,A,EPL,2022-23,openfootball
EPL,12/03/2023,Manchester United FC,Southampton FC,0,0,D,EPL,2022-23,openfootball
EPL,12/03/2023,Newcastle United FC,Wolverhampton Wanderers FC,2,1,H,EPL,2022-23,openfootball
EPL,12/03/2023,West Ham United FC,Aston Villa FC,1,1,D,EPL,2022-23,openfootball
EPL,15/03/2023,Brighton & Hove Albion FC,Crystal Palace FC,1,0,H,EPL,2022-23,openfootball
EPL,15/03/2023,Southampton FC,Brentford FC,0,2,A,EPL,2022-23,openfootball
EPL,17/03/2023,Nottingham Forest FC,Newcastle United FC,1,2,A,EPL,2022-23,openfootball
EPL,18/03/2023,Aston Villa FC,AFC Bournemouth,3,0,H,EPL,2022-23,openfootball
EPL,18/03/2023,Brentford FC,Leicester City FC,1,1,D,EPL,2022-23,openfootball
EPL,18/03/2023,Chelsea FC,Everton FC,2,2,D,EPL,2022-23,openfootball
EPL,18/03/2023,Southampton FC,Tottenham Hotspur FC,3,3,D,EPL,2022-23,openfootball
EPL,18/03/2023,Wolverhampton Wanderers FC,Leeds United FC,2,4,A,EPL,2022-23,openfootball
EPL,19/03/2023,Arsenal FC,Crystal Palace FC,4,1,H,EPL,2022-23,openfootball
EPL,01/04/2023,AFC Bournemouth,Fulham FC,2,1,H,EPL,2022-23,openfootball
EPL,01/04/2023,Arsenal FC,Leeds United FC,4,1,H,EPL,2022-23,openfootball
EPL,01/04/2023,Brighton & Hove Albion FC,Brentford FC,3,3,D,EPL,2022-23,openfootball
EPL,01/04/2023,Chelsea FC,Aston Villa FC,0,2,A,EPL,2022-23,openfootball
EPL,01/04/2023,Crystal Palace FC,Leicester City FC,2,1,H,EPL,2022-23,openfootball
EPL,01/04/2023,Manchester City FC,Liverpool FC,4,1,H,EPL,2022-23,openfootball
EPL,01/04/2023,Nottingham Forest FC,Wolverhampton Wanderers FC,1,1,D,EPL,2022-23,openfootball
EPL,02/04/2023,Newcastle United FC,Manchester United FC,2,0,H,EPL,2022-23,openfootball
EPL,02/04/2023,West Ham United FC,Southampton FC,1,0,H,EPL,2022-23,openfootball
EPL,03/04/2023,Everton FC,Tottenham Hotspur FC,1,1,D,EPL,2022-23,openfootball
EPL,04/04/2023,AFC Bournemouth,Brighton & Hove Albion FC,0,2,A,EPL,2022-23,openfootball
EPL,04/04/2023,Chelsea FC,Liverpool FC,0,0,D,EPL,2022-23,openfootball
EPL,04/04/2023,Leeds United FC,Nottingham Forest FC,2,1,H,EPL,2022-23,openfootball
EPL,04/04/2023,Leicester City FC,Aston Villa FC,1,2,A,EPL,2022-23,openfootball
EPL,05/04/2023,Manchester United FC,Brentford FC,1,0,H,EPL,2022-23,openfootball
EPL,05/04/2023,West Ham United FC,Newcastle United FC,1,5,A,EPL,2022-23,openfootball
EPL,08/04/2023,Aston Villa FC,Nottingham Forest FC,2,0,H,EPL,2022-23,openfootball
EPL,08/04/2023,Brentford FC,Newcastle United FC,1,2,A,EPL,2022-23,openfootball
EPL,08/04/2023,Fulham FC,West Ham United FC,0,1,A,EPL,2022-23,openfootball
EPL,08/04/2023,Leicester City FC,AFC Bournemouth,0,1,A,EPL,2022-23,openfootball
EPL,08/04/2023,Manchester United FC,Everton FC,2,0,H,EPL,2022-23,openfootball
EPL,08/04/2023,Southampton FC,Manchester City FC,1,4,A,EPL,2022-23,openfootball
EPL,08/04/2023,Tottenham Hotspur FC,Brighton & Hove Albion FC,2,1,H,EPL,2022-23,openfootball
EPL,08/04/2023,Wolverhampton Wanderers FC,Chelsea FC,1,0,H,EPL,2022-23,openfootball
EPL,09/04/2023,Leeds United FC,Crystal Palace FC,1,5,A,EPL,2022-23,openfootball
EPL,09/04/2023,Liverpool FC,Arsenal FC,2,2,D,EPL,2022-23,openfootball
EPL,15/04/2023,Aston Villa FC,Newcastle United FC,3,0,H,EPL,2022-23,openfootball
EPL,15/04/2023,Chelsea FC,Brighton & Hove Albion FC,1,2,A,EPL,2022-23,openfootball
EPL,15/04/2023,Everton FC,Fulham FC,1,3,A,EPL,2022-23,openfootball
EPL,15/04/2023,Manchester City FC,Leicester City FC,3,1,H,EPL,2022-23,openfootball
EPL,15/04/2023,Southampton FC,Crystal Palace FC,0,2,A,EPL,2022-23,openfootball
EPL,15/04/2023,Tottenham Hotspur FC,AFC Bournemouth,2,3,A,EPL,2022-23,openfootball
EPL,15/04/2023,Wolverhampton Wanderers FC,Brentford FC,2,0,H,EPL,2022-23,openfootball
EPL,16/04/2023,Nottingham Forest FC,Manchester United FC,0,2,A,EPL,2022-23,openfootball
EPL,16/04/2023,West Ham United FC,Arsenal FC,2,2,D,EPL,2022-23,openfootball
EPL,17/04/2023,Leeds United FC,Liverpool FC,1,6,A,EPL,2022-23,openfootball
EPL,21/04/2023,Arsenal FC,Southampton FC,3,3,D,EPL,2022-23,openfootball
EPL,22/04/2023,Brentford FC,Aston Villa FC,1,1,D,EPL,2022-23,openfootball
EPL,22/04/2023,Crystal Palace FC,Everton FC,0,0,D,EPL,2022-23,openfootball
EPL,22/04/2023,Fulham FC,Leeds United FC,2,1,H,EPL,2022-23,openfootball
EPL,22/04/2023,Leicester City FC,Wolverhampton Wanderers FC,2,1,H,EPL,2022-23,openfootball
EPL,22/04/2023,Liverpool FC,Nottingham Forest FC,3,2,H,EPL,2022-23,openfootball
EPL,23/04/2023,AFC Bournemouth,West Ham United FC,0,4,A,EPL,2022-23,openfootball
EPL,23/04/2023,Newcastle United FC,Tottenham Hotspur FC,6,1,H,EPL,2022-23,openfootball
EPL,25/04/2023,Aston Villa FC,Fulham FC,1,0,H,EPL,2022-23,openfootball
EPL,25/04/2023,Leeds United FC,Leicester City FC,1,1,D,EPL,2022-23,openfootball
EPL,25/04/2023,Wolverhampton Wanderers FC,Crystal Palace FC,2,0,H,EPL,2022-23,openfootball
EPL,26/04/2023,Chelsea FC,Brentford FC,0,2,A,EPL,2022-23,openfootball
EPL,26/04/2023,Manchester City FC,Arsenal FC,4,1,H,EPL,2022-23,openfootball
EPL,26/04/2023,Nottingham Forest FC,Brighton & Hove Albion FC,3,1,H,EPL,2022-23,openfootball
EPL,26/04/2023,West Ham United FC,Liverpool FC,1,2,A,EPL,2022-23,openfootball
EPL,27/04/2023,Everton FC,Newcastle United FC,1,4,A,EPL,2022-23,openfootball
EPL,27/04/2023,Southampton FC,AFC Bournemouth,0,1,A,EPL,2022-23,openfootball
EPL,27/04/2023,Tottenham Hotspur FC,Manchester United FC,2,2,D,EPL,2022-23,openfootball
EPL,29/04/2023,Brentford FC,Nottingham Forest FC,2,1,H,EPL,2022-23,openfootball
EPL,29/04/2023,Brighton & Hove Albion FC,Wolverhampton Wanderers FC,6,0,H,EPL,2022-23,openfootball
EPL,29/04/2023,Crystal Palace FC,West Ham United FC,4,3,H,EPL,2022-23,openfootball
EPL,30/04/2023,AFC Bournemouth,Leeds United FC,4,1,H,EPL,2022-23,openfootball
EPL,30/04/2023,Fulham FC,Manchester City FC,1,2,A,EPL,2022-23,openfootball
EPL,30/04/2023,Liverpool FC,Tottenham Hotspur FC,4,3,H,EPL,2022-23,openfootball
EPL,30/04/2023,Manchester United FC,Aston Villa FC,1,0,H,EPL,2022-23,openfootball
EPL,30/04/2023,Newcastle United FC,Southampton FC,3,1,H,EPL,2022-23,openfootball
EPL,01/05/2023,Leicester City FC,Everton FC,2,2,D,EPL,2022-23,openfootball
EPL,02/05/2023,Arsenal FC,Chelsea FC,3,1,H,EPL,2022-23,openfootball
EPL,03/05/2023,Liverpool FC,Fulham FC,1,0,H,EPL,2022-23,openfootball
EPL,03/05/2023,Manchester City FC,West Ham United FC,3,0,H,EPL,2022-23,openfootball
EPL,04/05/2023,Brighton & Hove Albion FC,Manchester United FC,1,0,H,EPL,2022-23,openfootball
EPL,06/05/2023,AFC Bournemouth,Chelsea FC,1,3,A,EPL,2022-23,openfootball
EPL,06/05/2023,Liverpool FC,Brentford FC,1,0,H,EPL,2022-23,openfootball
EPL,06/05/2023,Manchester City FC,Leeds United FC,2,1,H,EPL,2022-23,openfootball
EPL,06/05/2023,Tottenham Hotspur FC,Crystal Palace FC,1,0,H,EPL,2022-23,openfootball
EPL,06/05/2023,Wolverhampton Wanderers FC,Aston Villa FC,1,0,H,EPL,2022-23,openfootball
EPL,07/05/2023,Newcastle United FC,Arsenal FC,0,2,A,EPL,2022-23,openfootball
EPL,07/05/2023,West Ham United FC,Manchester United FC,1,0,H,EPL,2022-23,openfootball
EPL,08/05/2023,Brighton & Hove Albion FC,Everton FC,1,5,A,EPL,2022-23,openfootball
EPL,08/05/2023,Fulham FC,Leicester City FC,5,3,H,EPL,2022-23,openfootball
EPL,08/05/2023,Nottingham Forest FC,Southampton FC,4,3,H,EPL,2022-23,openfootball
EPL,13/05/2023,Aston Villa FC,Tottenham Hotspur FC,2,1,H,EPL,2022-23,openfootball
EPL,13/05/2023,Chelsea FC,Nottingham Forest FC,2,2,D,EPL,2022-23,openfootball
EPL,13/05/2023,Crystal Palace FC,AFC Bournemouth,2,0,H,EPL,2022-23,openfootball
EPL,13/05/2023,Leeds United FC,Newcastle United FC,2,2,D,EPL,2022-23,openfootball
EPL,13/05/2023,Manchester United FC,Wolverhampton Wanderers FC,2,0,H,EPL,2022-23,openfootball
EPL,13/05/2023,Southampton FC,Fulham FC,0,2,A,EPL,2022-23,openfootball
EPL,14/05/2023,Arsenal FC,Brighton & Hove Albion FC,0,3,A,EPL,2022-23,openfootball
EPL,14/05/2023,Brentford FC,West Ham United FC,2,0,H,EPL,2022-23,openfootball
EPL,14/05/2023,Everton FC,Manchester City FC,0,3,A,EPL,2022-23,openfootball
EPL,15/05/2023,Leicester City FC,Liverpool FC,0,3,A,EPL,2022-23,openfootball
EPL,18/05/2023,Newcastle United FC,Brighton & Hove Albion FC,4,1,H,EPL,2022-23,openfootball
EPL,20/05/2023,AFC Bournemouth,Manchester United FC,0,1,A,EPL,2022-23,openfootball
EPL,20/05/2023,Fulham FC,Crystal Palace FC,2,2,D,EPL,2022-23,openfootball
EPL,20/05/2023,Liverpool FC,Aston Villa FC,1,1,D,EPL,2022-23,openfootball
EPL,20/05/2023,Nottingham Forest FC,Arsenal FC,1,0,H,EPL,2022-23,openfootball
EPL,20/05/2023,Tottenham Hotspur FC,Brentford FC,1,3,A,EPL,2022-23,openfootball
EPL,20/05/2023,Wolverhampton Wanderers FC,Everton FC,1,1,D,EPL,2022-23,openfootball
EPL,21/05/2023,Brighton & Hove Albion FC,Southampton FC,3,1,H,EPL,2022-23,openfootball
EPL,21/05/2023,Manchester City FC,Chelsea FC,1,0,H,EPL,2022-23,openfootball
EPL,21/05/2023,West Ham United FC,Leeds United FC,3,1,H,EPL,2022-23,openfootball
EPL,22/05/2023,Newcastle United FC,Leicester City FC,0,0,D,EPL,2022-23,openfootball
EPL,24/05/2023,Brighton & Hove Albion FC,Manchester City FC,1,1,D,EPL,2022-23,openfootball
EPL,25/05/2023,Manchester United FC,Chelsea FC,4,1,H,EPL,2022-23,openfootball
EPL,28/05/2023,Arsenal FC,Wolverhampton Wanderers FC,5,0,H,EPL,2022-23,openfootball
EPL,28/05/2023,Aston Villa FC,Brighton & Hove Albion FC,2,1,H,EPL,2022-23,openfootball
EPL,28/05/2023,Brentford FC,Manchester City FC,1,0,H,EPL,2022-23,openfootball
EPL,28/05/2023,Chelsea FC,Newcastle United FC,1,1,D,EPL,2022-23,openfootball
EPL,28/05/2023,Crystal Palace FC,Nottingham Forest FC,1,1,D,EPL,2022-23,openfootball
EPL,28/05/2023,Everton FC,AFC Bournemouth,1,0,H,EPL,2022-23,openfootball
EPL,28/05/2023,Leeds United FC,Tottenham Hotspur FC,1,4,A,EPL,2022-23,openfootball
EPL,28/05/2023,Leicester City FC,West Ham United FC,2,1,H,EPL,2022-23,openfootball
EPL,28/05/2023,Manchester United FC,Fulham FC,2,1,H,EPL,2022-23,openfootball
EPL,28/05/2023,Southampton FC,Liverpool FC,4,4,D,EPL,2022-23,openfootball
EPL,11/08/2023,Burnley FC,Manchester City FC,0,3,A,EPL,2023-24,openfootball
EPL,12/08/2023,AFC Bournemouth,West Ham United FC,1,1,D,EPL,2023-24,openfootball
EPL,12/08/2023,Arsenal FC,Nottingham Forest FC,2,1,H,EPL,2023-24,openfootball
EPL,12/08/2023,Brighton & Hove Albion FC,Luton Town FC,4,1,H,EPL,2023-24,openfootball
EPL,12/08/2023,Everton FC,Fulham FC,0,1,A,EPL,2023-24,openfootball
EPL,12/08/2023,Newcastle United FC,Aston Villa FC,5,1,H,EPL,2023-24,openfootball
EPL,12/08/2023,Sheffield United FC,Crystal Palace FC,0,1,A,EPL,2023-24,openfootball
EPL,13/08/2023,Brentford FC,Tottenham Hotspur FC,2,2,D,EPL,2023-24,openfootball
EPL,13/08/2023,Chelsea FC,Liverpool FC,1,1,D,EPL,2023-24,openfootball
EPL,14/08/2023,Manchester United FC,Wolverhampton Wanderers FC,1,0,H,EPL,2023-24,openfootball
EPL,18/08/2023,Nottingham Forest FC,Sheffield United FC,2,1,H,EPL,2023-24,openfootball
EPL,19/08/2023,Fulham FC,Brentford FC,0,3,A,EPL,2023-24,openfootball
EPL,19/08/2023,Liverpool FC,AFC Bournemouth,3,1,H,EPL,2023-24,openfootball
EPL,19/08/2023,Manchester City FC,Newcastle United FC,1,0,H,EPL,2023-24,openfootball
EPL,19/08/2023,Tottenham Hotspur FC,Manchester United FC,2,0,H,EPL,2023-24,openfootball
EPL,19/08/2023,Wolverhampton Wanderers FC,Brighton & Hove Albion FC,1,4,A,EPL,2023-24,openfootball
EPL,20/08/2023,Aston Villa FC,Everton FC,4,0,H,EPL,2023-24,openfootball
EPL,20/08/2023,West Ham United FC,Chelsea FC,3,1,H,EPL,2023-24,openfootball
EPL,21/08/2023,Crystal Palace FC,Arsenal FC,0,1,A,EPL,2023-24,openfootball
EPL,25/08/2023,Chelsea FC,Luton Town FC,3,0,H,EPL,2023-24,openfootball
EPL,26/08/2023,AFC Bournemouth,Tottenham Hotspur FC,0,2,A,EPL,2023-24,openfootball
EPL,26/08/2023,Arsenal FC,Fulham FC,2,2,D,EPL,2023-24,openfootball
EPL,26/08/2023,Brentford FC,Crystal Palace FC,1,1,D,EPL,2023-24,openfootball
EPL,26/08/2023,Brighton & Hove Albion FC,West Ham United FC,1,3,A,EPL,2023-24,openfootball
EPL,26/08/2023,Everton FC,Wolverhampton Wanderers FC,0,1,A,EPL,2023-24,openfootball
EPL,26/08/2023,Manchester United FC,Nottingham Forest FC,3,2,H,EPL,2023-24,openfootball
EPL,27/08/2023,Burnley FC,Aston Villa FC,1,3,A,EPL,2023-24,openfootball
EPL,27/08/2023,Newcastle United FC,Liverpool FC,1,2,A,EPL,2023-24,openfootball
EPL,27/08/2023,Sheffield United FC,Manchester City FC,1,2,A,EPL,2023-24,openfootball
EPL,01/09/2023,Luton Town FC,West Ham United FC,1,2,A,EPL,2023-24,openfootball
EPL,02/09/2023,Brentford FC,AFC Bournemouth,2,2,D,EPL,2023-24,openfootball
EPL,02/09/2023,Brighton & Hove Albion FC,Newcastle United FC,3,1,H,EPL,2023-24,openfootball
EPL,02/09/2023,Burnley FC,Tottenham Hotspur FC,2,5,A,EPL,2023-24,openfootball
EPL,02/09/2023,Chelsea FC,Nottingham Forest FC,0,1,A,EPL,2023-24,openfootball
EPL,02/09/2023,Manchester City FC,Fulham FC,5,1,H,EPL,2023-24,openfootball
EPL,02/09/2023,Sheffield United FC,Everton FC,2,2,D,EPL,2023-24,openfootball
EPL,03/09/2023,Arsenal FC,Manchester United FC,3,1,H,EPL,2023-24,openfootball
EPL,03/09/2023,Crystal Palace FC,Wolverhampton Wanderers FC,3,2,H,EPL,2023-24,openfootball
EPL,03/09/2023,Liverpool FC,Aston Villa FC,3,0,H,EPL,2023-24,openfootball
EPL,16/09/2023,Aston Villa FC,Crystal Palace FC,3,1,H,EPL,2023-24,openfootball
EPL,16/09/2023,Fulham FC,Luton Town FC,1,0,H,EPL,2023-24,openfootball
EPL,16/09/2023,Manchester United FC,Brighton & Hove Albion FC,1,3,A,EPL,2023-24,openfootball
EPL,16/09/2023,Newcastle United FC,Brentford FC,1,0,H,EPL,2023-24,openfootball
EPL,16/09/2023,Tottenham Hotspur FC,Sheffield United FC,2,1,H,EPL,2023-24,openfootball
EPL,16/09/2023,West Ham United FC,Manchester City FC,1,3,A,EPL,2023-24,openfootball
EPL,16/09/2023,Wolverhampton Wanderers FC,Liverpool FC,1,3,A,EPL,2023-24,openfootball
EPL,17/09/2023,AFC Bournemouth,Chelsea FC,0,0,D,EPL,2023-24,openfootball
EPL,17/09/2023,Everton FC,Arsenal FC,0,1,A,EPL,2023-24,openfootball
EPL,18/09/2023,Nottingham Forest FC,Burnley FC,1,1,D,EPL,2023-24,openfootball
EPL,23/09/2023,Brentford FC,Everton FC,1,3,A,EPL,2023-24,openfootball
EPL,23/09/2023,Burnley FC,Manchester United FC,0,1,A,EPL,2023-24,openfootball
EPL,23/09/2023,Crystal Palace FC,Fulham FC,0,0,D,EPL,2023-24,openfootball
EPL,23/09/2023,Luton Town FC,Wolverhampton Wanderers FC,1,1,D,EPL,2023-24,openfootball
EPL,23/09/2023,Manchester City FC,Nottingham Forest FC,2,0,H,EPL,2023-24,openfootball
EPL,24/09/2023,Arsenal FC,Tottenham Hotspur FC,2,2,D,EPL,2023-24,openfootball
EPL,24/09/2023,Brighton & Hove Albion FC,AFC Bournemouth,3,1,H,EPL,2023-24,openfootball
EPL,24/09/2023,Chelsea FC,Aston Villa FC,0,1,A,EPL,2023-24,openfootball
EPL,24/09/2023,Liverpool FC,West Ham United FC,3,1,H,EPL,2023-24,openfootball
EPL,24/09/2023,Sheffield United FC,Newcastle United FC,0,8,A,EPL,2023-24,openfootball
EPL,30/09/2023,AFC Bournemouth,Arsenal FC,0,4,A,EPL,2023-24,openfootball
EPL,30/09/2023,Aston Villa FC,Brighton & Hove Albion FC,6,1,H,EPL,2023-24,openfootball
EPL,30/09/2023,Everton FC,Luton Town FC,1,2,A,EPL,2023-24,openfootball
EPL,30/09/2023,Manchester United FC,Crystal Palace FC,0,1,A,EPL,2023-24,openfootball
EPL,30/09/2023,Newcastle United FC,Burnley FC,2,0,H,EPL,2023-24,openfootball
EPL,30/09/2023,Tottenham Hotspur FC,Liverpool FC,2,1,H,EPL,2023-24,openfootball
EPL,30/09/2023,West Ham United FC,Sheffield United FC,2,0,H,EPL,2023-24,openfootball
EPL,30/09/2023,Wolverhampton Wanderers FC,Manchester City FC,2,1,H,EPL,2023-24,openfootball
EPL,01/10/2023,Nottingham Forest FC,Brentford FC,1,1,D,EPL,2023-24,openfootball
EPL,02/10/2023,Fulham FC,Chelsea FC,0,2,A,EPL,2023-24,openfootball
EPL,03/10/2023,Luton Town FC,Burnley FC,1,2,A,EPL,2023-24,openfootball
EPL,07/10/2023,Burnley FC,Chelsea FC,1,4,A,EPL,2023-24,openfootball
EPL,07/10/2023,Crystal Palace FC,Nottingham Forest FC,0,0,D,EPL,2023-24,openfootball
EPL,07/10/2023,Everton FC,AFC Bournemouth,3,0,H,EPL,2023-24,openfootball
EPL,07/10/2023,Fulham FC,Sheffield United FC,3,1,H,EPL,2023-24,openfootball
EPL,07/10/2023,Luton Town FC,Tottenham Hotspur FC,0,1,A,EPL,2023-24,openfootball
EPL,07/10/2023,Manchester United FC,Brentford FC,2,1,H,EPL,2023-24,openfootball
EPL,08/10/2023,Arsenal FC,Manchester City FC,1,0,H,EPL,2023-24,openfootball
EPL,08/10/2023,Brighton & Hove Albion FC,Liverpool FC,2,2,D,EPL,2023-24,openfootball
EPL,08/10/2023,West Ham United FC,Newcastle United FC,2,2,D,EPL,2023-24,openfootball
EPL,08/10/2023,Wolverhampton Wanderers FC,Aston Villa FC,1,1,D,EPL,2023-24,openfootball
EPL,21/10/2023,AFC Bournemouth,Wolverhampton Wanderers FC,1,2,A,EPL,2023-24,openfootball
EPL,21/10/2023,Brentford FC,Burnley FC,3,0,H,EPL,2023-24,openfootball
EPL,21/10/2023,Chelsea FC,Arsenal FC,2,2,D,EPL,2023-24,openfootball
EPL,21/10/2023,Liverpool FC,Everton FC,2,0,H,EPL,2023-24,openfootball
EPL,21/10/2023,Manchester City FC,Brighton & Hove Albion FC,2,1,H,EPL,2023-24,openfootball
EPL,21/10/2023,Newcastle United FC,Crystal Palace FC,4,0,H,EPL,2023-24,openfootball
EPL,21/10/2023,Nottingham Forest FC,Luton Town FC,2,2,D,EPL,2023-24,openfootball
EPL,21/10/2023,Sheffield United FC,Manchester United FC,1,2,A,EPL,2023-24,openfootball
EPL,22/10/2023,Aston Villa FC,West Ham United FC,4,1,H,EPL,2023-24,openfootball
EPL,23/10/2023,Tottenham Hotspur FC,Fulham FC,2,0,H,EPL,2023-24,openfootball
EPL,27/10/2023,Crystal Palace FC,Tottenham Hotspur FC,1,2,A,EPL,2023-24,openfootball
EPL,28/10/2023,AFC Bournemouth,Burnley FC,2,1,H,EPL,2023-24,openfootball
EPL,28/10/2023,Arsenal FC,Sheffield United FC,5,0,H,EPL,2023-24,openfootball
EPL,28/10/2023,Chelsea FC,Brentford FC,0,2,A,EPL,2023-24,openfootball
EPL,28/10/2023,Wolverhampton Wanderers FC,Newcastle United FC,2,2,D,EPL,2023-24,openfootball
EPL,29/10/2023,Aston Villa FC,Luton Town FC,3,1,H,EPL,2023-24,openfootball
EPL,29/10/2023,Brighton & Hove Albion FC,Fulham FC,1,1,D,EPL,2023-24,openfootball
EPL,29/10/2023,Liverpool FC,Nottingham Forest FC,3,0,H,EPL,2023-24,openfootball
EPL,29/10/2023,Manchester United FC,Manchester City FC,0,3,A,EPL,2023-24,openfootball
EPL,29/10/2023,West Ham United FC,Everton FC,0,1,A,EPL,2023-24,openfootball
EPL,04/11/2023,Brentford FC,West Ham United FC,3,2,H,EPL,2023-24,openfootball
EPL,04/11/2023,Burnley FC,Crystal Palace FC,0,2,A,EPL,2023-24,openfootball
EPL,04/11/2023,Everton FC,Brighton & Hove Albion FC,1,1,D,EPL,2023-24,openfootball
EPL,04/11/2023,Fulham FC,Manchester United FC,0,1,A,EPL,2023-24,openfootball
EPL,04/11/2023,Manchester City FC,AFC Bournemouth,6,1,H,EPL,2023-24,openfootball
EPL,04/11/2023,Newcastle United FC,Arsenal FC,1,0,H,EPL,2023-24,openfootball
EPL,04/11/2023,Sheffield United FC,Wolverhampton Wanderers FC,2,1,H,EPL,2023-24,openfootball
EPL,05/11/2023,Luton Town FC,Liverpool FC,1,1,D,EPL,2023-24,openfootball
EPL,05/11/2023,Nottingham Forest FC,Aston Villa FC,2,0,H,EPL,2023-24,openfootball
EPL,06/11/2023,Tottenham Hotspur FC,Chelsea FC,1,4,A,EPL,2023-24,openfootball
EPL,11/11/2023,AFC Bournemouth,Newcastle United FC,2,0,H,EPL,2023-24,openfootball
EPL,11/11/2023,Arsenal FC,Burnley FC,3,1,H,EPL,2023-24,openfootball
EPL,11/11/2023,Crystal Palace FC,Everton FC,2,3,A,EPL,2023-24,openfootball
EPL,11/11/2023,Manchester United FC,Luton Town FC,1,0,H,EPL,2023-24,openfootball
EPL,11/11/2023,Wolverhampton Wanderers FC,Tottenham Hotspur FC,2,1,H,EPL,2023-24,openfootball
EPL,12/11/2023,Aston Villa FC,Fulham FC,3,1,H,EPL,2023-24,openfootball
EPL,12/11/2023,Brighton & Hove Albion FC,Sheffield United FC,1,1,D,EPL,2023-24,openfootball
EPL,12/11/2023,Chelsea FC,Manchester City FC,4,4,D,EPL,2023-24,openfootball
EPL,12/11/2023,Liverpool FC,Brentford FC,3,0,H,EPL,2023-24,openfootball
EPL,12/11/2023,West Ham United FC,Nottingham Forest FC,3,2,H,EPL,2023-24,openfootball
EPL,25/11/2023,Brentford FC,Arsenal FC,0,1,A,EPL,2023-24,openfootball
EPL,25/11/2023,Burnley FC,West Ham United FC,1,2,A,EPL,2023-24,openfootball
EPL,25/11/2023,Luton Town FC,Crystal Palace FC,2,1,H,EPL,2023-24,openfootball
EPL,25/11/2023,Manchester City FC,Liverpool FC,1,1,D,EPL,2023-24,openfootball
EPL,25/11/2023,Newcastle United FC,Chelsea FC,4,1,H,EPL,2023-24,openfootball
EPL,25/11/2023,Nottingham Forest FC,Brighton & Hove Albion FC,2,3,A,EPL,2023-24,openfootball
EPL,25/11/2023,Sheffield United FC,AFC Bournemouth,1,3,A,EPL,2023-24,openfootball
EPL,26/11/2023,Everton FC,Manchester United FC,0,3,A,EPL,2023-24,openfootball
EPL,26/11/2023,Tottenham Hotspur FC,Aston Villa FC,1,2,A,EPL,2023-24,openfootball
EPL,27/11/2023,Fulham FC,Wolverhampton Wanderers FC,3,2,H,EPL,2023-24,openfootball
EPL,02/12/2023,Arsenal FC,Wolverhampton Wanderers FC,2,1,H,EPL,2023-24,openfootball
EPL,02/12/2023,Brentford FC,Luton Town FC,3,1,H,EPL,2023-24,openfootball
EPL,02/12/2023,Burnley FC,Sheffield United FC,5,0,H,EPL,2023-24,openfootball
EPL,02/12/2023,Newcastle United FC,Manchester United FC,1,0,H,EPL,2023-24,openfootball
EPL,02/12/2023,Nottingham Forest FC,Everton FC,0,1,A,EPL,2023-24,openfootball
EPL,03/12/2023,AFC Bournemouth,Aston Villa FC,2,2,D,EPL,2023-24,openfootball
EPL,03/12/2023,Chelsea FC,Brighton & Hove Albion FC,3,2,H,EPL,2023-24,openfootball
EPL,03/12/2023,Liverpool FC,Fulham FC,4,3,H,EPL,2023-24,openfootball
EPL,03/12/2023,Manchester City FC,Tottenham Hotspur FC,3,3,D,EPL,2023-24,openfootball
EPL,03/12/2023,West Ham United FC,Crystal Palace FC,1,1,D,EPL,2023-24,openfootball
EPL,05/12/2023,Luton Town FC,Arsenal FC,3,4,A,EPL,2023-24,openfootball
EPL,05/12/2023,Wolverhampton Wanderers FC,Burnley FC,1,0,H,EPL,2023-24,openfootball
EPL,06/12/2023,Aston Villa FC,Manchester City FC,1,0,H,EPL,2023-24,openfootball
EPL,06/12/2023,Brighton & Hove Albion FC,Brentford FC,2,1,H,EPL,2023-24,openfootball
EPL,06/12/2023,Crystal Palace FC,AFC Bournemouth,0,2,A,EPL,2023-24,openfootball
EPL,06/12/2023,Fulham FC,Nottingham Forest FC,5,0,H,EPL,2023-24,openfootball
EPL,06/12/2023,Manchester United FC,Chelsea FC,2,1,H,EPL,2023-24,openfootball
EPL,06/12/2023,Sheffield United FC,Liverpool FC,0,2,A,EPL,2023-24,openfootball
EPL,07/12/2023,Everton FC,Newcastle United FC,3,0,H,EPL,2023-24,openfootball
EPL,07/12/2023,Tottenham Hotspur FC,West Ham United FC,1,2,A,EPL,2023-24,openfootball
EPL,09/12/2023,Aston Villa FC,Arsenal FC,1,0,H,EPL,2023-24,openfootball
EPL,09/12/2023,Brighton & Hove Albion FC,Burnley FC,1,1,D,EPL,2023-24,openfootball
EPL,09/12/2023,Crystal Palace FC,Liverpool FC,1,2,A,EPL,2023-24,openfootball
EPL,09/12/2023,Manchester United FC,AFC Bournemouth,0,3,A,EPL,2023-24,openfootball
EPL,09/12/2023,Sheffield United FC,Brentford FC,1,0,H,EPL,2023-24,openfootball
EPL,09/12/2023,Wolverhampton Wanderers FC,Nottingham Forest FC,1,1,D,EPL,2023-24,openfootball
EPL,10/12/2023,Everton FC,Chelsea FC,2,0,H,EPL,2023-24,openfootball
EPL,10/12/2023,Fulham FC,West Ham United FC,5,0,H,EPL,2023-24,openfootball
EPL,10/12/2023,Luton Town FC,Manchester City FC,1,2,A,EPL,2023-24,openfootball
EPL,10/12/2023,Tottenham Hotspur FC,Newcastle United FC,4,1,H,EPL,2023-24,openfootball
EPL,15/12/2023,Nottingham Forest FC,Tottenham Hotspur FC,0,2,A,EPL,2023-24,openfootball
EPL,16/12/2023,Burnley FC,Everton FC,0,2,A,EPL,2023-24,openfootball
EPL,16/12/2023,Chelsea FC,Sheffield United FC,2,0,H,EPL,2023-24,openfootball
EPL,16/12/2023,Manchester City FC,Crystal Palace FC,2,2,D,EPL,2023-24,openfootball
EPL,16/12/2023,Newcastle United FC,Fulham FC,3,0,H,EPL,2023-24,openfootball
EPL,17/12/2023,Arsenal FC,Brighton & Hove Albion FC,2,0,H,EPL,2023-24,openfootball
EPL,17/12/2023,Brentford FC,Aston Villa FC,1,2,A,EPL,2023-24,openfootball
EPL,17/12/2023,Liverpool FC,Manchester United FC,0,0,D,EPL,2023-24,openfootball
EPL,17/12/2023,West Ham United FC,Wolverhampton Wanderers FC,3,0,H,EPL,2023-24,openfootball
EPL,21/12/2023,Crystal Palace FC,Brighton & Hove Albion FC,1,1,D,EPL,2023-24,openfootball
EPL,22/12/2023,Aston Villa FC,Sheffield United FC,1,1,D,EPL,2023-24,openfootball
EPL,23/12/2023,Fulham FC,Burnley FC,0,2,A,EPL,2023-24,openfootball
EPL,23/12/2023,Liverpool FC,Arsenal FC,1,1,D,EPL,2023-24,openfootball
EPL,23/12/2023,Luton Town FC,Newcastle United FC,1,0,H,EPL,2023-24,openfootball
EPL,23/12/2023,Nottingham Forest FC,AFC Bournemouth,2,3,A,EPL,2023-24,openfootball
EPL,23/12/2023,Tottenham Hotspur FC,Everton FC,2,1,H,EPL,2023-24,openfootball
EPL,23/12/2023,West Ham United FC,Manchester United FC,2,0,H,EPL,2023-24,openfootball
EPL,24/12/2023,Wolverhampton Wanderers FC,Chelsea FC,2,1,H,EPL,2023-24,openfootball
EPL,26/12/2023,AFC Bournemouth,Fulham FC,3,0,H,EPL,2023-24,openfootball
EPL,26/12/2023,Burnley FC,Liverpool FC,0,2,A,EPL,2023-24,openfootball
EPL,26/12/2023,Manchester United FC,Aston Villa FC,3,2,H,EPL,2023-24,openfootball
EPL,26/12/2023,Newcastle United FC,Nottingham Forest FC,1,3,A,EPL,2023-24,openfootball
EPL,26/12/2023,Sheffield United FC,Luton Town FC,2,3,A,EPL,2023-24,openfootball
EPL,27/12/2023,Brentford FC,Wolverhampton Wanderers FC,1,4,A,EPL,2023-24,openfootball
EPL,27/12/2023,Chelsea FC,Crystal Palace FC,2,1,H,EPL,2023-24,openfootball
EPL,27/12/2023,Everton FC,Manchester City FC,1,3,A,EPL,2023-24,openfootball
EPL,28/12/2023,Arsenal FC,West Ham United FC,0,2,A,EPL,2023-24,openfootball
EPL,28/12/2023,Brighton & Hove Albion FC,Tottenham Hotspur FC,4,2,H,EPL,2023-24,openfootball
EPL,30/12/2023,Aston Villa FC,Burnley FC,3,2,H,EPL,2023-24,openfootball
EPL,30/12/2023,Crystal Palace FC,Brentford FC,3,1,H,EPL,2023-24,openfootball
EPL,30/12/2023,Luton Town FC,Chelsea FC,2,3,A,EPL,2023-24,openfootball
EPL,30/12/2023,Manchester City FC,Sheffield United FC,2,0,H,EPL,2023-24,openfootball
EPL,30/12/2023,Nottingham Forest FC,Manchester United FC,2,1,H,EPL,2023-24,openfootball
EPL,30/12/2023,Wolverhampton Wanderers FC,Everton FC,3,0,H,EPL,2023-24,openfootball
EPL,31/12/2023,Fulham FC,Arsenal FC,2,1,H,EPL,2023-24,openfootball
EPL,31/12/2023,Tottenham Hotspur FC,AFC Bournemouth,3,1,H,EPL,2023-24,openfootball
EPL,01/01/2024,Liverpool FC,Newcastle United FC,4,2,H,EPL,2023-24,openfootball
EPL,02/01/2024,West Ham United FC,Brighton & Hove Albion FC,0,0,D,EPL,2023-24,openfootball
EPL,12/01/2024,Burnley FC,Luton Town FC,1,1,D,EPL,2023-24,openfootball
EPL,13/01/2024,Chelsea FC,Fulham FC,1,0,H,EPL,2023-24,openfootball
EPL,13/01/2024,Newcastle United FC,Manchester City FC,2,3,A,EPL,2023-24,openfootball
EPL,14/01/2024,Everton FC,Aston Villa FC,0,0,D,EPL,2023-24,openfootball
EPL,14/01/2024,Manchester United FC,Tottenham Hotspur FC,2,2,D,EPL,2023-24,openfootball
EPL,20/01/2024,Arsenal FC,Crystal Palace FC,5,0,H,EPL,2023-24,openfootball
EPL,20/01/2024,Brentford FC,Nottingham Forest FC,3,2,H,EPL,2023-24,openfootball
EPL,21/01/2024,AFC Bournemouth,Liverpool FC,0,4,A,EPL,2023-24,openfootball
EPL,21/01/2024,Sheffield United FC,West Ham United FC,2,2,D,EPL,2023-24,openfootball
EPL,22/01/2024,Brighton & Hove Albion FC,Wolverhampton Wanderers FC,0,0,D,EPL,2023-24,openfootball
EPL,30/01/2024,Aston Villa FC,Newcastle United FC,1,3,A,EPL,2023-24,openfootball
EPL,30/01/2024,Crystal Palace FC,Sheffield United FC,3,2,H,EPL,2023-24,openfootball
EPL,30/01/2024,Fulham FC,Everton FC,0,0,D,EPL,2023-24,openfootball
EPL,30/01/2024,Luton Town FC,Brighton & Hove Albion FC,4,0,H,EPL,2023-24,openfootball
EPL,30/01/2024,Nottingham Forest FC,Arsenal FC,1,2,A,EPL,2023-24,openfootball
EPL,31/01/2024,Liverpool FC,Chelsea FC,4,1,H,EPL,2023-24,openfootball
EPL,31/01/2024,Manchester City FC,Burnley FC,3,1,H,EPL,2023-24,openfootball
EPL,31/01/2024,Tottenham Hotspur FC,Brentford FC,3,2,H,EPL,2023-24,openfootball
EPL,01/02/2024,West Ham United FC,AFC Bournemouth,1,1,D,EPL,2023-24,openfootball
EPL,01/02/2024,Wolverhampton Wanderers FC,Manchester United FC,3,4,A,EPL,2023-24,openfootball
EPL,03/02/2024,Brighton & Hove Albion FC,Crystal Palace FC,4,1,H,EPL,2023-24,openfootball
EPL,03/02/2024,Burnley FC,Fulham FC,2,2,D,EPL,2023-24,openfootball
EPL,03/02/2024,Everton FC,Tottenham Hotspur FC,2,2,D,EPL,2023-24,openfootball
EPL,03/02/2024,Newcastle United FC,Luton Town FC,4,4,D,EPL,2023-24,openfootball
EPL,03/02/2024,Sheffield United FC,Aston Villa FC,0,5,A,EPL,2023-24,openfootball
EPL,04/02/2024,AFC Bournemouth,Nottingham Forest FC,1,1,D,EPL,2023-24,openfootball
EPL,04/02/2024,Arsenal FC,Liverpool FC,3,1,H,EPL,2023-24,openfootball
EPL,04/02/2024,Chelsea FC,Wolverhampton Wanderers FC,2,4,A,EPL,2023-24,openfootball
EPL,04/02/2024,Manchester United FC,West Ham United FC,3,0,H,EPL,2023-24,openfootball
EPL,05/02/2024,Brentford FC,Manchester City FC,1,3,A,EPL,2023-24,openfootball
EPL,10/02/2024,Fulham FC,AFC Bournemouth,3,1,H,EPL,2023-24,openfootball
EPL,10/02/2024,Liverpool FC,Burnley FC,3,1,H,EPL,2023-24,openfootball
EPL,10/02/2024,Luton Town FC,Sheffield United FC,1,3,A,EPL,2023-24,openfootball
EPL,10/02/2024,Manchester City FC,Everton FC,2,0,H,EPL,2023-24,openfootball
EPL,10/02/2024,Nottingham Forest FC,Newcastle United FC,2,3,A,EPL,2023-24,openfootball
EPL,10/02/2024,Tottenham Hotspur FC,Brighton & Hove Albion FC,2,1,H,EPL,2023-24,openfootball
EPL,10/02/2024,Wolverhampton Wanderers FC,Brentford FC,0,2,A,EPL,2023-24,openfootball
EPL,11/02/2024,Aston Villa FC,Manchester United FC,1,2,A,EPL,2023-24,openfootball
EPL,11/02/2024,West Ham United FC,Arsenal FC,0,6,A,EPL,2023-24,openfootball
EPL,12/02/2024,Crystal Palace FC,Chelsea FC,1,3,A,EPL,2023-24,openfootball
EPL,17/02/2024,Brentford FC,Liverpool FC,1,4,A,EPL,2023-24,openfootball
EPL,17/02/2024,Burnley FC,Arsenal FC,0,5,A,EPL,2023-24,openfootball
EPL,17/02/2024,Fulham FC,Aston Villa FC,1,2,A,EPL,2023-24,openfootball
EPL,17/02/2024,Manchester City FC,Chelsea FC,1,1,D,EPL,2023-24,openfootball
EPL,17/02/2024,Newcastle United FC,AFC Bournemouth,2,2,D,EPL,2023-24,openfootball
EPL,17/02/2024,Nottingham Forest FC,West Ham United FC,2,0,H,EPL,2023-24,openfootball
EPL,17/02/2024,Tottenham Hotspur FC,Wolverhampton Wanderers FC,1,2,A,EPL,2023-24,openfootball
EPL,18/02/2024,Luton Town FC,Manchester United FC,1,2,A,EPL,2023-24,openfootball
EPL,18/02/2024,Sheffield United FC,Brighton & Hove Albion FC,0,5,A,EPL,2023-24,openfootball
EPL,19/02/2024,Everton FC,Crystal Palace FC,1,1,D,EPL,2023-24,openfootball
EPL,20/02/2024,Manchester City FC,Brentford FC,1,0,H,EPL,2023-24,openfootball
EPL,21/02/2024,Liverpool FC,Luton Town FC,4,1,H,EPL,2023-24,openfootball
EPL,24/02/2024,AFC Bournemouth,Manchester City FC,0,1,A,EPL,2023-24,openfootball
EPL,24/02/2024,Arsenal FC,Newcastle United FC,4,1,H,EPL,2023-24,openfootball
EPL,24/02/2024,Aston Villa FC,Nottingham Forest FC,4,2,H,EPL,2023-24,openfootball
EPL,24/02/2024,Brighton & Hove Albion FC,Everton FC,1,1,D,EPL,2023-24,openfootball
EPL,24/02/2024,Crystal Palace FC,Burnley FC,3,0,H,EPL,2023-24,openfootball
EPL,24/02/2024,Manchester United FC,Fulham FC,1,2,A,EPL,2023-24,openfootball
EPL,25/02/2024,Wolverhampton Wanderers FC,Sheffield United FC,1,0,H,EPL,2023-24,openfootball
EPL,26/02/2024,West Ham United FC,Brentford FC,4,2,H,EPL,2023-24,openfootball
EPL,02/03/2024,Brentford FC,Chelsea FC,2,2,D,EPL,2023-24,openfootball
EPL,02/03/2024,Everton FC,West Ham United FC,1,3,A,EPL,2023-24,openfootball
EPL,02/03/2024,Fulham FC,Brighton & Hove Albion FC,3,0,H,EPL,2023-24,openfootball
EPL,02/03/2024,Luton Town FC,Aston Villa FC,2,3,A,EPL,2023-24,openfootball
EPL,02/03/2024,Newcastle United FC,Wolverhampton Wanderers FC,3,0,H,EPL,2023-24,openfootball
EPL,02/03/2024,Nottingham Forest FC,Liverpool FC,0,1,A,EPL,2023-24,openfootball
EPL,02/03/2024,Tottenham Hotspur FC,Crystal Palace FC,3,1,H,EPL,2023-24,openfootball
EPL,03/03/2024,Burnley FC,AFC Bournemouth,0,2,A,EPL,2023-24,openfootball
EPL,03/03/2024,Manchester City FC,Manchester United FC,3,1,H,EPL,2023-24,openfootball
EPL,04/03/2024,Sheffield United FC,Arsenal FC,0,6,A,EPL,2023-24,openfootball
EPL,09/03/2024,AFC Bournemouth,Sheffield United FC,2,2,D,EPL,2023-24,openfootball
EPL,09/03/2024,Arsenal FC,Brentford FC,2,1,H,EPL,2023-24,openfootball
EPL,09/03/2024,Crystal Palace FC,Luton Town FC,1,1,D,EPL,2023-24,openfootball
EPL,09/03/2024,Manchester United FC,Everton FC,2,0,H,EPL,2023-24,openfootball
EPL,09/03/2024,Wolverhampton Wanderers FC,Fulham FC,2,1,H,EPL,2023-24,openfootball
EPL,10/03/2024,Aston Villa FC,Tottenham Hotspur FC,0,4,A,EPL,2023-24,openfootball
EPL,10/03/2024,Brighton & Hove Albion FC,Nottingham Forest FC,1,0,H,EPL,2023-24,openfootball
EPL,10/03/2024,Liverpool FC,Manchester City FC,1,1,D,EPL,2023-24,openfootball
EPL,10/03/2024,West Ham United FC,Burnley FC,2,2,D,EPL,2023-24,openfootball
EPL,11/03/2024,Chelsea FC,Newcastle United FC,3,2,H,EPL,2023-24,openfootball
EPL,13/03/2024,AFC Bournemouth,Luton Town FC,4,3,H,EPL,2023-24,openfootball
EPL,16/03/2024,Burnley FC,Brentford FC,2,1,H,EPL,2023-24,openfootball
EPL,16/03/2024,Fulham FC,Tottenham Hotspur FC,3,0,H,EPL,2023-24,openfootball
EPL,16/03/2024,Luton Town FC,Nottingham Forest FC,1,1,D,EPL,2023-24,openfootball
EPL,17/03/2024,West Ham United FC,Aston Villa FC,1,1,D,EPL,2023-24,openfootball
EPL,30/03/2024,AFC Bournemouth,Everton FC,2,1,H,EPL,2023-24,openfootball
EPL,30/03/2024,Aston Villa FC,Wolverhampton Wanderers FC,2,0,H,EPL,2023-24,openfootball
EPL,30/03/2024,Brentford FC,Manchester United FC,1,1,D,EPL,2023-24,openfootball
EPL,30/03/2024,Chelsea FC,Burnley FC,2,2,D,EPL,2023-24,openfootball
EPL,30/03/2024,Newcastle United FC,West Ham United FC,4,3,H,EPL,2023-24,openfootball
EPL,30/03/2024,Nottingham Forest FC,Crystal Palace FC,1,1,D,EPL,2023-24,openfootball
EPL,30/03/2024,Sheffield United FC,Fulham FC,3,3,D,EPL,2023-24,openfootball
EPL,30/03/2024,Tottenham Hotspur FC,Luton Town FC,2,1,H,EPL,2023-24,openfootball
EPL,31/03/2024,Liverpool FC,Brighton & Hove Albion FC,2,1,H,EPL,2023-24,openfootball
EPL,31/03/2024,Manchester City FC,Arsenal FC,0,0,D,EPL,2023-24,openfootball
EPL,02/04/2024,AFC Bournemouth,Crystal Palace FC,1,0,H,EPL,2023-24,openfootball
EPL,02/04/2024,Burnley FC,Wolverhampton Wanderers FC,1,1,D,EPL,2023-24,openfootball
EPL,02/04/2024,Newcastle United FC,Everton FC,1,1,D,EPL,2023-24,openfootball
EPL,02/04/2024,Nottingham Forest FC,Fulham FC,3,1,H,EPL,2023-24,openfootball
EPL,02/04/2024,West Ham United FC,Tottenham Hotspur FC,1,1,D,EPL,2023-24,openfootball
EPL,03/04/2024,Arsenal FC,Luton Town FC,2,0,H,EPL,2023-24,openfootball
EPL,03/04/2024,Brentford FC,Brighton & Hove Albion FC,0,0,D,EPL,2023-24,openfootball
EPL,03/04/2024,Manchester City FC,Aston Villa FC,4,1,H,EPL,2023-24,openfootball
EPL,04/04/2024,Chelsea FC,Manchester United FC,4,3,H,EPL,2023-24,openfootball
EPL,04/04/2024,Liverpool FC,Sheffield United FC,3,1,H,EPL,2023-24,openfootball
EPL,06/04/2024,Aston Villa FC,Brentford FC,3,3,D,EPL,2023-24,openfootball
EPL,06/04/2024,Brighton & Hove Albion FC,Arsenal FC,0,3,A,EPL,2023-24,openfootball
EPL,06/04/2024,Crystal Palace FC,Manchester City FC,2,4,A,EPL,2023-24,openfootball
EPL,06/04/2024,Everton FC,Burnley FC,1,0,H,EPL,2023-24,openfootball
EPL,06/04/2024,Fulham FC,Newcastle United FC,0,1,A,EPL,2023-24,openfootball
EPL,06/04/2024,Luton Town FC,AFC Bournemouth,2,1,H,EPL,2023-24,openfootball
EPL,06/04/2024,Wolverhampton Wanderers FC,West Ham United FC,1,2,A,EPL,2023-24,openfootball
EPL,07/04/2024,Manchester United FC,Liverpool FC,2,2,D,EPL,2023-24,openfootball
EPL,07/04/2024,Sheffield United FC,Chelsea FC,2,2,D,EPL,2023-24,openfootball
EPL,07/04/2024,Tottenham Hotspur FC,Nottingham Forest FC,3,1,H,EPL,2023-24,openfootball
EPL,13/04/2024,AFC Bournemouth,Manchester United FC,2,2,D,EPL,2023-24,openfootball
EPL,13/04/2024,Brentford FC,Sheffield United FC,2,0,H,EPL,2023-24,openfootball
EPL,13/04/2024,Burnley FC,Brighton & Hove Albion FC,1,1,D,EPL,2023-24,openfootball
EPL,13/04/2024,Manchester City FC,Luton Town FC,5,1,H,EPL,2023-24,openfootball
EPL,13/04/2024,Newcastle United FC,Tottenham Hotspur FC,4,0,H,EPL,2023-24,openfootball
EPL,13/04/2024,Nottingham Forest FC,Wolverhampton Wanderers FC,2,2,D,EPL,2023-24,openfootball
EPL,14/04/2024,Arsenal FC,Aston Villa FC,0,2,A,EPL,2023-24,openfootball
EPL,14/04/2024,Liverpool FC,Crystal Palace FC,0,1,A,EPL,2023-24,openfootball
EPL,14/04/2024,West Ham United FC,Fulham FC,0,2,A,EPL,2023-24,openfootball
EPL,15/04/2024,Chelsea FC,Everton FC,6,0,H,EPL,2023-24,openfootball
EPL,20/04/2024,Luton Town FC,Brentford FC,1,5,A,EPL,2023-24,openfootball
EPL,20/04/2024,Sheffield United FC,Burnley FC,1,4,A,EPL,2023-24,openfootball
EPL,20/04/2024,Wolverhampton Wanderers FC,Arsenal FC,0,2,A,EPL,2023-24,openfootball
EPL,21/04/2024,Aston Villa FC,AFC Bournemouth,3,1,H,EPL,2023-24,openfootball
EPL,21/04/2024,Crystal Palace FC,West Ham United FC,5,2,H,EPL,2023-24,openfootball
EPL,21/04/2024,Everton FC,Nottingham Forest FC,2,0,H,EPL,2023-24,openfootball
EPL,21/04/2024,Fulham FC,Liverpool FC,1,3,A,EPL,2023-24,openfootball
EPL,23/04/2024,Arsenal FC,Chelsea FC,5,0,H,EPL,2023-24,openfootball
EPL,24/04/2024,Crystal Palace FC,Newcastle United FC,2,0,H,EPL,2023-24,openfootball
EPL,24/04/2024,Everton FC,Liverpool FC,2,0,H,EPL,2023-24,openfootball
EPL,24/04/2024,Manchester United FC,Sheffield United FC,4,2,H,EPL,2023-24,openfootball
EPL,24/04/2024,Wolverhampton Wanderers FC,AFC Bournemouth,0,1,A,EPL,2023-24,openfootball
EPL,25/04/2024,Brighton & Hove Albion FC,Manchester City FC,0,4,A,EPL,2023-24,openfootball
EPL,27/04/2024,Aston Villa FC,Chelsea FC,2,2,D,EPL,2023-24,openfootball
EPL,27/04/2024,Everton FC,Brentford FC,1,0,H,EPL,2023-24,openfootball
EPL,27/04/2024,Fulham FC,Crystal Palace FC,1,1,D,EPL,2023-24,openfootball
EPL,27/04/2024,Manchester United FC,Burnley FC,1,1,D,EPL,2023-24,openfootball
EPL,27/04/2024,Newcastle United FC,Sheffield United FC,5,1,H,EPL,2023-24,openfootball
EPL,27/04/2024,West Ham United FC,Liverpool FC,2,2,D,EPL,2023-24,openfootball
EPL,27/04/2024,Wolverhampton Wanderers FC,Luton Town FC,2,1,H,EPL,2023-24,openfootball
EPL,28/04/2024,AFC Bournemouth,Brighton & Hove Albion FC,3,0,H,EPL,2023-24,openfootball
EPL,28/04/2024,Nottingham Forest FC,Manchester City FC,0,2,A,EPL,2023-24,openfootball
EPL,28/04/2024,Tottenham Hotspur FC,Arsenal FC,2,3,A,EPL,2023-24,openfootball
EPL,02/05/2024,Chelsea FC,Tottenham Hotspur FC,2,0,H,EPL,2023-24,openfootball
EPL,03/05/2024,Luton Town FC,Everton FC,1,1,D,EPL,2023-24,openfootball
EPL,04/05/2024,Arsenal FC,AFC Bournemouth,3,0,H,EPL,2023-24,openfootball
EPL,04/05/2024,Brentford FC,Fulham FC,0,0,D,EPL,2023-24,openfootball
EPL,04/05/2024,Burnley FC,Newcastle United FC,1,4,A,EPL,2023-24,openfootball
EPL,04/05/2024,Manchester City FC,Wolverhampton Wanderers FC,5,1,H,EPL,2023-24,openfootball
EPL,04/05/2024,Sheffield United FC,Nottingham Forest FC,1,3,A,EPL,2023-24,openfootball
EPL,05/05/2024,Brighton & Hove Albion FC,Aston Villa FC,1,0,H,EPL,2023-24,openfootball
EPL,05/05/2024,Chelsea FC,West Ham United FC,5,0,H,EPL,2023-24,openfootball
EPL,05/05/2024,Liverpool FC,Tottenham Hotspur FC,4,2,H,EPL,2023-24,openfootball
EPL,06/05/2024,Crystal Palace FC,Manchester United FC,4,0,H,EPL,2023-24,openfootball
EPL,11/05/2024,AFC Bournemouth,Brentford FC,1,2,A,EPL,2023-24,openfootball
EPL,11/05/2024,Everton FC,Sheffield United FC,1,0,H,EPL,2023-24,openfootball
EPL,11/05/2024,Fulham FC,Manchester City FC,0,4,A,EPL,2023-24,openfootball
EPL,11/05/2024,Newcastle United FC,Brighton & Hove Albion FC,1,1,D,EPL,2023-24,openfootball
EPL,11/05/2024,Nottingham Forest FC,Chelsea FC,2,3,A,EPL,2023-24,openfootball
EPL,11/05/2024,Tottenham Hotspur FC,Burnley FC,2,1,H,EPL,2023-24,openfootball
EPL,11/05/2024,West Ham United FC,Luton Town FC,3,1,H,EPL,2023-24,openfootball
EPL,11/05/2024,Wolverhampton Wanderers FC,Crystal Palace FC,1,3,A,EPL,2023-24,openfootball
EPL,12/05/2024,Manchester United FC,Arsenal FC,0,1,A,EPL,2023-24,openfootball
EPL,13/05/2024,Aston Villa FC,Liverpool FC,3,3,D,EPL,2023-24,openfootball
EPL,14/05/2024,Tottenham Hotspur FC,Manchester City FC,0,2,A,EPL,2023-24,openfootball
EPL,15/05/2024,Brighton & Hove Albion FC,Chelsea FC,1,2,A,EPL,2023-24,openfootball
EPL,15/05/2024,Manchester United FC,Newcastle United FC,3,2,H,EPL,2023-24,openfootball
EPL,19/05/2024,Arsenal FC,Everton FC,2,1,H,EPL,2023-24,openfootball
EPL,19/05/2024,Brentford FC,Newcastle United FC,2,4,A,EPL,2023-24,openfootball
EPL,19/05/2024,Brighton & Hove Albion FC,Manchester United FC,0,2,A,EPL,2023-24,openfootball
EPL,19/05/2024,Burnley FC,Nottingham Forest FC,1,2,A,EPL,2023-24,openfootball
EPL,19/05/2024,Chelsea FC,AFC Bournemouth,2,1,H,EPL,2023-24,openfootball
EPL,19/05/2024,Crystal Palace FC,Aston Villa FC,5,0,H,EPL,2023-24,openfootball
EPL,19/05/2024,Liverpool FC,Wolverhampton Wanderers FC,2,0,H,EPL,2023-24,openfootball
EPL,19/05/2024,Luton Town FC,Fulham FC,2,4,A,EPL,2023-24,openfootball
EPL,19/05/2024,Manchester City FC,West Ham United FC,3,1,H,EPL,2023-24,openfootball
EPL,19/05/2024,Sheffield United FC,Tottenham Hotspur FC,0,3,A,EPL,2023-24,openfootball
EPL,16/08/2024,Manchester United FC,Fulham FC,1,0,H,EPL,2024-25,openfootball
EPL,17/08/2024,Arsenal FC,Wolverhampton Wanderers FC,2,0,H,EPL,2024-25,openfootball
EPL,17/08/2024,Everton FC,Brighton & Hove Albion FC,0,3,A,EPL,2024-25,openfootball
EPL,17/08/2024,Ipswich Town FC,Liverpool FC,0,2,A,EPL,2024-25,openfootball
EPL,17/08/2024,Newcastle United FC,Southampton FC,1,0,H,EPL,2024-25,openfootball
EPL,17/08/2024,Nottingham Forest FC,AFC Bournemouth,1,1,D,EPL,2024-25,openfootball
EPL,17/08/2024,West Ham United FC,Aston Villa FC,1,2,A,EPL,2024-25,openfootball
EPL,18/08/2024,Brentford FC,Crystal Palace FC,2,1,H,EPL,2024-25,openfootball
EPL,18/08/2024,Chelsea FC,Manchester City FC,0,2,A,EPL,2024-25,openfootball
EPL,19/08/2024,Leicester City FC,Tottenham Hotspur FC,1,1,D,EPL,2024-25,openfootball
EPL,24/08/2024,Aston Villa FC,Arsenal FC,0,2,A,EPL,2024-25,openfootball
EPL,24/08/2024,Brighton & Hove Albion FC,Manchester United FC,2,1,H,EPL,2024-25,openfootball
EPL,24/08/2024,Crystal Palace FC,West Ham United FC,0,2,A,EPL,2024-25,openfootball
EPL,24/08/2024,Fulham FC,Leicester City FC,2,1,H,EPL,2024-25,openfootball
EPL,24/08/2024,Manchester City FC,Ipswich Town FC,4,1,H,EPL,2024-25,openfootball
EPL,24/08/2024,Southampton FC,Nottingham Forest FC,0,1,A,EPL,2024-25,openfootball
EPL,24/08/2024,Tottenham Hotspur FC,Everton FC,4,0,H,EPL,2024-25,openfootball
EPL,25/08/2024,AFC Bournemouth,Newcastle United FC,1,1,D,EPL,2024-25,openfootball
EPL,25/08/2024,Liverpool FC,Brentford FC,2,0,H,EPL,2024-25,openfootball
EPL,25/08/2024,Wolverhampton Wanderers FC,Chelsea FC,2,6,A,EPL,2024-25,openfootball
EPL,31/08/2024,Arsenal FC,Brighton & Hove Albion FC,1,1,D,EPL,2024-25,openfootball
EPL,31/08/2024,Brentford FC,Southampton FC,3,1,H,EPL,2024-25,openfootball
EPL,31/08/2024,Everton FC,AFC Bournemouth,2,3,A,EPL,2024-25,openfootball
EPL,31/08/2024,Ipswich Town FC,Fulham FC,1,1,D,EPL,2024-25,openfootball
EPL,31/08/2024,Leicester City FC,Aston Villa FC,1,2,A,EPL,2024-25,openfootball
EPL,31/08/2024,Nottingham Forest FC,Wolverhampton Wanderers FC,1,1,D,EPL,2024-25,openfootball
EPL,31/08/2024,West Ham United FC,Manchester City FC,1,3,A,EPL,2024-25,openfootball
EPL,01/09/2024,Chelsea FC,Crystal Palace FC,1,1,D,EPL,2024-25,openfootball
EPL,01/09/2024,Manchester United FC,Liverpool FC,0,3,A,EPL,2024-25,openfootball
EPL,01/09/2024,Newcastle United FC,Tottenham Hotspur FC,2,1,H,EPL,2024-25,openfootball
EPL,14/09/2024,AFC Bournemouth,Chelsea FC,0,1,A,EPL,2024-25,openfootball
EPL,14/09/2024,Aston Villa FC,Everton FC,3,2,H,EPL,2024-25,openfootball
EPL,14/09/2024,Brighton & Hove Albion FC,Ipswich Town FC,0,0,D,EPL,2024-25,openfootball
EPL,14/09/2024,Crystal Palace FC,Leicester City FC,2,2,D,EPL,2024-25,openfootball
EPL,14/09/2024,Fulham FC,West Ham United FC,1,1,D,EPL,2024-25,openfootball
EPL,14/09/2024,Liverpool FC,Nottingham Forest FC,0,1,A,EPL,2024-25,openfootball
EPL,14/09/2024,Manchester City FC,Brentford FC,2,1,H,EPL,2024-25,openfootball
EPL,14/09/2024,Southampton FC,Manchester United FC,0,3,A,EPL,2024-25,openfootball
EPL,15/09/2024,Tottenham Hotspur FC,Arsenal FC,0,1,A,EPL,2024-25,openfootball
EPL,15/09/2024,Wolverhampton Wanderers FC,Newcastle United FC,1,2,A,EPL,2024-25,openfootball
EPL,21/09/2024,Aston Villa FC,Wolverhampton Wanderers FC,3,1,H,EPL,2024-25,openfootball
EPL,21/09/2024,Crystal Palace FC,Manchester United FC,0,0,D,EPL,2024-25,openfootball
EPL,21/09/2024,Fulham FC,Newcastle United FC,3,1,H,EPL,2024-25,openfootball
EPL,21/09/2024,Leicester City FC,Everton FC,1,1,D,EPL,2024-25,openfootball
EPL,21/09/2024,Liverpool FC,AFC Bournemouth,3,0,H,EPL,2024-25,openfootball
EPL,21/09/2024,Southampton FC,Ipswich Town FC,1,1,D,EPL,2024-25,openfootball
EPL,21/09/2024,Tottenham Hotspur FC,Brentford FC,3,1,H,EPL,2024-25,openfootball
EPL,21/09/2024,West Ham United FC,Chelsea FC,0,3,A,EPL,2024-25,openfootball
EPL,22/09/2024,Brighton & Hove Albion FC,Nottingham Forest FC,2,2,D,EPL,2024-25,openfootball
EPL,22/09/2024,Manchester City FC,Arsenal FC,2,2,D,EPL,2024-25,openfootball
EPL,28/09/2024,Arsenal FC,Leicester City FC,4,2,H,EPL,2024-25,openfootball
EPL,28/09/2024,Brentford FC,West Ham United FC,1,1,D,EPL,2024-25,openfootball
EPL,28/09/2024,Chelsea FC,Brighton & Hove Albion FC,4,2,H,EPL,2024-25,openfootball
EPL,28/09/2024,Everton FC,Crystal Palace FC,2,1,H,EPL,2024-25,openfootball
EPL,28/09/2024,Newcastle United FC,Manchester City FC,1,1,D,EPL,2024-25,openfootball
EPL,28/09/2024,Nottingham Forest FC,Fulham FC,0,1,A,EPL,2024-25,openfootball
EPL,28/09/2024,Wolverhampton Wanderers FC,Liverpool FC,1,2,A,EPL,2024-25,openfootball
EPL,29/09/2024,Ipswich Town FC,Aston Villa FC,2,2,D,EPL,2024-25,openfootball
EPL,29/09/2024,Manchester United FC,Tottenham Hotspur FC,0,3,A,EPL,2024-25,openfootball
EPL,30/09/2024,AFC Bournemouth,Southampton FC,3,1,H,EPL,2024-25,openfootball
EPL,05/10/2024,Arsenal FC,Southampton FC,3,1,H,EPL,2024-25,openfootball
EPL,05/10/2024,Brentford FC,Wolverhampton Wanderers FC,5,3,H,EPL,2024-25,openfootball
EPL,05/10/2024,Crystal Palace FC,Liverpool FC,0,1,A,EPL,2024-25,openfootball
EPL,05/10/2024,Everton FC,Newcastle United FC,0,0,D,EPL,2024-25,openfootball
EPL,05/10/2024,Leicester City FC,AFC Bournemouth,1,0,H,EPL,2024-25,openfootball
EPL,05/10/2024,Manchester City FC,Fulham FC,3,2,H,EPL,2024-25,openfootball
EPL,05/10/2024,West Ham United FC,Ipswich Town FC,4,1,H,EPL,2024-25,openfootball
EPL,06/10/2024,Aston Villa FC,Manchester United FC,0,0,D,EPL,2024-25,openfootball
EPL,06/10/2024,Brighton & Hove Albion FC,Tottenham Hotspur FC,3,2,H,EPL,2024-25,openfootball
EPL,06/10/2024,Chelsea FC,Nottingham Forest FC,1,1,D,EPL,2024-25,openfootball
EPL,19/10/2024,AFC Bournemouth,Arsenal FC,2,0,H,EPL,2024-25,openfootball
EPL,19/10/2024,Fulham FC,Aston Villa FC,1,3,A,EPL,2024-25,openfootball
EPL,19/10/2024,Ipswich Town FC,Everton FC,0,2,A,EPL,2024-25,openfootball
EPL,19/10/2024,Manchester United FC,Brentford FC,2,1,H,EPL,2024-25,openfootball
EPL,19/10/2024,Newcastle United FC,Brighton & Hove Albion FC,0,1,A,EPL,2024-25,openfootball
EPL,19/10/2024,Southampton FC,Leicester City FC,2,3,A,EPL,2024-25,openfootball
EPL,19/10/2024,Tottenham Hotspur FC,West Ham United FC,4,1,H,EPL,2024-25,openfootball
EPL,20/10/2024,Liverpool FC,Chelsea FC,2,1,H,EPL,2024-25,openfootball
EPL,20/10/2024,Wolverhampton Wanderers FC,Manchester City FC,1,2,A,EPL,2024-25,openfootball
EPL,21/10/2024,Nottingham Forest FC,Crystal Palace FC,1,0,H,EPL,2024-25,openfootball
EPL,25/10/2024,Leicester City FC,Nottingham Forest FC,1,3,A,EPL,2024-25,openfootball
EPL,26/10/2024,Aston Villa FC,AFC Bournemouth,1,1,D,EPL,2024-25,openfootball
EPL,26/10/2024,Brentford FC,Ipswich Town FC,4,3,H,EPL,2024-25,openfootball
EPL,26/10/2024,Brighton & Hove Albion FC,Wolverhampton Wanderers FC,2,2,D,EPL,2024-25,openfootball
EPL,26/10/2024,Everton FC,Fulham FC,1,1,D,EPL,2024-25,openfootball
EPL,26/10/2024,Manchester City FC,Southampton FC,1,0,H,EPL,2024-25,openfootball
EPL,27/10/2024,Arsenal FC,Liverpool FC,2,2,D,EPL,2024-25,openfootball
EPL,27/10/2024,Chelsea FC,Newcastle United FC,2,1,H,EPL,2024-25,openfootball
EPL,27/10/2024,Crystal Palace FC,Tottenham Hotspur FC,1,0,H,EPL,2024-25,openfootball
EPL,27/10/2024,West Ham United FC,Manchester United FC,2,1,H,EPL,2024-25,openfootball
EPL,02/11/2024,AFC Bournemouth,Manchester City FC,2,1,H,EPL,2024-25,openfootball
EPL,02/11/2024,Ipswich Town FC,Leicester City FC,1,1,D,EPL,2024-25,openfootball
EPL,02/11/2024,Liverpool FC,Brighton & Hove Albion FC,2,1,H,EPL,2024-25,openfootball
EPL,02/11/2024,Newcastle United FC,Arsenal FC,1,0,H,EPL,2024-25,openfootball
EPL,02/11/2024,Nottingham Forest FC,West Ham United FC,3,0,H,EPL,2024-25,openfootball
EPL,02/11/2024,Southampton FC,Everton FC,1,0,H,EPL,2024-25,openfootball
EPL,02/11/2024,Wolverhampton Wanderers FC,Crystal Palace FC,2,2,D,EPL,2024-25,openfootball
EPL,03/11/2024,Manchester United FC,Chelsea FC,1,1,D,EPL,2024-25,openfootball
EPL,03/11/2024,Tottenham Hotspur FC,Aston Villa FC,4,1,H,EPL,2024-25,openfootball
EPL,04/11/2024,Fulham FC,Brentford FC,2,1,H,EPL,2024-25,openfootball
EPL,09/11/2024,Brentford FC,AFC Bournemouth,3,2,H,EPL,2024-25,openfootball
EPL,09/11/2024,Brighton & Hove Albion FC,Manchester City FC,2,1,H,EPL,2024-25,openfootball
EPL,09/11/2024,Crystal Palace FC,Fulham FC,0,2,A,EPL,2024-25,openfootball
EPL,09/11/2024,Liverpool FC,Aston Villa FC,2,0,H,EPL,2024-25,openfootball
EPL,09/11/2024,West Ham United FC,Everton FC,0,0,D,EPL,2024-25,openfootball
EPL,09/11/2024,Wolverhampton Wanderers FC,Southampton FC,2,0,H,EPL,2024-25,openfootball
EPL,10/11/2024,Chelsea FC,Arsenal FC,1,1,D,EPL,2024-25,openfootball
EPL,10/11/2024,Manchester United FC,Leicester City FC,3,0,H,EPL,2024-25,openfootball
EPL,10/11/2024,Nottingham Forest FC,Newcastle United FC,1,3,A,EPL,2024-25,openfootball
EPL,10/11/2024,Tottenham Hotspur FC,Ipswich Town FC,1,2,A,EPL,2024-25,openfootball
EPL,23/11/2024,AFC Bournemouth,Brighton & Hove Albion FC,1,2,A,EPL,2024-25,openfootball
EPL,23/11/2024,Arsenal FC,Nottingham Forest FC,3,0,H,EPL,2024-25,openfootball
EPL,23/11/2024,Aston Villa FC,Crystal Palace FC,2,2,D,EPL,2024-25,openfootball
EPL,23/11/2024,Everton FC,Brentford FC,0,0,D,EPL,2024-25,openfootball
EPL,23/11/2024,Fulham FC,Wolverhampton Wanderers FC,1,4,A,EPL,2024-25,openfootball
EPL,23/11/2024,Leicester City FC,Chelsea FC,1,2,A,EPL,2024-25,openfootball
EPL,23/11/2024,Manchester City FC,Tottenham Hotspur FC,0,4,A,EPL,2024-25,openfootball
EPL,24/11/2024,Ipswich Town FC,Manchester United FC,1,1,D,EPL,2024-25,openfootball
EPL,24/11/2024,Southampton FC,Liverpool FC,2,3,A,EPL,2024-25,openfootball
EPL,25/11/2024,Newcastle United FC,West Ham United FC,0,2,A,EPL,2024-25,openfootball
EPL,29/11/2024,Brighton & Hove Albion FC,Southampton FC,1,1,D,EPL,2024-25,openfootball
EPL,30/11/2024,Brentford FC,Leicester City FC,4,1,H,EPL,2024-25,openfootball
EPL,30/11/2024,Crystal Palace FC,Newcastle United FC,1,1,D,EPL,2024-25,openfootball
EPL,30/11/2024,Nottingham Forest FC,Ipswich Town FC,1,0,H,EPL,2024-25,openfootball
EPL,30/11/2024,West Ham United FC,Arsenal FC,2,5,A,EPL,2024-25,openfootball
EPL,30/11/2024,Wolverhampton Wanderers FC,AFC Bournemouth,2,4,A,EPL,2024-25,openfootball
EPL,01/12/2024,Chelsea FC,Aston Villa FC,3,0,H,EPL,2024-25,openfootball
EPL,01/12/2024,Liverpool FC,Manchester City FC,2,0,H,EPL,2024-25,openfootball
EPL,01/12/2024,Manchester United FC,Everton FC,4,0,H,EPL,2024-25,openfootball
EPL,01/12/2024,Tottenham Hotspur FC,Fulham FC,1,1,D,EPL,2024-25,openfootball
EPL,03/12/2024,Ipswich Town FC,Crystal Palace FC,0,1,A,EPL,2024-25,openfootball
EPL,03/12/2024,Leicester City FC,West Ham United FC,3,1,H,EPL,2024-25,openfootball
EPL,04/12/2024,Arsenal FC,Manchester United FC,2,0,H,EPL,2024-25,openfootball
EPL,04/12/2024,Aston Villa FC,Brentford FC,3,1,H,EPL,2024-25,openfootball
EPL,04/12/2024,Everton FC,Wolverhampton Wanderers FC,4,0,H,EPL,2024-25,openfootball
EPL,04/12/2024,Manchester City FC,Nottingham Forest FC,3,0,H,EPL,2024-25,openfootball
EPL,04/12/2024,Newcastle United FC,Liverpool FC,3,3,D,EPL,2024-25,openfootball
EPL,04/12/2024,Southampton FC,Chelsea FC,1,5,A,EPL,2024-25,openfootball
EPL,05/12/2024,AFC Bournemouth,Tottenham Hotspur FC,1,0,H,EPL,2024-25,openfootball
EPL,05/12/2024,Fulham FC,Brighton & Hove Albion FC,3,1,H,EPL,2024-25,openfootball
EPL,07/12/2024,Aston Villa FC,Southampton FC,1,0,H,EPL,2024-25,openfootball
EPL,07/12/2024,Brentford FC,Newcastle United FC,4,2,H,EPL,2024-25,openfootball
EPL,07/12/2024,Crystal Palace FC,Manchester City FC,2,2,D,EPL,2024-25,openfootball
EPL,07/12/2024,Manchester United FC,Nottingham Forest FC,2,3,A,EPL,2024-25,openfootball
EPL,08/12/2024,Fulham FC,Arsenal FC,1,1,D,EPL,2024-25,openfootball
EPL,08/12/2024,Ipswich Town FC,AFC Bournemouth,1,2,A,EPL,2024-25,openfootball
EPL,08/12/2024,Leicester City FC,Brighton & Hove Albion FC,2,2,D,EPL,2024-25,openfootball
EPL,08/12/2024,Tottenham Hotspur FC,Chelsea FC,3,4,A,EPL,2024-25,openfootball
EPL,09/12/2024,West Ham United FC,Wolverhampton Wanderers FC,2,1,H,EPL,2024-25,openfootball
EPL,14/12/2024,Arsenal FC,Everton FC,0,0,D,EPL,2024-25,openfootball
EPL,14/12/2024,Liverpool FC,Fulham FC,2,2,D,EPL,2024-25,openfootball
EPL,14/12/2024,Newcastle United FC,Leicester City FC,4,0,H,EPL,2024-25,openfootball
EPL,14/12/2024,Nottingham Forest FC,Aston Villa FC,2,1,H,EPL,2024-25,openfootball
EPL,14/12/2024,Wolverhampton Wanderers FC,Ipswich Town FC,1,2,A,EPL,2024-25,openfootball
EPL,15/12/2024,Brighton & Hove Albion FC,Crystal Palace FC,1,3,A,EPL,2024-25,openfootball
EPL,15/12/2024,Chelsea FC,Brentford FC,2,1,H,EPL,2024-25,openfootball
EPL,15/12/2024,Manchester City FC,Manchester United FC,1,2,A,EPL,2024-25,openfootball
EPL,15/12/2024,Southampton FC,Tottenham Hotspur FC,0,5,A,EPL,2024-25,openfootball
EPL,16/12/2024,AFC Bournemouth,West Ham United FC,1,1,D,EPL,2024-25,openfootball
EPL,21/12/2024,Aston Villa FC,Manchester City FC,2,1,H,EPL,2024-25,openfootball
EPL,21/12/2024,Brentford FC,Nottingham Forest FC,0,2,A,EPL,2024-25,openfootball
EPL,21/12/2024,Crystal Palace FC,Arsenal FC,1,5,A,EPL,2024-25,openfootball
EPL,21/12/2024,Ipswich Town FC,Newcastle United FC,0,4,A,EPL,2024-25,openfootball
EPL,21/12/2024,West Ham United FC,Brighton & Hove Albion FC,1,1,D,EPL,2024-25,openfootball
EPL,22/12/2024,Everton FC,Chelsea FC,0,0,D,EPL,2024-25,openfootball
EPL,22/12/2024,Fulham FC,Southampton FC,0,0,D,EPL,2024-25,openfootball
EPL,22/12/2024,Leicester City FC,Wolverhampton Wanderers FC,0,3,A,EPL,2024-25,openfootball
EPL,22/12/2024,Manchester United FC,AFC Bournemouth,0,3,A,EPL,2024-25,openfootball
EPL,22/12/2024,Tottenham Hotspur FC,Liverpool FC,3,6,A,EPL,2024-25,openfootball
EPL,26/12/2024,AFC Bournemouth,Crystal Palace FC,0,0,D,EPL,2024-25,openfootball
EPL,26/12/2024,Chelsea FC,Fulham FC,1,2,A,EPL,2024-25,openfootball
EPL,26/12/2024,Liverpool FC,Leicester City FC,3,1,H,EPL,2024-25,openfootball
EPL,26/12/2024,Manchester City FC,Everton FC,1,1,D,EPL,2024-25,openfootball
EPL,26/12/2024,Newcastle United FC,Aston Villa FC,3,0,H,EPL,2024-25,openfootball
EPL,26/12/2024,Nottingham Forest FC,Tottenham Hotspur FC,1,0,H,EPL,2024-25,openfootball
EPL,26/12/2024,Southampton FC,West Ham United FC,0,1,A,EPL,2024-25,openfootball
EPL,26/12/2024,Wolverhampton Wanderers FC,Manchester United FC,2,0,H,EPL,2024-25,openfootball
EPL,27/12/2024,Arsenal FC,Ipswich Town FC,1,0,H,EPL,2024-25,openfootball
EPL,27/12/2024,Brighton & Hove Albion FC,Brentford FC,0,0,D,EPL,2024-25,openfootball
EPL,29/12/2024,Crystal Palace FC,Southampton FC,2,1,H,EPL,2024-25,openfootball
EPL,29/12/2024,Everton FC,Nottingham Forest FC,0,2,A,EPL,2024-25,openfootball
EPL,29/12/2024,Fulham FC,AFC Bournemouth,2,2,D,EPL,2024-25,openfootball
EPL,29/12/2024,Leicester City FC,Manchester City FC,0,2,A,EPL,2024-25,openfootball
EPL,29/12/2024,Tottenham Hotspur FC,Wolverhampton Wanderers FC,2,2,D,EPL,2024-25,openfootball
EPL,29/12/2024,West Ham United FC,Liverpool FC,0,5,A,EPL,2024-25,openfootball
EPL,30/12/2024,Aston Villa FC,Brighton & Hove Albion FC,2,2,D,EPL,2024-25,openfootball
EPL,30/12/2024,Ipswich Town FC,Chelsea FC,2,0,H,EPL,2024-25,openfootball
EPL,30/12/2024,Manchester United FC,Newcastle United FC,0,2,A,EPL,2024-25,openfootball
EPL,01/01/2025,Brentford FC,Arsenal FC,1,3,A,EPL,2024-25,openfootball
EPL,04/01/2025,AFC Bournemouth,Everton FC,1,0,H,EPL,2024-25,openfootball
EPL,04/01/2025,Aston Villa FC,Leicester City FC,2,1,H,EPL,2024-25,openfootball
EPL,04/01/2025,Brighton & Hove Albion FC,Arsenal FC,1,1,D,EPL,2024-25,openfootball
EPL,04/01/2025,Crystal Palace FC,Chelsea FC,1,1,D,EPL,2024-25,openfootball
EPL,04/01/2025,Manchester City FC,West Ham United FC,4,1,H,EPL,2024-25,openfootball
EPL,04/01/2025,Southampton FC,Brentford FC,0,5,A,EPL,2024-25,openfootball
EPL,04/01/2025,Tottenham Hotspur FC,Newcastle United FC,1,2,A,EPL,2024-25,openfootball
EPL,05/01/2025,Fulham FC,Ipswich Town FC,2,2,D,EPL,2024-25,openfootball
EPL,05/01/2025,Liverpool FC,Manchester United FC,2,2,D,EPL,2024-25,openfootball
EPL,06/01/2025,Wolverhampton Wanderers FC,Nottingham Forest FC,0,3,A,EPL,2024-25,openfootball
EPL,14/01/2025,Brentford FC,Manchester City FC,2,2,D,EPL,2024-25,openfootball
EPL,14/01/2025,Chelsea FC,AFC Bournemouth,2,2,D,EPL,2024-25,openfootball
EPL,14/01/2025,Nottingham Forest FC,Liverpool FC,1,1,D,EPL,2024-25,openfootball
EPL,14/01/2025,West Ham United FC,Fulham FC,3,2,H,EPL,2024-25,openfootball
EPL,15/01/2025,Arsenal FC,Tottenham Hotspur FC,2,1,H,EPL,2024-25,openfootball
EPL,15/01/2025,Everton FC,Aston Villa FC,0,1,A,EPL,2024-25,openfootball
EPL,15/01/2025,Leicester City FC,Crystal Palace FC,0,2,A,EPL,2024-25,openfootball
EPL,15/01/2025,Newcastle United FC,Wolverhampton Wanderers FC,3,0,H,EPL,2024-25,openfootball
EPL,16/01/2025,Ipswich Town FC,Brighton & Hove Albion FC,0,2,A,EPL,2024-25,openfootball
EPL,16/01/2025,Manchester United FC,Southampton FC,3,1,H,EPL,2024-25,openfootball
EPL,18/01/2025,Arsenal FC,Aston Villa FC,2,2,D,EPL,2024-25,openfootball
EPL,18/01/2025,Brentford FC,Liverpool FC,0,2,A,EPL,2024-25,openfootball
EPL,18/01/2025,Leicester City FC,Fulham FC,0,2,A,EPL,2024-25,openfootball
EPL,18/01/2025,Newcastle United FC,AFC Bournemouth,1,4,A,EPL,2024-25,openfootball
EPL,18/01/2025,West Ham United FC,Crystal Palace FC,0,2,A,EPL,2024-25,openfootball
EPL,19/01/2025,Everton FC,Tottenham Hotspur FC,3,2,H,EPL,2024-25,openfootball
EPL,19/01/2025,Ipswich Town FC,Manchester City FC,0,6,A,EPL,2024-25,openfootball
EPL,19/01/2025,Manchester United FC,Brighton & Hove Albion FC,1,3,A,EPL,2024-25,openfootball
EPL,19/01/2025,Nottingham Forest FC,Southampton FC,3,2,H,EPL,2024-25,openfootball
EPL,20/01/2025,Chelsea FC,Wolverhampton Wanderers FC,3,1,H,EPL,2024-25,openfootball
EPL,25/01/2025,AFC Bournemouth,Nottingham Forest FC,5,0,H,EPL,2024-25,openfootball
EPL,25/01/2025,Brighton & Hove Albion FC,Everton FC,0,1,A,EPL,2024-25,openfootball
EPL,25/01/2025,Liverpool FC,Ipswich Town FC,4,1,H,EPL,2024-25,openfootball
EPL,25/01/2025,Manchester City FC,Chelsea FC,3,1,H,EPL,2024-25,openfootball
EPL,25/01/2025,Southampton FC,Newcastle United FC,1,3,A,EPL,2024-25,openfootball
EPL,25/01/2025,Wolverhampton Wanderers FC,Arsenal FC,0,1,A,EPL,2024-25,openfootball
EPL,26/01/2025,Aston Villa FC,West Ham United FC,1,1,D,EPL,2024-25,openfootball
EPL,26/01/2025,Crystal Palace FC,Brentford FC,1,2,A,EPL,2024-25,openfootball
EPL,26/01/2025,Fulham FC,Manchester United FC,0,1,A,EPL,2024-25,openfootball
EPL,26/01/2025,Tottenham Hotspur FC,Leicester City FC,1,2,A,EPL,2024-25,openfootball
EPL,01/02/2025,AFC Bournemouth,Liverpool FC,0,2,A,EPL,2024-25,openfootball
EPL,01/02/2025,Everton FC,Leicester City FC,4,0,H,EPL,2024-25,openfootball
EPL,01/02/2025,Ipswich Town FC,Southampton FC,1,2,A,EPL,2024-25,openfootball
EPL,01/02/2025,Newcastle United FC,Fulham FC,1,2,A,EPL,2024-25,openfootball
EPL,01/02/2025,Nottingham Forest FC,Brighton & Hove Albion FC,7,0,H,EPL,2024-25,openfootball
EPL,01/02/2025,Wolverhampton Wanderers FC,Aston Villa FC,2,0,H,EPL,2024-25,openfootball
EPL,02/02/2025,Arsenal FC,Manchester City FC,5,1,H,EPL,2024-25,openfootball
EPL,02/02/2025,Brentford FC,Tottenham Hotspur FC,0,2,A,EPL,2024-25,openfootball
EPL,02/02/2025,Manchester United FC,Crystal Palace FC,0,2,A,EPL,2024-25,openfootball
EPL,03/02/2025,Chelsea FC,West Ham United FC,2,1,H,EPL,2024-25,openfootball
EPL,12/02/2025,Everton FC,Liverpool FC,2,2,D,EPL,2024-25,openfootball
EPL,14/02/2025,Brighton & Hove Albion FC,Chelsea FC,3,0,H,EPL,2024-25,openfootball
EPL,15/02/2025,Aston Villa FC,Ipswich Town FC,1,1,D,EPL,2024-25,openfootball
EPL,15/02/2025,Crystal Palace FC,Everton FC,1,2,A,EPL,2024-25,openfootball
EPL,15/02/2025,Fulham FC,Nottingham Forest FC,2,1,H,EPL,2024-25,openfootball
EPL,15/02/2025,Leicester City FC,Arsenal FC,0,2,A,EPL,2024-25,openfootball
EPL,15/02/2025,Manchester City FC,Newcastle United FC,4,0,H,EPL,2024-25,openfootball
EPL,15/02/2025,Southampton FC,AFC Bournemouth,1,3,A,EPL,2024-25,openfootball
EPL,15/02/2025,West Ham United FC,Brentford FC,0,1,A,EPL,2024-25,openfootball
EPL,16/02/2025,Liverpool FC,Wolverhampton Wanderers FC,2,1,H,EPL,2024-25,openfootball
EPL,16/02/2025,Tottenham Hotspur FC,Manchester United FC,1,0,H,EPL,2024-25,openfootball
EPL,19/02/2025,Aston Villa FC,Liverpool FC,2,2,D,EPL,2024-25,openfootball
EPL,21/02/2025,Leicester City FC,Brentford FC,0,4,A,EPL,2024-25,openfootball
EPL,22/02/2025,AFC Bournemouth,Wolverhampton Wanderers FC,0,1,A,EPL,2024-25,openfootball
EPL,22/02/2025,Arsenal FC,West Ham United FC,0,1,A,EPL,2024-25,openfootball
EPL,22/02/2025,Aston Villa FC,Chelsea FC,2,1,H,EPL,2024-25,openfootball
EPL,22/02/2025,Everton FC,Manchester United FC,2,2,D,EPL,2024-25,openfootball
EPL,22/02/2025,Fulham FC,Crystal Palace FC,0,2,A,EPL,2024-25,openfootball
EPL,22/02/2025,Ipswich Town FC,Tottenham Hotspur FC,1,4,A,EPL,2024-25,openfootball
EPL,22/02/2025,Southampton FC,Brighton & Hove Albion FC,0,4,A,EPL,2024-25,openfootball
EPL,23/02/2025,Manchester City FC,Liverpool FC,0,2,A,EPL,2024-25,openfootball
EPL,23/02/2025,Newcastle United FC,Nottingham Forest FC,4,3,H,EPL,2024-25,openfootball
EPL,25/02/2025,Brighton & Hove Albion FC,AFC Bournemouth,2,1,H,EPL,2024-25,openfootball
EPL,25/02/2025,Chelsea FC,Southampton FC,4,0,H,EPL,2024-25,openfootball
EPL,25/02/2025,Crystal Palace FC,Aston Villa FC,4,1,H,EPL,2024-25,openfootball
EPL,25/02/2025,Wolverhampton Wanderers FC,Fulham FC,1,2,A,EPL,2024-25,openfootball
EPL,26/02/2025,Brentford FC,Everton FC,1,1,D,EPL,2024-25,openfootball
EPL,26/02/2025,Liverpool FC,Newcastle United FC,2,0,H,EPL,2024-25,openfootball
EPL,26/02/2025,Manchester United FC,Ipswich Town FC,3,2,H,EPL,2024-25,openfootball
EPL,26/02/2025,Nottingham Forest FC,Arsenal FC,0,0,D,EPL,2024-25,openfootball
EPL,26/02/2025,Tottenham Hotspur FC,Manchester City FC,0,1,A,EPL,2024-25,openfootball
EPL,27/02/2025,West Ham United FC,Leicester City FC,2,0,H,EPL,2024-25,openfootball
EPL,08/03/2025,Brentford FC,Aston Villa FC,0,1,A,EPL,2024-25,openfootball
EPL,08/03/2025,Brighton & Hove Albion FC,Fulham FC,2,1,H,EPL,2024-25,openfootball
EPL,08/03/2025,Crystal Palace FC,Ipswich Town FC,1,0,H,EPL,2024-25,openfootball
EPL,08/03/2025,Liverpool FC,Southampton FC,3,1,H,EPL,2024-25,openfootball
EPL,08/03/2025,Nottingham Forest FC,Manchester City FC,1,0,H,EPL,2024-25,openfootball
EPL,08/03/2025,Wolverhampton Wanderers FC,Everton FC,1,1,D,EPL,2024-25,openfootball
EPL,09/03/2025,Chelsea FC,Leicester City FC,1,0,H,EPL,2024-25,openfootball
EPL,09/03/2025,Manchester United FC,Arsenal FC,1,1,D,EPL,2024-25,openfootball
EPL,09/03/2025,Tottenham Hotspur FC,AFC Bournemouth,2,2,D,EPL,2024-25,openfootball
EPL,10/03/2025,West Ham United FC,Newcastle United FC,0,1,A,EPL,2024-25,openfootball
EPL,15/03/2025,AFC Bournemouth,Brentford FC,1,2,A,EPL,2024-25,openfootball
EPL,15/03/2025,Everton FC,West Ham United FC,1,1,D,EPL,2024-25,openfootball
EPL,15/03/2025,Ipswich Town FC,Nottingham Forest FC,2,4,A,EPL,2024-25,openfootball
EPL,15/03/2025,Manchester City FC,Brighton & Hove Albion FC,2,2,D,EPL,2024-25,openfootball
EPL,15/03/2025,Southampton FC,Wolverhampton Wanderers FC,1,2,A,EPL,2024-25,openfootball
EPL,16/03/2025,Arsenal FC,Chelsea FC,1,0,H,EPL,2024-25,openfootball
EPL,16/03/2025,Fulham FC,Tottenham Hotspur FC,2,0,H,EPL,2024-25,openfootball
EPL,16/03/2025,Leicester City FC,Manchester United FC,0,3,A,EPL,2024-25,openfootball
EPL,01/04/2025,Arsenal FC,Fulham FC,2,1,H,EPL,2024-25,openfootball
EPL,01/04/2025,Nottingham Forest FC,Manchester United FC,1,0,H,EPL,2024-25,openfootball
EPL,01/04/2025,Wolverhampton Wanderers FC,West Ham United FC,1,0,H,EPL,2024-25,openfootball
EPL,02/04/2025,AFC Bournemouth,Ipswich Town FC,1,2,A,EPL,2024-25,openfootball
EPL,02/04/2025,Brighton & Hove Albion FC,Aston Villa FC,0,3,A,EPL,2024-25,openfootball
EPL,02/04/2025,Liverpool FC,Everton FC,1,0,H,EPL,2024-25,openfootball
EPL,02/04/2025,Manchester City FC,Leicester City FC,2,0,H,EPL,2024-25,openfootball
EPL,02/04/2025,Newcastle United FC,Brentford FC,2,1,H,EPL,2024-25,openfootball
EPL,02/04/2025,Southampton FC,Crystal Palace FC,1,1,D,EPL,2024-25,openfootball
EPL,03/04/2025,Chelsea FC,Tottenham Hotspur FC,1,0,H,EPL,2024-25,openfootball
EPL,05/04/2025,Aston Villa FC,Nottingham Forest FC,2,1,H,EPL,2024-25,openfootball
EPL,05/04/2025,Crystal Palace FC,Brighton & Hove Albion FC,2,1,H,EPL,2024-25,openfootball
EPL,05/04/2025,Everton FC,Arsenal FC,1,1,D,EPL,2024-25,openfootball
EPL,05/04/2025,Ipswich Town FC,Wolverhampton Wanderers FC,1,2,A,EPL,2024-25,openfootball
EPL,05/04/2025,West Ham United FC,AFC Bournemouth,2,2,D,EPL,2024-25,openfootball
EPL,06/04/2025,Brentford FC,Chelsea FC,0,0,D,EPL,2024-25,openfootball
EPL,06/04/2025,Fulham FC,Liverpool FC,3,2,H,EPL,2024-25,openfootball
EPL,06/04/2025,Manchester United FC,Manchester City FC,0,0,D,EPL,2024-25,openfootball
EPL,06/04/2025,Tottenham Hotspur FC,Southampton FC,3,1,H,EPL,2024-25,openfootball
EPL,07/04/2025,Leicester City FC,Newcastle United FC,0,3,A,EPL,2024-25,openfootball
EPL,12/04/2025,Arsenal FC,Brentford FC,1,1,D,EPL,2024-25,openfootball
EPL,12/04/2025,Brighton & Hove Albion FC,Leicester City FC,2,2,D,EPL,2024-25,openfootball
EPL,12/04/2025,Manchester City FC,Crystal Palace FC,5,2,H,EPL,2024-25,openfootball
EPL,12/04/2025,Nottingham Forest FC,Everton FC,0,1,A,EPL,2024-25,openfootball
EPL,12/04/2025,Southampton FC,Aston Villa FC,0,3,A,EPL,2024-25,openfootball
EPL,13/04/2025,Chelsea FC,Ipswich Town FC,2,2,D,EPL,2024-25,openfootball
EPL,13/04/2025,Liverpool FC,West Ham United FC,2,1,H,EPL,2024-25,openfootball
EPL,13/04/2025,Newcastle United FC,Manchester United FC,4,1,H,EPL,2024-25,openfootball
EPL,13/04/2025,Wolverhampton Wanderers FC,Tottenham Hotspur FC,4,2,H,EPL,2024-25,openfootball
EPL,14/04/2025,AFC Bournemouth,Fulham FC,1,0,H,EPL,2024-25,openfootball
EPL,16/04/2025,Newcastle United FC,Crystal Palace FC,5,0,H,EPL,2024-25,openfootball
EPL,19/04/2025,Aston Villa FC,Newcastle United FC,4,1,H,EPL,2024-25,openfootball
EPL,19/04/2025,Brentford FC,Brighton & Hove Albion FC,4,2,H,EPL,2024-25,openfootball
EPL,19/04/2025,Crystal Palace FC,AFC Bournemouth,0,0,D,EPL,2024-25,openfootball
EPL,19/04/2025,Everton FC,Manchester City FC,0,2,A,EPL,2024-25,openfootball
EPL,19/04/2025,West Ham United FC,Southampton FC,1,1,D,EPL,2024-25,openfootball
EPL,20/04/2025,Fulham FC,Chelsea FC,1,2,A,EPL,2024-25,openfootball
EPL,20/04/2025,Ipswich Town FC,Arsenal FC,0,4,A,EPL,2024-25,openfootball
EPL,20/04/2025,Leicester City FC,Liverpool FC,0,1,A,EPL,2024-25,openfootball
EPL,20/04/2025,Manchester United FC,Wolverhampton Wanderers FC,0,1,A,EPL,2024-25,openfootball
EPL,21/04/2025,Tottenham Hotspur FC,Nottingham Forest FC,1,2,A,EPL,2024-25,openfootball
EPL,22/04/2025,Manchester City FC,Aston Villa FC,2,1,H,EPL,2024-25,openfootball
EPL,23/04/2025,Arsenal FC,Crystal Palace FC,2,2,D,EPL,2024-25,openfootball
EPL,26/04/2025,Brighton & Hove Albion FC,West Ham United FC,3,2,H,EPL,2024-25,openfootball
EPL,26/04/2025,Chelsea FC,Everton FC,1,0,H,EPL,2024-25,openfootball
EPL,26/04/2025,Newcastle United FC,Ipswich Town FC,3,0,H,EPL,2024-25,openfootball
EPL,26/04/2025,Southampton FC,Fulham FC,1,2,A,EPL,2024-25,openfootball
EPL,26/04/2025,Wolverhampton Wanderers FC,Leicester City FC,3,0,H,EPL,2024-25,openfootball
EPL,27/04/2025,AFC Bournemouth,Manchester United FC,1,1,D,EPL,2024-25,openfootball
EPL,27/04/2025,Liverpool FC,Tottenham Hotspur FC,5,1,H,EPL,2024-25,openfootball
EPL,01/05/2025,Nottingham Forest FC,Brentford FC,0,2,A,EPL,2024-25,openfootball
EPL,02/05/2025,Manchester City FC,Wolverhampton Wanderers FC,1,0,H,EPL,2024-25,openfootball
EPL,03/05/2025,Arsenal FC,AFC Bournemouth,1,2,A,EPL,2024-25,openfootball
EPL,03/05/2025,Aston Villa FC,Fulham FC,1,0,H,EPL,2024-25,openfootball
EPL,03/05/2025,Everton FC,Ipswich Town FC,2,2,D,EPL,2024-25,openfootball
EPL,03/05/2025,Leicester City FC,Southampton FC,2,0,H,EPL,2024-25,openfootball
EPL,04/05/2025,Brentford FC,Manchester United FC,4,3,H,EPL,2024-25,openfootball
EPL,04/05/2025,Brighton & Hove Albion FC,Newcastle United FC,1,1,D,EPL,2024-25,openfootball
EPL,04/05/2025,Chelsea FC,Liverpool FC,3,1,H,EPL,2024-25,openfootball
EPL,04/05/2025,West Ham United FC,Tottenham Hotspur FC,1,1,D,EPL,2024-25,openfootball
EPL,05/05/2025,Crystal Palace FC,Nottingham Forest FC,1,1,D,EPL,2024-25,openfootball
EPL,10/05/2025,AFC Bournemouth,Aston Villa FC,0,1,A,EPL,2024-25,openfootball
EPL,10/05/2025,Fulham FC,Everton FC,1,3,A,EPL,2024-25,openfootball
EPL,10/05/2025,Ipswich Town FC,Brentford FC,0,1,A,EPL,2024-25,openfootball
EPL,10/05/2025,Southampton FC,Manchester City FC,0,0,D,EPL,2024-25,openfootball
EPL,10/05/2025,Wolverhampton Wanderers FC,Brighton & Hove Albion FC,0,2,A,EPL,2024-25,openfootball
EPL,11/05/2025,Liverpool FC,Arsenal FC,2,2,D,EPL,2024-25,openfootball
EPL,11/05/2025,Manchester United FC,West Ham United FC,0,2,A,EPL,2024-25,openfootball
EPL,11/05/2025,Newcastle United FC,Chelsea FC,2,0,H,EPL,2024-25,openfootball
EPL,11/05/2025,Nottingham Forest FC,Leicester City FC,2,2,D,EPL,2024-25,openfootball
EPL,11/05/2025,Tottenham Hotspur FC,Crystal Palace FC,0,2,A,EPL,2024-25,openfootball
EPL,16/05/2025,Aston Villa FC,Tottenham Hotspur FC,2,0,H,EPL,2024-25,openfootball
EPL,16/05/2025,Chelsea FC,Manchester United FC,1,0,H,EPL,2024-25,openfootball
EPL,18/05/2025,Arsenal FC,Newcastle United FC,1,0,H,EPL,2024-25,openfootball
EPL,18/05/2025,Brentford FC,Fulham FC,2,3,A,EPL,2024-25,openfootball
EPL,18/05/2025,Everton FC,Southampton FC,2,0,H,EPL,2024-25,openfootball
EPL,18/05/2025,Leicester City FC,Ipswich Town FC,2,0,H,EPL,2024-25,openfootball
EPL,18/05/2025,West Ham United FC,Nottingham Forest FC,1,2,A,EPL,2024-25,openfootball
EPL,19/05/2025,Brighton & Hove Albion FC,Liverpool FC,3,2,H,EPL,2024-25,openfootball
EPL,20/05/2025,Crystal Palace FC,Wolverhampton Wanderers FC,4,2,H,EPL,2024-25,openfootball
EPL,20/05/2025,Manchester City FC,AFC Bournemouth,3,1,H,EPL,2024-25,openfootball
EPL,25/05/2025,AFC Bournemouth,Leicester City FC,2,0,H,EPL,2024-25,openfootball
EPL,25/05/2025,Fulham FC,Manchester City FC,0,2,A,EPL,2024-25,openfootball
EPL,25/05/2025,Ipswich Town FC,West Ham United FC,1,3,A,EPL,2024-25,openfootball
EPL,25/05/2025,Liverpool FC,Crystal Palace FC,1,1,D,EPL,2024-25,openfootball
EPL,25/05/2025,Manchester United FC,Aston Villa FC,2,0,H,EPL,2024-25,openfootball
EPL,25/05/2025,Newcastle United FC,Everton FC,0,1,A,EPL,2024-25,openfootball
EPL,25/05/2025,Nottingham Forest FC,Chelsea FC,0,1,A,EPL,2024-25,openfootball
EPL,25/05/2025,Southampton FC,Arsenal FC,1,2,A,EPL,2024-25,openfootball
EPL,25/05/2025,Tottenham Hotspur FC,Brighton & Hove Albion FC,1,4,A,EPL,2024-25,openfootball
EPL,25/05/2025,Wolverhampton Wanderers FC,Brentford FC,1,1,D,EPL,2024-25,openfootball
EPL,15/08/2025,Liverpool FC,AFC Bournemouth,4,2,H,EPL,2025-26,openfootball
EPL,16/08/2025,Brighton & Hove Albion FC,Fulham FC,1,1,D,EPL,2025-26,openfootball
EPL,16/08/2025,Sunderland AFC,West Ham United FC,3,0,H,EPL,2025-26,openfootball
EPL,16/08/2025,Tottenham Hotspur FC,Burnley FC,3,0,H,EPL,2025-26,openfootball
EPL,16/08/2025,Wolverhampton Wanderers FC,Manchester City FC,0,4,A,EPL,2025-26,openfootball
EPL,17/08/2025,Manchester United FC,Arsenal FC,0,1,A,EPL,2025-26,openfootball
EPL,17/08/2025,Nottingham Forest FC,Brentford FC,3,1,H,EPL,2025-26,openfootball
EPL,18/08/2025,Leeds United FC,Everton FC,1,0,H,EPL,2025-26,openfootball
EPL,22/08/2025,West Ham United FC,Chelsea FC,1,5,A,EPL,2025-26,openfootball
EPL,23/08/2025,AFC Bournemouth,Wolverhampton Wanderers FC,1,0,H,EPL,2025-26,openfootball
EPL,23/08/2025,Arsenal FC,Leeds United FC,5,0,H,EPL,2025-26,openfootball
EPL,23/08/2025,Brentford FC,Aston Villa FC,1,0,H,EPL,2025-26,openfootball
EPL,23/08/2025,Burnley FC,Sunderland AFC,2,0,H,EPL,2025-26,openfootball
EPL,23/08/2025,Manchester City FC,Tottenham Hotspur FC,0,2,A,EPL,2025-26,openfootball
EPL,24/08/2025,Crystal Palace FC,Nottingham Forest FC,1,1,D,EPL,2025-26,openfootball
EPL,24/08/2025,Everton FC,Brighton & Hove Albion FC,2,0,H,EPL,2025-26,openfootball
EPL,24/08/2025,Fulham FC,Manchester United FC,1,1,D,EPL,2025-26,openfootball
EPL,25/08/2025,Newcastle United FC,Liverpool FC,2,3,A,EPL,2025-26,openfootball
EPL,30/08/2025,Chelsea FC,Fulham FC,2,0,H,EPL,2025-26,openfootball
EPL,30/08/2025,Manchester United FC,Burnley FC,3,2,H,EPL,2025-26,openfootball
EPL,30/08/2025,Sunderland AFC,Brentford FC,2,1,H,EPL,2025-26,openfootball
EPL,30/08/2025,Tottenham Hotspur FC,AFC Bournemouth,0,1,A,EPL,2025-26,openfootball
EPL,30/08/2025,Wolverhampton Wanderers FC,Everton FC,2,3,A,EPL,2025-26,openfootball
EPL,31/08/2025,Aston Villa FC,Crystal Palace FC,0,3,A,EPL,2025-26,openfootball
EPL,31/08/2025,Brighton & Hove Albion FC,Manchester City FC,2,1,H,EPL,2025-26,openfootball
EPL,31/08/2025,Liverpool FC,Arsenal FC,1,0,H,EPL,2025-26,openfootball
EPL,31/08/2025,Nottingham Forest FC,West Ham United FC,0,3,A,EPL,2025-26,openfootball
EPL,13/09/2025,AFC Bournemouth,Brighton & Hove Albion FC,2,1,H,EPL,2025-26,openfootball
EPL,13/09/2025,Arsenal FC,Nottingham Forest FC,3,0,H,EPL,2025-26,openfootball
EPL,13/09/2025,Brentford FC,Chelsea FC,2,2,D,EPL,2025-26,openfootball
EPL,13/09/2025,Fulham FC,Leeds United FC,1,0,H,EPL,2025-26,openfootball
EPL,13/09/2025,Newcastle United FC,Wolverhampton Wanderers FC,1,0,H,EPL,2025-26,openfootball
EPL,13/09/2025,West Ham United FC,Tottenham Hotspur FC,0,3,A,EPL,2025-26,openfootball
EPL,14/09/2025,Burnley FC,Liverpool FC,0,1,A,EPL,2025-26,openfootball
EPL,14/09/2025,Manchester City FC,Manchester United FC,3,0,H,EPL,2025-26,openfootball
EPL,20/09/2025,Brighton & Hove Albion FC,Tottenham Hotspur FC,2,2,D,EPL,2025-26,openfootball
EPL,20/09/2025,Burnley FC,Nottingham Forest FC,1,1,D,EPL,2025-26,openfootball
EPL,20/09/2025,Fulham FC,Brentford FC,3,1,H,EPL,2025-26,openfootball
EPL,20/09/2025,Liverpool FC,Everton FC,2,1,H,EPL,2025-26,openfootball
EPL,20/09/2025,Manchester United FC,Chelsea FC,2,1,H,EPL,2025-26,openfootball
EPL,20/09/2025,West Ham United FC,Crystal Palace FC,1,2,A,EPL,2025-26,openfootball
EPL,20/09/2025,Wolverhampton Wanderers FC,Leeds United FC,1,3,A,EPL,2025-26,openfootball
EPL,21/09/2025,Arsenal FC,Manchester City FC,1,1,D,EPL,2025-26,openfootball
EPL,21/09/2025,Sunderland AFC,Aston Villa FC,1,1,D,EPL,2025-26,openfootball
EPL,27/09/2025,Brentford FC,Manchester United FC,3,1,H,EPL,2025-26,openfootball
EPL,27/09/2025,Chelsea FC,Brighton & Hove Albion FC,1,3,A,EPL,2025-26,openfootball
EPL,27/09/2025,Crystal Palace FC,Liverpool FC,2,1,H,EPL,2025-26,openfootball
EPL,27/09/2025,Leeds United FC,AFC Bournemouth,2,2,D,EPL,2025-26,openfootball
EPL,27/09/2025,Manchester City FC,Burnley FC,5,1,H,EPL,2025-26,openfootball
EPL,27/09/2025,Nottingham Forest FC,Sunderland AFC,0,1,A,EPL,2025-26,openfootball
EPL,27/09/2025,Tottenham Hotspur FC,Wolverhampton Wanderers FC,1,1,D,EPL,2025-26,openfootball
EPL,28/09/2025,Aston Villa FC,Fulham FC,3,1,H,EPL,2025-26,openfootball
EPL,28/09/2025,Newcastle United FC,Arsenal FC,1,2,A,EPL,2025-26,openfootball
EPL,29/09/2025,Everton FC,West Ham United FC,1,1,D,EPL,2025-26,openfootball
EPL,03/10/2025,AFC Bournemouth,Fulham FC,3,1,H,EPL,2025-26,openfootball
EPL,04/10/2025,Arsenal FC,West Ham United FC,2,0,H,EPL,2025-26,openfootball
EPL,04/10/2025,Chelsea FC,Liverpool FC,2,1,H,EPL,2025-26,openfootball
EPL,04/10/2025,Leeds United FC,Tottenham Hotspur FC,1,2,A,EPL,2025-26,openfootball
EPL,04/10/2025,Manchester United FC,Sunderland AFC,2,0,H,EPL,2025-26,openfootball
EPL,05/10/2025,Aston Villa FC,Burnley FC,2,1,H,EPL,2025-26,openfootball
EPL,05/10/2025,Brentford FC,Manchester City FC,0,1,A,EPL,2025-26,openfootball
EPL,05/10/2025,Everton FC,Crystal Palace FC,2,1,H,EPL,2025-26,openfootball
EPL,05/10/2025,Newcastle United FC,Nottingham Forest FC,2,0,H,EPL,2025-26,openfootball
EPL,05/10/2025,Wolverhampton Wanderers FC,Brighton & Hove Albion FC,1,1,D,EPL,2025-26,openfootball
EPL,18/10/2025,Brighton & Hove Albion FC,Newcastle United FC,2,1,H,EPL,2025-26,openfootball
EPL,18/10/2025,Burnley FC,Leeds United FC,2,0,H,EPL,2025-26,openfootball
EPL,18/10/2025,Crystal Palace FC,AFC Bournemouth,3,3,D,EPL,2025-26,openfootball
EPL,18/10/2025,Fulham FC,Arsenal FC,0,1,A,EPL,2025-26,openfootball
EPL,18/10/2025,Manchester City FC,Everton FC,2,0,H,EPL,2025-26,openfootball
EPL,18/10/2025,Nottingham Forest FC,Chelsea FC,0,3,A,EPL,2025-26,openfootball
EPL,18/10/2025,Sunderland AFC,Wolverhampton Wanderers FC,2,0,H,EPL,2025-26,openfootball
EPL,19/10/2025,Liverpool FC,Manchester United FC,1,2,A,EPL,2025-26,openfootball
EPL,19/10/2025,Tottenham Hotspur FC,Aston Villa FC,1,2,A,EPL,2025-26,openfootball
EPL,20/10/2025,West Ham United FC,Brentford FC,0,2,A,EPL,2025-26,openfootball
EPL,24/10/2025,Leeds United FC,West Ham United FC,2,1,H,EPL,2025-26,openfootball
EPL,25/10/2025,Brentford FC,Liverpool FC,3,2,H,EPL,2025-26,openfootball
EPL,25/10/2025,Chelsea FC,Sunderland AFC,1,2,A,EPL,2025-26,openfootball
EPL,25/10/2025,Manchester United FC,Brighton & Hove Albion FC,4,2,H,EPL,2025-26,openfootball
EPL,25/10/2025,Newcastle United FC,Fulham FC,2,1,H,EPL,2025-26,openfootball
EPL,26/10/2025,AFC Bournemouth,Nottingham Forest FC,2,0,H,EPL,2025-26,openfootball
EPL,26/10/2025,Arsenal FC,Crystal Palace FC,1,0,H,EPL,2025-26,openfootball
EPL,26/10/2025,Aston Villa FC,Manchester City FC,1,0,H,EPL,2025-26,openfootball
EPL,26/10/2025,Everton FC,Tottenham Hotspur FC,0,3,A,EPL,2025-26,openfootball
EPL,26/10/2025,Wolverhampton Wanderers FC,Burnley FC,2,3,A,EPL,2025-26,openfootball
EPL,01/11/2025,Brighton & Hove Albion FC,Leeds United FC,3,0,H,EPL,2025-26,openfootball
EPL,01/11/2025,Burnley FC,Arsenal FC,0,2,A,EPL,2025-26,openfootball
EPL,01/11/2025,Crystal Palace FC,Brentford FC,2,0,H,EPL,2025-26,openfootball
EPL,01/11/2025,Fulham FC,Wolverhampton Wanderers FC,3,0,H,EPL,2025-26,openfootball
EPL,01/11/2025,Liverpool FC,Aston Villa FC,2,0,H,EPL,2025-26,openfootball
EPL,01/11/2025,Nottingham Forest FC,Manchester United FC,2,2,D,EPL,2025-26,openfootball
EPL,01/11/2025,Tottenham Hotspur FC,Chelsea FC,0,1,A,EPL,2025-26,openfootball
EPL,02/11/2025,Manchester City FC,AFC Bournemouth,3,1,H,EPL,2025-26,openfootball
EPL,02/11/2025,West Ham United FC,Newcastle United FC,3,1,H,EPL,2025-26,openfootball
EPL,03/11/2025,Sunderland AFC,Everton FC,1,1,D,EPL,2025-26,openfootball
EPL,08/11/2025,Chelsea FC,Wolverhampton Wanderers FC,3,0,H,EPL,2025-26,openfootball
EPL,08/11/2025,Everton FC,Fulham FC,2,0,H,EPL,2025-26,openfootball
EPL,08/11/2025,Sunderland AFC,Arsenal FC,2,2,D,EPL,2025-26,openfootball
EPL,08/11/2025,Tottenham Hotspur FC,Manchester United FC,2,2,D,EPL,2025-26,openfootball
EPL,08/11/2025,West Ham United FC,Burnley FC,3,2,H,EPL,2025-26,openfootball
EPL,09/11/2025,Aston Villa FC,AFC Bournemouth,4,0,H,EPL,2025-26,openfootball
EPL,09/11/2025,Brentford FC,Newcastle United FC,3,1,H,EPL,2025-26,openfootball
EPL,09/11/2025,Manchester City FC,Liverpool FC,3,0,H,EPL,2025-26,openfootball
EPL,09/11/2025,Nottingham Forest FC,Leeds United FC,3,1,H,EPL,2025-26,openfootball
EPL,22/11/2025,AFC Bournemouth,West Ham United FC,2,2,D,EPL,2025-26,openfootball
EPL,22/11/2025,Brighton & Hove Albion FC,Brentford FC,2,1,H,EPL,2025-26,openfootball
EPL,22/11/2025,Burnley FC,Chelsea FC,0,2,A,EPL,2025-26,openfootball
EPL,22/11/2025,Fulham FC,Sunderland AFC,1,0,H,EPL,2025-26,openfootball
EPL,22/11/2025,Liverpool FC,Nottingham Forest FC,0,3,A,EPL,2025-26,openfootball
EPL,22/11/2025,Newcastle United FC,Manchester City FC,2,1,H,EPL,2025-26,openfootball
EPL,22/11/2025,Wolverhampton Wanderers FC,Crystal Palace FC,0,2,A,EPL,2025-26,openfootball
EPL,23/11/2025,Arsenal FC,Tottenham Hotspur FC,4,1,H,EPL,2025-26,openfootball
EPL,23/11/2025,Leeds United FC,Aston Villa FC,1,2,A,EPL,2025-26,openfootball
EPL,24/11/2025,Manchester United FC,Everton FC,0,1,A,EPL,2025-26,openfootball
EPL,29/11/2025,Brentford FC,Burnley FC,3,1,H,EPL,2025-26,openfootball
EPL,29/11/2025,Everton FC,Newcastle United FC,1,4,A,EPL,2025-26,openfootball
EPL,29/11/2025,Manchester City FC,Leeds United FC,3,2,H,EPL,2025-26,openfootball
EPL,29/11/2025,Sunderland AFC,AFC Bournemouth,3,2,H,EPL,2025-26,openfootball
EPL,29/11/2025,Tottenham Hotspur FC,Fulham FC,1,2,A,EPL,2025-26,openfootball
EPL,30/11/2025,Aston Villa FC,Wolverhampton Wanderers FC,1,0,H,EPL,2025-26,openfootball
EPL,30/11/2025,Chelsea FC,Arsenal FC,1,1,D,EPL,2025-26,openfootball
EPL,30/11/2025,Crystal Palace FC,Manchester United FC,1,2,A,EPL,2025-26,openfootball
EPL,30/11/2025,Nottingham Forest FC,Brighton & Hove Albion FC,0,2,A,EPL,2025-26,openfootball
EPL,30/11/2025,West Ham United FC,Liverpool FC,0,2,A,EPL,2025-26,openfootball
EPL,02/12/2025,AFC Bournemouth,Everton FC,0,1,A,EPL,2025-26,openfootball
EPL,02/12/2025,Fulham FC,Manchester City FC,4,5,A,EPL,2025-26,openfootball
EPL,02/12/2025,Newcastle United FC,Tottenham Hotspur FC,2,2,D,EPL,2025-26,openfootball
EPL,03/12/2025,Arsenal FC,Brentford FC,2,0,H,EPL,2025-26,openfootball
EPL,03/12/2025,Brighton & Hove Albion FC,Aston Villa FC,3,4,A,EPL,2025-26,openfootball
EPL,03/12/2025,Burnley FC,Crystal Palace FC,0,1,A,EPL,2025-26,openfootball
EPL,03/12/2025,Leeds United FC,Chelsea FC,3,1,H,EPL,2025-26,openfootball
EPL,03/12/2025,Liverpool FC,Sunderland AFC,1,1,D,EPL,2025-26,openfootball
EPL,03/12/2025,Wolverhampton Wanderers FC,Nottingham Forest FC,0,1,A,EPL,2025-26,openfootball
EPL,04/12/2025,Manchester United FC,West Ham United FC,1,1,D,EPL,2025-26,openfootball
EPL,06/12/2025,Aston Villa FC,Arsenal FC,2,1,H,EPL,2025-26,openfootball
EPL,06/12/2025,Everton FC,Nottingham Forest FC,3,0,H,EPL,2025-26,openfootball
EPL,06/12/2025,Leeds United FC,Liverpool FC,3,3,D,EPL,2025-26,openfootball
EPL,06/12/2025,Manchester City FC,Sunderland AFC,3,0,H,EPL,2025-26,openfootball
EPL,06/12/2025,Newcastle United FC,Burnley FC,2,1,H,EPL,2025-26,openfootball
EPL,06/12/2025,Tottenham Hotspur FC,Brentford FC,2,0,H,EPL,2025-26,openfootball
EPL,07/12/2025,Brighton & Hove Albion FC,West Ham United FC,1,1,D,EPL,2025-26,openfootball
EPL,07/12/2025,Fulham FC,Crystal Palace FC,1,2,A,EPL,2025-26,openfootball
EPL,08/12/2025,Wolverhampton Wanderers FC,Manchester United FC,1,4,A,EPL,2025-26,openfootball
EPL,13/12/2025,Arsenal FC,Wolverhampton Wanderers FC,2,1,H,EPL,2025-26,openfootball
EPL,13/12/2025,Burnley FC,Fulham FC,2,3,A,EPL,2025-26,openfootball
EPL,13/12/2025,Chelsea FC,Everton FC,2,0,H,EPL,2025-26,openfootball
EPL,13/12/2025,Liverpool FC,Brighton & Hove Albion FC,2,0,H,EPL,2025-26,openfootball
EPL,14/12/2025,Brentford FC,Leeds United FC,1,1,D,EPL,2025-26,openfootball
EPL,14/12/2025,Crystal Palace FC,Manchester City FC,0,3,A,EPL,2025-26,openfootball
EPL,14/12/2025,Nottingham Forest FC,Tottenham Hotspur FC,3,0,H,EPL,2025-26,openfootball
EPL,14/12/2025,Sunderland AFC,Newcastle United FC,1,0,H,EPL,2025-26,openfootball
EPL,14/12/2025,West Ham United FC,Aston Villa FC,2,3,A,EPL,2025-26,openfootball
EPL,15/12/2025,Manchester United FC,AFC Bournemouth,4,4,D,EPL,2025-26,openfootball
EPL,20/12/2025,AFC Bournemouth,Burnley FC,1,1,D,EPL,2025-26,openfootball
EPL,20/12/2025,Everton FC,Arsenal FC,0,1,A,EPL,2025-26,openfootball
EPL,20/12/2025,Leeds United FC,Crystal Palace FC,4,1,H,EPL,2025-26,openfootball
EPL,20/12/2025,Manchester City FC,West Ham United FC,3,0,H,EPL,2025-26,openfootball
EPL,20/12/2025,Newcastle United FC,Chelsea FC,2,2,D,EPL,2025-26,openfootball
EPL,20/12/2025,Tottenham Hotspur FC,Liverpool FC,1,2,A,EPL,2025-26,openfootball
EPL,20/12/2025,Wolverhampton Wanderers FC,Brentford FC,0,2,A,EPL,2025-26,openfootball
EPL,21/12/2025,Aston Villa FC,Manchester United FC,2,1,H,EPL,2025-26,openfootball
EPL,22/12/2025,Fulham FC,Nottingham Forest FC,1,0,H,EPL,2025-26,openfootball
EPL,26/12/2025,Manchester United FC,Newcastle United FC,1,0,H,EPL,2025-26,openfootball
EPL,27/12/2025,Arsenal FC,Brighton & Hove Albion FC,2,1,H,EPL,2025-26,openfootball
EPL,27/12/2025,Brentford FC,AFC Bournemouth,4,1,H,EPL,2025-26,openfootball
EPL,27/12/2025,Chelsea FC,Aston Villa FC,1,2,A,EPL,2025-26,openfootball
EPL,27/12/2025,Liverpool FC,Wolverhampton Wanderers FC,2,1,H,EPL,2025-26,openfootball
EPL,27/12/2025,Nottingham Forest FC,Manchester City FC,1,2,A,EPL,2025-26,openfootball
EPL,27/12/2025,West Ham United FC,Fulham FC,0,1,A,EPL,2025-26,openfootball
EPL,28/12/2025,Crystal Palace FC,Tottenham Hotspur FC,0,1,A,EPL,2025-26,openfootball
EPL,28/12/2025,Sunderland AFC,Leeds United FC,1,1,D,EPL,2025-26,openfootball
EPL,30/12/2025,Arsenal FC,Aston Villa FC,4,1,H,EPL,2025-26,openfootball
EPL,30/12/2025,Burnley FC,Newcastle United FC,1,3,A,EPL,2025-26,openfootball
EPL,30/12/2025,Chelsea FC,AFC Bournemouth,2,2,D,EPL,2025-26,openfootball
EPL,30/12/2025,Manchester United FC,Wolverhampton Wanderers FC,1,1,D,EPL,2025-26,openfootball
EPL,30/12/2025,Nottingham Forest FC,Everton FC,0,2,A,EPL,2025-26,openfootball
EPL,30/12/2025,West Ham United FC,Brighton & Hove Albion FC,2,2,D,EPL,2025-26,openfootball
EPL,01/01/2026,Crystal Palace FC,Fulham FC,1,1,D,EPL,2025-26,openfootball
EPL,03/01/2026,AFC Bournemouth,Arsenal FC,2,3,A,EPL,2025-26,openfootball
EPL,03/01/2026,Aston Villa FC,Nottingham Forest FC,3,1,H,EPL,2025-26,openfootball
EPL,03/01/2026,Brighton & Hove Albion FC,Burnley FC,2,0,H,EPL,2025-26,openfootball
EPL,03/01/2026,Wolverhampton Wanderers FC,West Ham United FC,3,0,H,EPL,2025-26,openfootball
EPL,04/01/2026,Everton FC,Brentford FC,2,4,A,EPL,2025-26,openfootball
EPL,04/01/2026,Fulham FC,Liverpool FC,2,2,D,EPL,2025-26,openfootball
EPL,04/01/2026,Leeds United FC,Manchester United FC,1,1,D,EPL,2025-26,openfootball
EPL,04/01/2026,Manchester City FC,Chelsea FC,1,1,D,EPL,2025-26,openfootball
EPL,04/01/2026,Newcastle United FC,Crystal Palace FC,2,0,H,EPL,2025-26,openfootball
EPL,04/01/2026,Tottenham Hotspur FC,Sunderland AFC,1,1,D,EPL,2025-26,openfootball
EPL,06/01/2026,West Ham United FC,Nottingham Forest FC,1,2,A,EPL,2025-26,openfootball
EPL,07/01/2026,AFC Bournemouth,Tottenham Hotspur FC,3,2,H,EPL,2025-26,openfootball
EPL,07/01/2026,Brentford FC,Sunderland AFC,3,0,H,EPL,2025-26,openfootball
EPL,07/01/2026,Burnley FC,Manchester United FC,2,2,D,EPL,2025-26,openfootball
EPL,07/01/2026,Everton FC,Wolverhampton Wanderers FC,1,1,D,EPL,2025-26,openfootball
EPL,07/01/2026,Fulham FC,Chelsea FC,2,1,H,EPL,2025-26,openfootball
EPL,07/01/2026,Manchester City FC,Brighton & Hove Albion FC,1,1,D,EPL,2025-26,openfootball
EPL,07/01/2026,Newcastle United FC,Leeds United FC,4,3,H,EPL,2025-26,openfootball
EPL,17/01/2026,Chelsea FC,Brentford FC,2,0,H,EPL,2025-26,openfootball
EPL,17/01/2026,Leeds United FC,Fulham FC,1,0,H,EPL,2025-26,openfootball
EPL,17/01/2026,Liverpool FC,Burnley FC,1,1,D,EPL,2025-26,openfootball
EPL,17/01/2026,Manchester United FC,Manchester City FC,2,0,H,EPL,2025-26,openfootball
EPL,17/01/2026,Sunderland AFC,Crystal Palace FC,2,1,H,EPL,2025-26,openfootball
EPL,17/01/2026,Tottenham Hotspur FC,West Ham United FC,1,2,A,EPL,2025-26,openfootball
EPL,18/01/2026,Aston Villa FC,Everton FC,0,1,A,EPL,2025-26,openfootball
EPL,19/01/2026,Brighton & Hove Albion FC,AFC Bournemouth,1,1,D,EPL,2025-26,openfootball
EPL,24/01/2026,AFC Bournemouth,Liverpool FC,3,2,H,EPL,2025-26,openfootball
EPL,24/01/2026,Burnley FC,Tottenham Hotspur FC,2,2,D,EPL,2025-26,openfootball
EPL,24/01/2026,Fulham FC,Brighton & Hove Albion FC,2,1,H,EPL,2025-26,openfootball
EPL,24/01/2026,Manchester City FC,Wolverhampton Wanderers FC,2,0,H,EPL,2025-26,openfootball
EPL,24/01/2026,West Ham United FC,Sunderland AFC,3,1,H,EPL,2025-26,openfootball
EPL,25/01/2026,Arsenal FC,Manchester United FC,2,3,A,EPL,2025-26,openfootball
EPL,25/01/2026,Brentford FC,Nottingham Forest FC,0,2,A,EPL,2025-26,openfootball
EPL,25/01/2026,Crystal Palace FC,Chelsea FC,1,3,A,EPL,2025-26,openfootball
EPL,25/01/2026,Newcastle United FC,Aston Villa FC,0,2,A,EPL,2025-26,openfootball
EPL,26/01/2026,Everton FC,Leeds United FC,1,1,D,EPL,2025-26,openfootball
EPL,31/01/2026,Brighton & Hove Albion FC,Everton FC,1,1,D,EPL,2025-26,openfootball
EPL,31/01/2026,Chelsea FC,West Ham United FC,3,2,H,EPL,2025-26,openfootball
EPL,31/01/2026,Leeds United FC,Arsenal FC,0,4,A,EPL,2025-26,openfootball
EPL,31/01/2026,Liverpool FC,Newcastle United FC,4,1,H,EPL,2025-26,openfootball
EPL,31/01/2026,Wolverhampton Wanderers FC,AFC Bournemouth,0,2,A,EPL,2025-26,openfootball
EPL,01/02/2026,Aston Villa FC,Brentford FC,0,1,A,EPL,2025-26,openfootball
EPL,01/02/2026,Manchester United FC,Fulham FC,3,2,H,EPL,2025-26,openfootball
EPL,01/02/2026,Nottingham Forest FC,Crystal Palace FC,1,1,D,EPL,2025-26,openfootball
EPL,01/02/2026,Tottenham Hotspur FC,Manchester City FC,2,2,D,EPL,2025-26,openfootball
EPL,02/02/2026,Sunderland AFC,Burnley FC,3,0,H,EPL,2025-26,openfootball
EPL,06/02/2026,Leeds United FC,Nottingham Forest FC,3,1,H,EPL,2025-26,openfootball
EPL,07/02/2026,AFC Bournemouth,Aston Villa FC,1,1,D,EPL,2025-26,openfootball
EPL,07/02/2026,Arsenal FC,Sunderland AFC,3,0,H,EPL,2025-26,openfootball
EPL,07/02/2026,Burnley FC,West Ham United FC,0,2,A,EPL,2025-26,openfootball
EPL,07/02/2026,Fulham FC,Everton FC,1,2,A,EPL,2025-26,openfootball
EPL,07/02/2026,Manchester United FC,Tottenham Hotspur FC,2,0,H,EPL,2025-26,openfootball
EPL,07/02/2026,Newcastle United FC,Brentford FC,2,3,A,EPL,2025-26,openfootball
EPL,07/02/2026,Wolverhampton Wanderers FC,Chelsea FC,1,3,A,EPL,2025-26,openfootball
EPL,08/02/2026,Brighton & Hove Albion FC,Crystal Palace FC,0,1,A,EPL,2025-26,openfootball
EPL,08/02/2026,Liverpool FC,Manchester City FC,1,2,A,EPL,2025-26,openfootball
EPL,10/02/2026,Chelsea FC,Leeds United FC,2,2,D,EPL,2025-26,openfootball
EPL,10/02/2026,Everton FC,AFC Bournemouth,1,2,A,EPL,2025-26,openfootball
EPL,10/02/2026,Tottenham Hotspur FC,Newcastle United FC,1,2,A,EPL,2025-26,openfootball
EPL,10/02/2026,West Ham United FC,Manchester United FC,1,1,D,EPL,2025-26,openfootball
EPL,11/02/2026,Aston Villa FC,Brighton & Hove Albion FC,1,0,H,EPL,2025-26,openfootball
EPL,11/02/2026,Crystal Palace FC,Burnley FC,2,3,A,EPL,2025-26,openfootball
EPL,11/02/2026,Manchester City FC,Fulham FC,3,0,H,EPL,2025-26,openfootball
EPL,11/02/2026,Sunderland AFC,Liverpool FC,0,1,A,EPL,2025-26,openfootball
EPL,12/02/2026,Brentford FC,Arsenal FC,1,1,D,EPL,2025-26,openfootball
EPL,18/02/2026,Wolverhampton Wanderers FC,Arsenal FC,2,2,D,EPL,2025-26,openfootball
EPL,21/02/2026,Aston Villa FC,Leeds United FC,1,1,D,EPL,2025-26,openfootball
EPL,21/02/2026,Brentford FC,Brighton & Hove Albion FC,0,2,A,EPL,2025-26,openfootball
EPL,21/02/2026,Chelsea FC,Burnley FC,1,1,D,EPL,2025-26,openfootball
EPL,21/02/2026,Manchester City FC,Newcastle United FC,2,1,H,EPL,2025-26,openfootball
EPL,22/02/2026,Crystal Palace FC,Wolverhampton Wanderers FC,1,0,H,EPL,2025-26,openfootball
EPL,22/02/2026,Nottingham Forest FC,Liverpool FC,0,1,A,EPL,2025-26,openfootball
EPL,22/02/2026,Sunderland AFC,Fulham FC,1,3,A,EPL,2025-26,openfootball
EPL,22/02/2026,Tottenham Hotspur FC,Arsenal FC,1,4,A,EPL,2025-26,openfootball
EPL,23/02/2026,Everton FC,Manchester United FC,0,1,A,EPL,2025-26,openfootball
EPL,27/02/2026,Wolverhampton Wanderers FC,Aston Villa FC,2,0,H,EPL,2025-26,openfootball
EPL,28/02/2026,AFC Bournemouth,Sunderland AFC,1,1,D,EPL,2025-26,openfootball
EPL,28/02/2026,Burnley FC,Brentford FC,3,4,A,EPL,2025-26,openfootball
EPL,28/02/2026,Leeds United FC,Manchester City FC,0,1,A,EPL,2025-26,openfootball
EPL,28/02/2026,Liverpool FC,West Ham United FC,5,2,H,EPL,2025-26,openfootball
EPL,28/02/2026,Newcastle United FC,Everton FC,2,3,A,EPL,2025-26,openfootball
EPL,01/03/2026,Arsenal FC,Chelsea FC,2,1,H,EPL,2025-26,openfootball
EPL,01/03/2026,Brighton & Hove Albion FC,Nottingham Forest FC,2,1,H,EPL,2025-26,openfootball
EPL,01/03/2026,Fulham FC,Tottenham Hotspur FC,2,1,H,EPL,2025-26,openfootball
EPL,01/03/2026,Manchester United FC,Crystal Palace FC,2,1,H,EPL,2025-26,openfootball
EPL,03/03/2026,Everton FC,Burnley FC,2,0,H,EPL,2025-26,openfootball
EPL,03/03/2026,Leeds United FC,Sunderland AFC,0,1,A,EPL,2025-26,openfootball
EPL,03/03/2026,Wolverhampton Wanderers FC,Liverpool FC,2,1,H,EPL,2025-26,openfootball
EPL,04/03/2026,Aston Villa FC,Chelsea FC,1,4,A,EPL,2025-26,openfootball
EPL,04/03/2026,Brighton & Hove Albion FC,Arsenal FC,0,1,A,EPL,2025-26,openfootball
EPL,04/03/2026,Fulham FC,West Ham United FC,0,1,A,EPL,2025-26,openfootball
EPL,04/03/2026,Manchester City FC,Nottingham Forest FC,2,2,D,EPL,2025-26,openfootball
EPL,04/03/2026,Newcastle United FC,Manchester United FC,2,1,H,EPL,2025-26,openfootball
EPL,05/03/2026,Tottenham Hotspur FC,Crystal Palace FC,1,3,A,EPL,2025-26,openfootball
EPL,14/03/2026,Arsenal FC,Everton FC,2,0,H,EPL,2025-26,openfootball
EPL,14/03/2026,Chelsea FC,Newcastle United FC,0,1,A,EPL,2025-26,openfootball
EPL,14/03/2026,Sunderland AFC,Brighton & Hove Albion FC,0,1,A,EPL,2025-26,openfootball
EPL,14/03/2026,West Ham United FC,Manchester City FC,1,1,D,EPL,2025-26,openfootball
EPL,15/03/2026,Liverpool FC,Tottenham Hotspur FC,1,1,D,EPL,2025-26,openfootball
EPL,15/03/2026,Manchester United FC,Aston Villa FC,3,1,H,EPL,2025-26,openfootball
EPL,16/03/2026,Brentford FC,Wolverhampton Wanderers FC,2,2,D,EPL,2025-26,openfootball
EPL,20/03/2026,AFC Bournemouth,Manchester United FC,2,2,D,EPL,2025-26,openfootball
EPL,21/03/2026,Brighton & Hove Albion FC,Liverpool FC,2,1,H,EPL,2025-26,openfootball
EPL,21/03/2026,Everton FC,Chelsea FC,3,0,H,EPL,2025-26,openfootball
EPL,21/03/2026,Fulham FC,Burnley FC,3,1,H,EPL,2025-26,openfootball
EPL,22/03/2026,Aston Villa FC,West Ham United FC,2,0,H,EPL,2025-26,openfootball
EPL,22/03/2026,Newcastle United FC,Sunderland AFC,1,2,A,EPL,2025-26,openfootball
EPL,22/03/2026,Tottenham Hotspur FC,Nottingham Forest FC,0,3,A,EPL,2025-26,openfootball
EPL,10/04/2026,West Ham United FC,Wolverhampton Wanderers FC,4,0,H,EPL,2025-26,openfootball
EPL,11/04/2026,Arsenal FC,AFC Bournemouth,1,2,A,EPL,2025-26,openfootball
EPL,11/04/2026,Brentford FC,Everton FC,2,2,D,EPL,2025-26,openfootball
EPL,11/04/2026,Burnley FC,Brighton & Hove Albion FC,0,2,A,EPL,2025-26,openfootball
EPL,11/04/2026,Liverpool FC,Fulham FC,2,0,H,EPL,2025-26,openfootball
EPL,12/04/2026,Chelsea FC,Manchester City FC,0,3,A,EPL,2025-26,openfootball
EPL,12/04/2026,Crystal Palace FC,Newcastle United FC,2,1,H,EPL,2025-26,openfootball
EPL,12/04/2026,Nottingham Forest FC,Aston Villa FC,1,1,D,EPL,2025-26,openfootball
EPL,12/04/2026,Sunderland AFC,Tottenham Hotspur FC,1,0,H,EPL,2025-26,openfootball
EPL,13/04/2026,Manchester United FC,Leeds United FC,1,2,A,EPL,2025-26,openfootball
EPL,18/04/2026,Chelsea FC,Manchester United FC,0,1,A,EPL,2025-26,openfootball
EPL,18/04/2026,Leeds United FC,Wolverhampton Wanderers FC,3,0,H,EPL,2025-26,openfootball
EPL,18/04/2026,Newcastle United FC,AFC Bournemouth,1,2,A,EPL,2025-26,openfootball
EPL,18/04/2026,Tottenham Hotspur FC,Brighton & Hove Albion FC,2,2,D,EPL,2025-26,openfootball
EPL,19/04/2026,Aston Villa FC,Sunderland AFC,4,3,H,EPL,2025-26,openfootball
EPL,19/04/2026,Everton FC,Liverpool FC,1,2,A,EPL,2025-26,openfootball
EPL,19/04/2026,Manchester City FC,Arsenal FC,2,1,H,EPL,2025-26,openfootball
EPL,19/04/2026,Nottingham Forest FC,Burnley FC,4,1,H,EPL,2025-26,openfootball
EPL,21/04/2026,Brighton & Hove Albion FC,Chelsea FC,3,0,H,EPL,2025-26,openfootball
EPL,22/04/2026,AFC Bournemouth,Leeds United FC,2,2,D,EPL,2025-26,openfootball
EPL,22/04/2026,Burnley FC,Manchester City FC,0,1,A,EPL,2025-26,openfootball
EPL,24/04/2026,Sunderland AFC,Nottingham Forest FC,0,5,A,EPL,2025-26,openfootball
EPL,25/04/2026,Arsenal FC,Newcastle United FC,1,0,H,EPL,2025-26,openfootball
EPL,25/04/2026,Fulham FC,Aston Villa FC,1,0,H,EPL,2025-26,openfootball
EPL,25/04/2026,Liverpool FC,Crystal Palace FC,3,1,H,EPL,2025-26,openfootball
EPL,25/04/2026,West Ham United FC,Everton FC,2,1,H,EPL,2025-26,openfootball
EPL,25/04/2026,Wolverhampton Wanderers FC,Tottenham Hotspur FC,0,1,A,EPL,2025-26,openfootball
EPL,27/04/2026,Manchester United FC,Brentford FC,2,1,H,EPL,2025-26,openfootball
EPL,01/05/2026,Leeds United FC,Burnley FC,3,1,H,EPL,2025-26,openfootball
EPL,02/05/2026,Arsenal FC,Fulham FC,3,0,H,EPL,2025-26,openfootball
EPL,02/05/2026,Brentford FC,West Ham United FC,3,0,H,EPL,2025-26,openfootball
EPL,02/05/2026,Newcastle United FC,Brighton & Hove Albion FC,3,1,H,EPL,2025-26,openfootball
EPL,02/05/2026,Wolverhampton Wanderers FC,Sunderland AFC,1,1,D,EPL,2025-26,openfootball
EPL,03/05/2026,AFC Bournemouth,Crystal Palace FC,3,0,H,EPL,2025-26,openfootball
EPL,03/05/2026,Aston Villa FC,Tottenham Hotspur FC,1,2,A,EPL,2025-26,openfootball
EPL,03/05/2026,Manchester United FC,Liverpool FC,3,2,H,EPL,2025-26,openfootball
EPL,04/05/2026,Chelsea FC,Nottingham Forest FC,1,3,A,EPL,2025-26,openfootball
EPL,04/05/2026,Everton FC,Manchester City FC,3,3,D,EPL,2025-26,openfootball
EPL,09/05/2026,Brighton & Hove Albion FC,Wolverhampton Wanderers FC,3,0,H,EPL,2025-26,openfootball
EPL,09/05/2026,Fulham FC,AFC Bournemouth,0,1,A,EPL,2025-26,openfootball
EPL,09/05/2026,Liverpool FC,Chelsea FC,1,1,D,EPL,2025-26,openfootball
EPL,09/05/2026,Manchester City FC,Brentford FC,3,0,H,EPL,2025-26,openfootball
EPL,10/05/2026,Burnley FC,Aston Villa FC,2,2,D,EPL,2025-26,openfootball
EPL,10/05/2026,Crystal Palace FC,Everton FC,2,2,D,EPL,2025-26,openfootball
EPL,10/05/2026,Nottingham Forest FC,Newcastle United FC,1,1,D,EPL,2025-26,openfootball
EPL,10/05/2026,West Ham United FC,Arsenal FC,0,1,A,EPL,2025-26,openfootball
EPL,11/05/2026,Tottenham Hotspur FC,Leeds United FC,1,1,D,EPL,2025-26,openfootball
EPL,13/05/2026,Manchester City FC,Crystal Palace FC,3,0,H,EPL,2025-26,openfootball
EPL,15/05/2026,Aston Villa FC,Liverpool FC,4,2,H,EPL,2025-26,openfootball
EPL,17/05/2026,Brentford FC,Crystal Palace FC,2,2,D,EPL,2025-26,openfootball
EPL,17/05/2026,Everton FC,Sunderland AFC,1,3,A,EPL,2025-26,openfootball
EPL,17/05/2026,Leeds United FC,Brighton & Hove Albion FC,1,0,H,EPL,2025-26,openfootball
EPL,17/05/2026,Manchester United FC,Nottingham Forest FC,3,2,H,EPL,2025-26,openfootball
EPL,17/05/2026,Newcastle United FC,West Ham United FC,3,1,H,EPL,2025-26,openfootball
EPL,17/05/2026,Wolverhampton Wanderers FC,Fulham FC,1,1,D,EPL,2025-26,openfootball
EPL,18/05/2026,Arsenal FC,Burnley FC,1,0,H,EPL,2025-26,openfootball
EPL,19/05/2026,AFC Bournemouth,Manchester City FC,1,1,D,EPL,2025-26,openfootball
EPL,19/05/2026,Chelsea FC,Tottenham Hotspur FC,2,1,H,EPL,2025-26,openfootball
EPL,24/05/2026,Brighton & Hove Albion FC,Manchester United FC,0,3,A,EPL,2025-26,openfootball
EPL,24/05/2026,Burnley FC,Wolverhampton Wanderers FC,1,1,D,EPL,2025-26,openfootball
EPL,24/05/2026,Crystal Palace FC,Arsenal FC,1,2,A,EPL,2025-26,openfootball
EPL,24/05/2026,Fulham FC,Newcastle United FC,2,0,H,EPL,2025-26,openfootball
EPL,24/05/2026,Liverpool FC,Brentford FC,1,1,D,EPL,2025-26,openfootball
EPL,24/05/2026,Manchester City FC,Aston Villa FC,1,2,A,EPL,2025-26,openfootball
EPL,24/05/2026,Nottingham Forest FC,AFC Bournemouth,1,1,D,EPL,2025-26,openfootball
EPL,24/05/2026,Sunderland AFC,Chelsea FC,2,1,H,EPL,2025-26,openfootball
EPL,24/05/2026,Tottenham Hotspur FC,Everton FC,1,0,H,EPL,2025-26,openfootball
EPL,24/05/2026,West Ham United FC,Leeds United FC,3,0,H,EPL,2025-26,openfootball
