Div,Date,HomeTeam,AwayTeam,FTHG,FTAG,FTR,source_league,source_season,source_provider
LALIGA,13/08/2021,Valencia CF,Getafe CF,1,0,H,LALIGA,2021-22,openfootball
LALIGA,14/08/2021,CA Osasuna,RCD Espanyol de Barcelona,0,0,D,LALIGA,2021-22,openfootball
LALIGA,14/08/2021,Cádiz CF,Levante UD,1,1,D,LALIGA,2021-22,openfootball
LALIGA,14/08/2021,Deportivo Alavés,Real Madrid CF,1,4,A,LALIGA,2021-22,openfootball
LALIGA,14/08/2021,RCD Mallorca,Real Betis Balompié,1,1,D,LALIGA,2021-22,openfootball
LALIGA,15/08/2021,FC Barcelona,Real Sociedad de Fútbol,4,2,H,LALIGA,2021-22,openfootball
LALIGA,15/08/2021,RC Celta de Vigo,Club Atlético de Madrid,1,2,A,LALIGA,2021-22,openfootball
LALIGA,15/08/2021,Sevilla FC,Rayo Vallecano de Madrid,3,0,H,LALIGA,2021-22,openfootball
LALIGA,16/08/2021,Elche CF,Athletic Club,0,0,D,LALIGA,2021-22,openfootball
LALIGA,16/08/2021,Villarreal CF,Granada CF,0,0,D,LALIGA,2021-22,openfootball
LALIGA,20/08/2021,Real Betis Balompié,Cádiz CF,1,1,D,LALIGA,2021-22,openfootball
LALIGA,21/08/2021,Athletic Club,FC Barcelona,1,1,D,LALIGA,2021-22,openfootball
LALIGA,21/08/2021,Deportivo Alavés,RCD Mallorca,0,1,A,LALIGA,2021-22,openfootball
LALIGA,21/08/2021,Granada CF,Valencia CF,1,1,D,LALIGA,2021-22,openfootball
LALIGA,21/08/2021,RCD Espanyol de Barcelona,Villarreal CF,0,0,D,LALIGA,2021-22,openfootball
LALIGA,22/08/2021,Club Atlético de Madrid,Elche CF,1,0,H,LALIGA,2021-22,openfootball
LALIGA,22/08/2021,Levante UD,Real Madrid CF,3,3,D,LALIGA,2021-22,openfootball
LALIGA,22/08/2021,Real Sociedad de Fútbol,Rayo Vallecano de Madrid,1,0,H,LALIGA,2021-22,openfootball
LALIGA,23/08/2021,CA Osasuna,RC Celta de Vigo,0,0,D,LALIGA,2021-22,openfootball
LALIGA,23/08/2021,Getafe CF,Sevilla FC,0,1,A,LALIGA,2021-22,openfootball
LALIGA,27/08/2021,RCD Mallorca,RCD Espanyol de Barcelona,1,0,H,LALIGA,2021-22,openfootball
LALIGA,27/08/2021,Valencia CF,Deportivo Alavés,3,0,H,LALIGA,2021-22,openfootball
LALIGA,28/08/2021,Elche CF,Sevilla FC,1,1,D,LALIGA,2021-22,openfootball
LALIGA,28/08/2021,RC Celta de Vigo,Athletic Club,0,1,A,LALIGA,2021-22,openfootball
LALIGA,28/08/2021,Real Betis Balompié,Real Madrid CF,0,1,A,LALIGA,2021-22,openfootball
LALIGA,28/08/2021,Real Sociedad de Fútbol,Levante UD,1,0,H,LALIGA,2021-22,openfootball
LALIGA,29/08/2021,Club Atlético de Madrid,Villarreal CF,2,2,D,LALIGA,2021-22,openfootball
LALIGA,29/08/2021,Cádiz CF,CA Osasuna,2,3,A,LALIGA,2021-22,openfootball
LALIGA,29/08/2021,FC Barcelona,Getafe CF,2,1,H,LALIGA,2021-22,openfootball
LALIGA,29/08/2021,Rayo Vallecano de Madrid,Granada CF,4,0,H,LALIGA,2021-22,openfootball
LALIGA,11/09/2021,Athletic Club,RCD Mallorca,2,0,H,LALIGA,2021-22,openfootball
LALIGA,11/09/2021,Levante UD,Rayo Vallecano de Madrid,1,1,D,LALIGA,2021-22,openfootball
LALIGA,12/09/2021,CA Osasuna,Valencia CF,1,4,A,LALIGA,2021-22,openfootball
LALIGA,12/09/2021,Cádiz CF,Real Sociedad de Fútbol,0,2,A,LALIGA,2021-22,openfootball
LALIGA,12/09/2021,RCD Espanyol de Barcelona,Club Atlético de Madrid,1,2,A,LALIGA,2021-22,openfootball
LALIGA,12/09/2021,Real Madrid CF,RC Celta de Vigo,5,2,H,LALIGA,2021-22,openfootball
LALIGA,13/09/2021,Getafe CF,Elche CF,0,1,A,LALIGA,2021-22,openfootball
LALIGA,13/09/2021,Granada CF,Real Betis Balompié,1,2,A,LALIGA,2021-22,openfootball
LALIGA,17/09/2021,RC Celta de Vigo,Cádiz CF,1,2,A,LALIGA,2021-22,openfootball
LALIGA,18/09/2021,Club Atlético de Madrid,Athletic Club,0,0,D,LALIGA,2021-22,openfootball
LALIGA,18/09/2021,Deportivo Alavés,CA Osasuna,0,2,A,LALIGA,2021-22,openfootball
LALIGA,18/09/2021,Elche CF,Levante UD,1,1,D,LALIGA,2021-22,openfootball
LALIGA,18/09/2021,Rayo Vallecano de Madrid,Getafe CF,3,0,H,LALIGA,2021-22,openfootball
LALIGA,19/09/2021,RCD Mallorca,Villarreal CF,0,0,D,LALIGA,2021-22,openfootball
LALIGA,19/09/2021,Real Betis Balompié,RCD Espanyol de Barcelona,2,2,D,LALIGA,2021-22,openfootball
LALIGA,19/09/2021,Real Sociedad de Fútbol,Sevilla FC,0,0,D,LALIGA,2021-22,openfootball
LALIGA,19/09/2021,Valencia CF,Real Madrid CF,1,2,A,LALIGA,2021-22,openfootball
LALIGA,20/09/2021,FC Barcelona,Granada CF,1,1,D,LALIGA,2021-22,openfootball
LALIGA,21/09/2021,Athletic Club,Rayo Vallecano de Madrid,1,2,A,LALIGA,2021-22,openfootball
LALIGA,21/09/2021,Getafe CF,Club Atlético de Madrid,1,2,A,LALIGA,2021-22,openfootball
LALIGA,21/09/2021,Levante UD,RC Celta de Vigo,0,2,A,LALIGA,2021-22,openfootball
LALIGA,22/09/2021,RCD Espanyol de Barcelona,Deportivo Alavés,1,0,H,LALIGA,2021-22,openfootball
LALIGA,22/09/2021,Real Madrid CF,RCD Mallorca,6,1,H,LALIGA,2021-22,openfootball
LALIGA,22/09/2021,Sevilla FC,Valencia CF,3,1,H,LALIGA,2021-22,openfootball
LALIGA,22/09/2021,Villarreal CF,Elche CF,4,1,H,LALIGA,2021-22,openfootball
LALIGA,23/09/2021,CA Osasuna,Real Betis Balompié,1,3,A,LALIGA,2021-22,openfootball
LALIGA,23/09/2021,Cádiz CF,FC Barcelona,0,0,D,LALIGA,2021-22,openfootball
LALIGA,23/09/2021,Granada CF,Real Sociedad de Fútbol,2,3,A,LALIGA,2021-22,openfootball
LALIGA,25/09/2021,Deportivo Alavés,Club Atlético de Madrid,1,0,H,LALIGA,2021-22,openfootball
LALIGA,25/09/2021,Real Madrid CF,Villarreal CF,0,0,D,LALIGA,2021-22,openfootball
LALIGA,25/09/2021,Sevilla FC,RCD Espanyol de Barcelona,2,0,H,LALIGA,2021-22,openfootball
LALIGA,25/09/2021,Valencia CF,Athletic Club,1,1,D,LALIGA,2021-22,openfootball
LALIGA,26/09/2021,FC Barcelona,Levante UD,3,0,H,LALIGA,2021-22,openfootball
LALIGA,26/09/2021,RCD Mallorca,CA Osasuna,2,3,A,LALIGA,2021-22,openfootball
LALIGA,26/09/2021,Rayo Vallecano de Madrid,Cádiz CF,3,1,H,LALIGA,2021-22,openfootball
LALIGA,26/09/2021,Real Betis Balompié,Getafe CF,2,0,H,LALIGA,2021-22,openfootball
LALIGA,26/09/2021,Real Sociedad de Fútbol,Elche CF,1,0,H,LALIGA,2021-22,openfootball
LALIGA,27/09/2021,RC Celta de Vigo,Granada CF,1,0,H,LALIGA,2021-22,openfootball
LALIGA,01/10/2021,Athletic Club,Deportivo Alavés,1,0,H,LALIGA,2021-22,openfootball
LALIGA,02/10/2021,CA Osasuna,Rayo Vallecano de Madrid,1,0,H,LALIGA,2021-22,openfootball
LALIGA,02/10/2021,Club Atlético de Madrid,FC Barcelona,2,0,H,LALIGA,2021-22,openfootball
LALIGA,02/10/2021,Cádiz CF,Valencia CF,0,0,D,LALIGA,2021-22,openfootball
LALIGA,02/10/2021,RCD Mallorca,Levante UD,1,0,H,LALIGA,2021-22,openfootball
LALIGA,03/10/2021,Elche CF,RC Celta de Vigo,1,0,H,LALIGA,2021-22,openfootball
LALIGA,03/10/2021,Getafe CF,Real Sociedad de Fútbol,1,1,D,LALIGA,2021-22,openfootball
LALIGA,03/10/2021,Granada CF,Sevilla FC,1,0,H,LALIGA,2021-22,openfootball
LALIGA,03/10/2021,RCD Espanyol de Barcelona,Real Madrid CF,2,1,H,LALIGA,2021-22,openfootball
LALIGA,03/10/2021,Villarreal CF,Real Betis Balompié,2,0,H,LALIGA,2021-22,openfootball
LALIGA,16/10/2021,Levante UD,Getafe CF,0,0,D,LALIGA,2021-22,openfootball
LALIGA,16/10/2021,Real Sociedad de Fútbol,RCD Mallorca,1,0,H,LALIGA,2021-22,openfootball
LALIGA,17/10/2021,FC Barcelona,Valencia CF,3,1,H,LALIGA,2021-22,openfootball
LALIGA,17/10/2021,RC Celta de Vigo,Sevilla FC,0,1,A,LALIGA,2021-22,openfootball
LALIGA,17/10/2021,Rayo Vallecano de Madrid,Elche CF,2,1,H,LALIGA,2021-22,openfootball
LALIGA,17/10/2021,Villarreal CF,CA Osasuna,1,2,A,LALIGA,2021-22,openfootball
LALIGA,18/10/2021,Deportivo Alavés,Real Betis Balompié,0,1,A,LALIGA,2021-22,openfootball
LALIGA,18/10/2021,RCD Espanyol de Barcelona,Cádiz CF,2,0,H,LALIGA,2021-22,openfootball
LALIGA,22/10/2021,CA Osasuna,Granada CF,1,1,D,LALIGA,2021-22,openfootball
LALIGA,23/10/2021,Athletic Club,Villarreal CF,2,1,H,LALIGA,2021-22,openfootball
LALIGA,23/10/2021,Cádiz CF,Deportivo Alavés,0,2,A,LALIGA,2021-22,openfootball
LALIGA,23/10/2021,Elche CF,RCD Espanyol de Barcelona,2,2,D,LALIGA,2021-22,openfootball
LALIGA,23/10/2021,Valencia CF,RCD Mallorca,2,2,D,LALIGA,2021-22,openfootball
LALIGA,24/10/2021,Club Atlético de Madrid,Real Sociedad de Fútbol,2,2,D,LALIGA,2021-22,openfootball
LALIGA,24/10/2021,FC Barcelona,Real Madrid CF,1,2,A,LALIGA,2021-22,openfootball
LALIGA,24/10/2021,Real Betis Balompié,Rayo Vallecano de Madrid,3,2,H,LALIGA,2021-22,openfootball
LALIGA,24/10/2021,Sevilla FC,Levante UD,5,3,H,LALIGA,2021-22,openfootball
LALIGA,25/10/2021,Getafe CF,RC Celta de Vigo,0,3,A,LALIGA,2021-22,openfootball
LALIGA,26/10/2021,Deportivo Alavés,Elche CF,1,0,H,LALIGA,2021-22,openfootball
LALIGA,26/10/2021,RCD Espanyol de Barcelona,Athletic Club,1,1,D,LALIGA,2021-22,openfootball
LALIGA,26/10/2021,Villarreal CF,Cádiz CF,3,3,D,LALIGA,2021-22,openfootball
LALIGA,27/10/2021,RCD Mallorca,Sevilla FC,1,1,D,LALIGA,2021-22,openfootball
LALIGA,27/10/2021,Rayo Vallecano de Madrid,FC Barcelona,1,0,H,LALIGA,2021-22,openfootball
LALIGA,27/10/2021,Real Betis Balompié,Valencia CF,4,1,H,LALIGA,2021-22,openfootball
LALIGA,27/10/2021,Real Madrid CF,CA Osasuna,0,0,D,LALIGA,2021-22,openfootball
LALIGA,28/10/2021,Granada CF,Getafe CF,1,1,D,LALIGA,2021-22,openfootball
LALIGA,28/10/2021,Levante UD,Club Atlético de Madrid,2,2,D,LALIGA,2021-22,openfootball
LALIGA,28/10/2021,RC Celta de Vigo,Real Sociedad de Fútbol,0,2,A,LALIGA,2021-22,openfootball
LALIGA,30/10/2021,Elche CF,Real Madrid CF,1,2,A,LALIGA,2021-22,openfootball
LALIGA,30/10/2021,FC Barcelona,Deportivo Alavés,1,1,D,LALIGA,2021-22,openfootball
LALIGA,30/10/2021,Sevilla FC,CA Osasuna,2,0,H,LALIGA,2021-22,openfootball
LALIGA,30/10/2021,Valencia CF,Villarreal CF,2,0,H,LALIGA,2021-22,openfootball
LALIGA,31/10/2021,Club Atlético de Madrid,Real Betis Balompié,3,0,H,LALIGA,2021-22,openfootball
LALIGA,31/10/2021,Cádiz CF,RCD Mallorca,1,1,D,LALIGA,2021-22,openfootball
LALIGA,31/10/2021,Getafe CF,RCD Espanyol de Barcelona,2,1,H,LALIGA,2021-22,openfootball
LALIGA,31/10/2021,Real Sociedad de Fútbol,Athletic Club,1,1,D,LALIGA,2021-22,openfootball
LALIGA,01/11/2021,Levante UD,Granada CF,0,3,A,LALIGA,2021-22,openfootball
LALIGA,01/11/2021,Rayo Vallecano de Madrid,RC Celta de Vigo,0,0,D,LALIGA,2021-22,openfootball
LALIGA,05/11/2021,Athletic Club,Cádiz CF,0,1,A,LALIGA,2021-22,openfootball
LALIGA,06/11/2021,Deportivo Alavés,Levante UD,2,1,H,LALIGA,2021-22,openfootball
LALIGA,06/11/2021,RC Celta de Vigo,FC Barcelona,3,3,D,LALIGA,2021-22,openfootball
LALIGA,06/11/2021,RCD Espanyol de Barcelona,Granada CF,2,0,H,LALIGA,2021-22,openfootball
LALIGA,06/11/2021,Real Madrid CF,Rayo Vallecano de Madrid,2,1,H,LALIGA,2021-22,openfootball
LALIGA,07/11/2021,CA Osasuna,Real Sociedad de Fútbol,0,2,A,LALIGA,2021-22,openfootball
LALIGA,07/11/2021,RCD Mallorca,Elche CF,2,2,D,LALIGA,2021-22,openfootball
LALIGA,07/11/2021,Real Betis Balompié,Sevilla FC,0,2,A,LALIGA,2021-22,openfootball
LALIGA,07/11/2021,Valencia CF,Club Atlético de Madrid,3,3,D,LALIGA,2021-22,openfootball
LALIGA,07/11/2021,Villarreal CF,Getafe CF,1,0,H,LALIGA,2021-22,openfootball
LALIGA,19/11/2021,Levante UD,Athletic Club,0,0,D,LALIGA,2021-22,openfootball
LALIGA,20/11/2021,Club Atlético de Madrid,CA Osasuna,1,0,H,LALIGA,2021-22,openfootball
LALIGA,20/11/2021,FC Barcelona,RCD Espanyol de Barcelona,1,0,H,LALIGA,2021-22,openfootball
LALIGA,20/11/2021,RC Celta de Vigo,Villarreal CF,1,1,D,LALIGA,2021-22,openfootball
LALIGA,20/11/2021,Sevilla FC,Deportivo Alavés,2,2,D,LALIGA,2021-22,openfootball
LALIGA,21/11/2021,Elche CF,Real Betis Balompié,0,3,A,LALIGA,2021-22,openfootball
LALIGA,21/11/2021,Getafe CF,Cádiz CF,4,0,H,LALIGA,2021-22,openfootball
LALIGA,21/11/2021,Granada CF,Real Madrid CF,1,4,A,LALIGA,2021-22,openfootball
LALIGA,21/11/2021,Real Sociedad de Fútbol,Valencia CF,0,0,D,LALIGA,2021-22,openfootball
LALIGA,22/11/2021,Rayo Vallecano de Madrid,RCD Mallorca,3,1,H,LALIGA,2021-22,openfootball
LALIGA,26/11/2021,Athletic Club,Granada CF,2,2,D,LALIGA,2021-22,openfootball
LALIGA,27/11/2021,Deportivo Alavés,RC Celta de Vigo,1,2,A,LALIGA,2021-22,openfootball
LALIGA,27/11/2021,RCD Mallorca,Getafe CF,0,0,D,LALIGA,2021-22,openfootball
LALIGA,27/11/2021,Valencia CF,Rayo Vallecano de Madrid,1,1,D,LALIGA,2021-22,openfootball
LALIGA,27/11/2021,Villarreal CF,FC Barcelona,1,3,A,LALIGA,2021-22,openfootball
LALIGA,28/11/2021,Cádiz CF,Club Atlético de Madrid,1,4,A,LALIGA,2021-22,openfootball
LALIGA,28/11/2021,RCD Espanyol de Barcelona,Real Sociedad de Fútbol,1,0,H,LALIGA,2021-22,openfootball
LALIGA,28/11/2021,Real Betis Balompié,Levante UD,3,1,H,LALIGA,2021-22,openfootball
LALIGA,28/11/2021,Real Madrid CF,Sevilla FC,2,1,H,LALIGA,2021-22,openfootball
LALIGA,29/11/2021,CA Osasuna,Elche CF,1,1,D,LALIGA,2021-22,openfootball
LALIGA,01/12/2021,Real Madrid CF,Athletic Club,1,0,H,LALIGA,2021-22,openfootball
LALIGA,03/12/2021,Granada CF,Deportivo Alavés,2,1,H,LALIGA,2021-22,openfootball
LALIGA,04/12/2021,Club Atlético de Madrid,RCD Mallorca,1,2,A,LALIGA,2021-22,openfootball
LALIGA,04/12/2021,FC Barcelona,Real Betis Balompié,0,1,A,LALIGA,2021-22,openfootball
LALIGA,04/12/2021,Real Sociedad de Fútbol,Real Madrid CF,0,2,A,LALIGA,2021-22,openfootball
LALIGA,04/12/2021,Sevilla FC,Villarreal CF,1,0,H,LALIGA,2021-22,openfootball
LALIGA,05/12/2021,Elche CF,Cádiz CF,3,1,H,LALIGA,2021-22,openfootball
LALIGA,05/12/2021,Levante UD,CA Osasuna,0,0,D,LALIGA,2021-22,openfootball
LALIGA,05/12/2021,RC Celta de Vigo,Valencia CF,1,2,A,LALIGA,2021-22,openfootball
LALIGA,05/12/2021,Rayo Vallecano de Madrid,RCD Espanyol de Barcelona,1,0,H,LALIGA,2021-22,openfootball
LALIGA,06/12/2021,Getafe CF,Athletic Club,0,0,D,LALIGA,2021-22,openfootball
LALIGA,10/12/2021,RCD Mallorca,RC Celta de Vigo,0,0,D,LALIGA,2021-22,openfootball
LALIGA,11/12/2021,Athletic Club,Sevilla FC,0,1,A,LALIGA,2021-22,openfootball
LALIGA,11/12/2021,Deportivo Alavés,Getafe CF,1,1,D,LALIGA,2021-22,openfootball
LALIGA,11/12/2021,RCD Espanyol de Barcelona,Levante UD,4,3,H,LALIGA,2021-22,openfootball
LALIGA,11/12/2021,Valencia CF,Elche CF,2,1,H,LALIGA,2021-22,openfootball
LALIGA,12/12/2021,CA Osasuna,FC Barcelona,2,2,D,LALIGA,2021-22,openfootball
LALIGA,12/12/2021,Real Betis Balompié,Real Sociedad de Fútbol,4,0,H,LALIGA,2021-22,openfootball
LALIGA,12/12/2021,Real Madrid CF,Club Atlético de Madrid,2,0,H,LALIGA,2021-22,openfootball
LALIGA,12/12/2021,Villarreal CF,Rayo Vallecano de Madrid,2,0,H,LALIGA,2021-22,openfootball
LALIGA,13/12/2021,Cádiz CF,Granada CF,1,1,D,LALIGA,2021-22,openfootball
LALIGA,17/12/2021,RC Celta de Vigo,RCD Espanyol de Barcelona,3,1,H,LALIGA,2021-22,openfootball
LALIGA,18/12/2021,FC Barcelona,Elche CF,3,2,H,LALIGA,2021-22,openfootball
LALIGA,18/12/2021,Rayo Vallecano de Madrid,Deportivo Alavés,2,0,H,LALIGA,2021-22,openfootball
LALIGA,18/12/2021,Real Sociedad de Fútbol,Villarreal CF,1,3,A,LALIGA,2021-22,openfootball
LALIGA,18/12/2021,Sevilla FC,Club Atlético de Madrid,2,1,H,LALIGA,2021-22,openfootball
LALIGA,19/12/2021,Athletic Club,Real Betis Balompié,3,2,H,LALIGA,2021-22,openfootball
LALIGA,19/12/2021,Getafe CF,CA Osasuna,1,0,H,LALIGA,2021-22,openfootball
LALIGA,19/12/2021,Granada CF,RCD Mallorca,4,1,H,LALIGA,2021-22,openfootball
LALIGA,19/12/2021,Real Madrid CF,Cádiz CF,0,0,D,LALIGA,2021-22,openfootball
LALIGA,20/12/2021,Levante UD,Valencia CF,3,4,A,LALIGA,2021-22,openfootball
LALIGA,21/12/2021,Sevilla FC,FC Barcelona,1,1,D,LALIGA,2021-22,openfootball
LALIGA,21/12/2021,Villarreal CF,Deportivo Alavés,5,2,H,LALIGA,2021-22,openfootball
LALIGA,22/12/2021,Athletic Club,Real Madrid CF,1,2,A,LALIGA,2021-22,openfootball
LALIGA,22/12/2021,Granada CF,Club Atlético de Madrid,2,1,H,LALIGA,2021-22,openfootball
LALIGA,31/12/2021,Valencia CF,RCD Espanyol de Barcelona,1,2,A,LALIGA,2021-22,openfootball
LALIGA,02/01/2022,Club Atlético de Madrid,Rayo Vallecano de Madrid,2,0,H,LALIGA,2021-22,openfootball
LALIGA,02/01/2022,Deportivo Alavés,Real Sociedad de Fútbol,1,1,D,LALIGA,2021-22,openfootball
LALIGA,02/01/2022,Elche CF,Granada CF,0,0,D,LALIGA,2021-22,openfootball
LALIGA,02/01/2022,Getafe CF,Real Madrid CF,1,0,H,LALIGA,2021-22,openfootball
LALIGA,02/01/2022,RCD Mallorca,FC Barcelona,0,1,A,LALIGA,2021-22,openfootball
LALIGA,02/01/2022,Real Betis Balompié,RC Celta de Vigo,0,2,A,LALIGA,2021-22,openfootball
LALIGA,03/01/2022,CA Osasuna,Athletic Club,1,3,A,LALIGA,2021-22,openfootball
LALIGA,03/01/2022,Cádiz CF,Sevilla FC,0,1,A,LALIGA,2021-22,openfootball
LALIGA,03/01/2022,Villarreal CF,Levante UD,5,0,H,LALIGA,2021-22,openfootball
LALIGA,08/01/2022,Granada CF,FC Barcelona,1,1,D,LALIGA,2021-22,openfootball
LALIGA,08/01/2022,Levante UD,RCD Mallorca,2,0,H,LALIGA,2021-22,openfootball
LALIGA,08/01/2022,Real Madrid CF,Valencia CF,4,1,H,LALIGA,2021-22,openfootball
LALIGA,08/01/2022,Real Sociedad de Fútbol,RC Celta de Vigo,1,0,H,LALIGA,2021-22,openfootball
LALIGA,09/01/2022,CA Osasuna,Cádiz CF,2,0,H,LALIGA,2021-22,openfootball
LALIGA,09/01/2022,Deportivo Alavés,Athletic Club,0,0,D,LALIGA,2021-22,openfootball
LALIGA,09/01/2022,Rayo Vallecano de Madrid,Real Betis Balompié,1,1,D,LALIGA,2021-22,openfootball
LALIGA,09/01/2022,Sevilla FC,Getafe CF,1,0,H,LALIGA,2021-22,openfootball
LALIGA,09/01/2022,Villarreal CF,Club Atlético de Madrid,2,2,D,LALIGA,2021-22,openfootball
LALIGA,10/01/2022,RCD Espanyol de Barcelona,Elche CF,1,2,A,LALIGA,2021-22,openfootball
LALIGA,16/01/2022,Elche CF,Villarreal CF,1,0,H,LALIGA,2021-22,openfootball
LALIGA,18/01/2022,Cádiz CF,RCD Espanyol de Barcelona,2,2,D,LALIGA,2021-22,openfootball
LALIGA,18/01/2022,Real Betis Balompié,Deportivo Alavés,4,0,H,LALIGA,2021-22,openfootball
LALIGA,19/01/2022,RC Celta de Vigo,CA Osasuna,2,0,H,LALIGA,2021-22,openfootball
LALIGA,19/01/2022,Valencia CF,Sevilla FC,1,1,D,LALIGA,2021-22,openfootball
LALIGA,20/01/2022,Getafe CF,Granada CF,4,2,H,LALIGA,2021-22,openfootball
LALIGA,21/01/2022,RCD Espanyol de Barcelona,Real Betis Balompié,1,4,A,LALIGA,2021-22,openfootball
LALIGA,22/01/2022,Club Atlético de Madrid,Valencia CF,3,2,H,LALIGA,2021-22,openfootball
LALIGA,22/01/2022,Levante UD,Cádiz CF,0,2,A,LALIGA,2021-22,openfootball
LALIGA,22/01/2022,Sevilla FC,RC Celta de Vigo,2,2,D,LALIGA,2021-22,openfootball
LALIGA,22/01/2022,Villarreal CF,RCD Mallorca,3,0,H,LALIGA,2021-22,openfootball
LALIGA,23/01/2022,Deportivo Alavés,FC Barcelona,0,1,A,LALIGA,2021-22,openfootball
LALIGA,23/01/2022,Granada CF,CA Osasuna,0,2,A,LALIGA,2021-22,openfootball
LALIGA,23/01/2022,Rayo Vallecano de Madrid,Athletic Club,0,1,A,LALIGA,2021-22,openfootball
LALIGA,23/01/2022,Real Madrid CF,Elche CF,2,2,D,LALIGA,2021-22,openfootball
LALIGA,23/01/2022,Real Sociedad de Fútbol,Getafe CF,0,0,D,LALIGA,2021-22,openfootball
LALIGA,04/02/2022,Getafe CF,Levante UD,3,0,H,LALIGA,2021-22,openfootball
LALIGA,05/02/2022,CA Osasuna,Sevilla FC,0,0,D,LALIGA,2021-22,openfootball
LALIGA,05/02/2022,Elche CF,Deportivo Alavés,3,1,H,LALIGA,2021-22,openfootball
LALIGA,05/02/2022,RC Celta de Vigo,Rayo Vallecano de Madrid,2,0,H,LALIGA,2021-22,openfootball
LALIGA,05/02/2022,RCD Mallorca,Cádiz CF,2,1,H,LALIGA,2021-22,openfootball
LALIGA,06/02/2022,FC Barcelona,Club Atlético de Madrid,4,2,H,LALIGA,2021-22,openfootball
LALIGA,06/02/2022,Real Betis Balompié,Villarreal CF,0,2,A,LALIGA,2021-22,openfootball
LALIGA,06/02/2022,Real Madrid CF,Granada CF,1,0,H,LALIGA,2021-22,openfootball
LALIGA,06/02/2022,Valencia CF,Real Sociedad de Fútbol,0,0,D,LALIGA,2021-22,openfootball
LALIGA,07/02/2022,Athletic Club,RCD Espanyol de Barcelona,2,1,H,LALIGA,2021-22,openfootball
LALIGA,11/02/2022,Sevilla FC,Elche CF,2,0,H,LALIGA,2021-22,openfootball
LALIGA,12/02/2022,Club Atlético de Madrid,Getafe CF,4,3,H,LALIGA,2021-22,openfootball
LALIGA,12/02/2022,Cádiz CF,RC Celta de Vigo,0,0,D,LALIGA,2021-22,openfootball
LALIGA,12/02/2022,Rayo Vallecano de Madrid,CA Osasuna,0,3,A,LALIGA,2021-22,openfootball
LALIGA,12/02/2022,Villarreal CF,Real Madrid CF,0,0,D,LALIGA,2021-22,openfootball
LALIGA,13/02/2022,Deportivo Alavés,Valencia CF,2,1,H,LALIGA,2021-22,openfootball
LALIGA,13/02/2022,Levante UD,Real Betis Balompié,2,4,A,LALIGA,2021-22,openfootball
LALIGA,13/02/2022,RCD Espanyol de Barcelona,FC Barcelona,2,2,D,LALIGA,2021-22,openfootball
LALIGA,13/02/2022,Real Sociedad de Fútbol,Granada CF,2,0,H,LALIGA,2021-22,openfootball
LALIGA,14/02/2022,RCD Mallorca,Athletic Club,3,2,H,LALIGA,2021-22,openfootball
LALIGA,16/02/2022,Club Atlético de Madrid,Levante UD,0,1,A,LALIGA,2021-22,openfootball
LALIGA,18/02/2022,Elche CF,Rayo Vallecano de Madrid,2,1,H,LALIGA,2021-22,openfootball
LALIGA,19/02/2022,CA Osasuna,Club Atlético de Madrid,0,3,A,LALIGA,2021-22,openfootball
LALIGA,19/02/2022,Cádiz CF,Getafe CF,1,1,D,LALIGA,2021-22,openfootball
LALIGA,19/02/2022,Granada CF,Villarreal CF,1,4,A,LALIGA,2021-22,openfootball
LALIGA,19/02/2022,Real Madrid CF,Deportivo Alavés,3,0,H,LALIGA,2021-22,openfootball
LALIGA,20/02/2022,Athletic Club,Real Sociedad de Fútbol,4,0,H,LALIGA,2021-22,openfootball
LALIGA,20/02/2022,RCD Espanyol de Barcelona,Sevilla FC,1,1,D,LALIGA,2021-22,openfootball
LALIGA,20/02/2022,Real Betis Balompié,RCD Mallorca,2,1,H,LALIGA,2021-22,openfootball
LALIGA,20/02/2022,Valencia CF,FC Barcelona,1,4,A,LALIGA,2021-22,openfootball
LALIGA,21/02/2022,RC Celta de Vigo,Levante UD,1,1,D,LALIGA,2021-22,openfootball
LALIGA,25/02/2022,Levante UD,Elche CF,3,0,H,LALIGA,2021-22,openfootball
LALIGA,26/02/2022,Club Atlético de Madrid,RC Celta de Vigo,2,0,H,LALIGA,2021-22,openfootball
LALIGA,26/02/2022,Getafe CF,Deportivo Alavés,2,2,D,LALIGA,2021-22,openfootball
LALIGA,26/02/2022,RCD Mallorca,Valencia CF,0,1,A,LALIGA,2021-22,openfootball
LALIGA,26/02/2022,Rayo Vallecano de Madrid,Real Madrid CF,0,1,A,LALIGA,2021-22,openfootball
LALIGA,27/02/2022,FC Barcelona,Athletic Club,4,0,H,LALIGA,2021-22,openfootball
LALIGA,27/02/2022,Real Sociedad de Fútbol,CA Osasuna,1,0,H,LALIGA,2021-22,openfootball
LALIGA,27/02/2022,Sevilla FC,Real Betis Balompié,2,1,H,LALIGA,2021-22,openfootball
LALIGA,27/02/2022,Villarreal CF,RCD Espanyol de Barcelona,5,1,H,LALIGA,2021-22,openfootball
LALIGA,28/02/2022,Granada CF,Cádiz CF,0,0,D,LALIGA,2021-22,openfootball
LALIGA,02/03/2022,RCD Mallorca,Real Sociedad de Fútbol,0,2,A,LALIGA,2021-22,openfootball
LALIGA,04/03/2022,Deportivo Alavés,Sevilla FC,0,0,D,LALIGA,2021-22,openfootball
LALIGA,05/03/2022,CA Osasuna,Villarreal CF,1,0,H,LALIGA,2021-22,openfootball
LALIGA,05/03/2022,RCD Espanyol de Barcelona,Getafe CF,2,0,H,LALIGA,2021-22,openfootball
LALIGA,05/03/2022,Real Madrid CF,Real Sociedad de Fútbol,4,1,H,LALIGA,2021-22,openfootball
LALIGA,05/03/2022,Valencia CF,Granada CF,3,1,H,LALIGA,2021-22,openfootball
LALIGA,06/03/2022,Cádiz CF,Rayo Vallecano de Madrid,2,0,H,LALIGA,2021-22,openfootball
LALIGA,06/03/2022,Elche CF,FC Barcelona,1,2,A,LALIGA,2021-22,openfootball
LALIGA,06/03/2022,RC Celta de Vigo,RCD Mallorca,4,3,H,LALIGA,2021-22,openfootball
LALIGA,06/03/2022,Real Betis Balompié,Club Atlético de Madrid,1,3,A,LALIGA,2021-22,openfootball
LALIGA,07/03/2022,Athletic Club,Levante UD,3,1,H,LALIGA,2021-22,openfootball
LALIGA,11/03/2022,Club Atlético de Madrid,Cádiz CF,2,1,H,LALIGA,2021-22,openfootball
LALIGA,12/03/2022,Getafe CF,Valencia CF,0,0,D,LALIGA,2021-22,openfootball
LALIGA,12/03/2022,Granada CF,Elche CF,0,1,A,LALIGA,2021-22,openfootball
LALIGA,12/03/2022,Levante UD,RCD Espanyol de Barcelona,1,1,D,LALIGA,2021-22,openfootball
LALIGA,12/03/2022,Villarreal CF,RC Celta de Vigo,1,0,H,LALIGA,2021-22,openfootball
LALIGA,13/03/2022,FC Barcelona,CA Osasuna,4,0,H,LALIGA,2021-22,openfootball
LALIGA,13/03/2022,Rayo Vallecano de Madrid,Sevilla FC,1,1,D,LALIGA,2021-22,openfootball
LALIGA,13/03/2022,Real Betis Balompié,Athletic Club,1,0,H,LALIGA,2021-22,openfootball
LALIGA,13/03/2022,Real Sociedad de Fútbol,Deportivo Alavés,1,0,H,LALIGA,2021-22,openfootball
LALIGA,14/03/2022,RCD Mallorca,Real Madrid CF,0,3,A,LALIGA,2021-22,openfootball
LALIGA,18/03/2022,Athletic Club,Getafe CF,1,1,D,LALIGA,2021-22,openfootball
LALIGA,19/03/2022,CA Osasuna,Levante UD,3,1,H,LALIGA,2021-22,openfootball
LALIGA,19/03/2022,Deportivo Alavés,Granada CF,2,3,A,LALIGA,2021-22,openfootball
LALIGA,19/03/2022,Elche CF,Valencia CF,0,1,A,LALIGA,2021-22,openfootball
LALIGA,19/03/2022,Rayo Vallecano de Madrid,Club Atlético de Madrid,0,1,A,LALIGA,2021-22,openfootball
LALIGA,20/03/2022,Cádiz CF,Villarreal CF,1,0,H,LALIGA,2021-22,openfootball
LALIGA,20/03/2022,RC Celta de Vigo,Real Betis Balompié,0,0,D,LALIGA,2021-22,openfootball
LALIGA,20/03/2022,RCD Espanyol de Barcelona,RCD Mallorca,1,0,H,LALIGA,2021-22,openfootball
LALIGA,20/03/2022,Real Madrid CF,FC Barcelona,0,4,A,LALIGA,2021-22,openfootball
LALIGA,20/03/2022,Sevilla FC,Real Sociedad de Fútbol,0,0,D,LALIGA,2021-22,openfootball
LALIGA,02/04/2022,Club Atlético de Madrid,Deportivo Alavés,4,1,H,LALIGA,2021-22,openfootball
LALIGA,02/04/2022,Getafe CF,RCD Mallorca,1,0,H,LALIGA,2021-22,openfootball
LALIGA,02/04/2022,Levante UD,Villarreal CF,2,0,H,LALIGA,2021-22,openfootball
LALIGA,02/04/2022,RC Celta de Vigo,Real Madrid CF,1,2,A,LALIGA,2021-22,openfootball
LALIGA,03/04/2022,Athletic Club,Elche CF,2,1,H,LALIGA,2021-22,openfootball
LALIGA,03/04/2022,FC Barcelona,Sevilla FC,1,0,H,LALIGA,2021-22,openfootball
LALIGA,03/04/2022,Granada CF,Rayo Vallecano de Madrid,2,2,D,LALIGA,2021-22,openfootball
LALIGA,03/04/2022,Real Betis Balompié,CA Osasuna,4,1,H,LALIGA,2021-22,openfootball
LALIGA,03/04/2022,Valencia CF,Cádiz CF,0,0,D,LALIGA,2021-22,openfootball
LALIGA,04/04/2022,Real Sociedad de Fútbol,RCD Espanyol de Barcelona,1,0,H,LALIGA,2021-22,openfootball
LALIGA,08/04/2022,Sevilla FC,Granada CF,4,2,H,LALIGA,2021-22,openfootball
LALIGA,09/04/2022,Cádiz CF,Real Betis Balompié,1,2,A,LALIGA,2021-22,openfootball
LALIGA,09/04/2022,RCD Mallorca,Club Atlético de Madrid,1,0,H,LALIGA,2021-22,openfootball
LALIGA,09/04/2022,Real Madrid CF,Getafe CF,2,0,H,LALIGA,2021-22,openfootball
LALIGA,09/04/2022,Villarreal CF,Athletic Club,1,1,D,LALIGA,2021-22,openfootball
LALIGA,10/04/2022,CA Osasuna,Deportivo Alavés,1,0,H,LALIGA,2021-22,openfootball
LALIGA,10/04/2022,Elche CF,Real Sociedad de Fútbol,1,2,A,LALIGA,2021-22,openfootball
LALIGA,10/04/2022,Levante UD,FC Barcelona,2,3,A,LALIGA,2021-22,openfootball
LALIGA,10/04/2022,RCD Espanyol de Barcelona,RC Celta de Vigo,1,0,H,LALIGA,2021-22,openfootball
LALIGA,11/04/2022,Rayo Vallecano de Madrid,Valencia CF,1,1,D,LALIGA,2021-22,openfootball
LALIGA,15/04/2022,Real Sociedad de Fútbol,Real Betis Balompié,0,0,D,LALIGA,2021-22,openfootball
LALIGA,16/04/2022,Deportivo Alavés,Rayo Vallecano de Madrid,1,0,H,LALIGA,2021-22,openfootball
LALIGA,16/04/2022,Elche CF,RCD Mallorca,3,0,H,LALIGA,2021-22,openfootball
LALIGA,16/04/2022,Getafe CF,Villarreal CF,1,2,A,LALIGA,2021-22,openfootball
LALIGA,16/04/2022,Valencia CF,CA Osasuna,1,2,A,LALIGA,2021-22,openfootball
LALIGA,17/04/2022,Athletic Club,RC Celta de Vigo,0,2,A,LALIGA,2021-22,openfootball
LALIGA,17/04/2022,Club Atlético de Madrid,RCD Espanyol de Barcelona,2,1,H,LALIGA,2021-22,openfootball
LALIGA,17/04/2022,Granada CF,Levante UD,1,4,A,LALIGA,2021-22,openfootball
LALIGA,17/04/2022,Sevilla FC,Real Madrid CF,2,3,A,LALIGA,2021-22,openfootball
LALIGA,18/04/2022,FC Barcelona,Cádiz CF,0,1,A,LALIGA,2021-22,openfootball
LALIGA,19/04/2022,RCD Mallorca,Deportivo Alavés,2,1,H,LALIGA,2021-22,openfootball
LALIGA,19/04/2022,Real Betis Balompié,Elche CF,0,1,A,LALIGA,2021-22,openfootball
LALIGA,19/04/2022,Villarreal CF,Valencia CF,2,0,H,LALIGA,2021-22,openfootball
LALIGA,20/04/2022,CA Osasuna,Real Madrid CF,1,3,A,LALIGA,2021-22,openfootball
LALIGA,20/04/2022,Club Atlético de Madrid,Granada CF,0,0,D,LALIGA,2021-22,openfootball
LALIGA,20/04/2022,RC Celta de Vigo,Getafe CF,0,2,A,LALIGA,2021-22,openfootball
LALIGA,21/04/2022,Cádiz CF,Athletic Club,2,3,A,LALIGA,2021-22,openfootball
LALIGA,21/04/2022,Levante UD,Sevilla FC,2,3,A,LALIGA,2021-22,openfootball
LALIGA,21/04/2022,RCD Espanyol de Barcelona,Rayo Vallecano de Madrid,0,1,A,LALIGA,2021-22,openfootball
LALIGA,21/04/2022,Real Sociedad de Fútbol,FC Barcelona,0,1,A,LALIGA,2021-22,openfootball
LALIGA,24/04/2022,FC Barcelona,Rayo Vallecano de Madrid,0,1,A,LALIGA,2021-22,openfootball
LALIGA,29/04/2022,Sevilla FC,Cádiz CF,1,1,D,LALIGA,2021-22,openfootball
LALIGA,30/04/2022,Athletic Club,Club Atlético de Madrid,2,0,H,LALIGA,2021-22,openfootball
LALIGA,30/04/2022,Deportivo Alavés,Villarreal CF,2,1,H,LALIGA,2021-22,openfootball
LALIGA,30/04/2022,Real Madrid CF,RCD Espanyol de Barcelona,4,0,H,LALIGA,2021-22,openfootball
LALIGA,30/04/2022,Valencia CF,Levante UD,1,1,D,LALIGA,2021-22,openfootball
LALIGA,01/05/2022,Elche CF,CA Osasuna,1,1,D,LALIGA,2021-22,openfootball
LALIGA,01/05/2022,FC Barcelona,RCD Mallorca,2,1,H,LALIGA,2021-22,openfootball
LALIGA,01/05/2022,Granada CF,RC Celta de Vigo,1,1,D,LALIGA,2021-22,openfootball
LALIGA,01/05/2022,Rayo Vallecano de Madrid,Real Sociedad de Fútbol,1,1,D,LALIGA,2021-22,openfootball
LALIGA,02/05/2022,Getafe CF,Real Betis Balompié,0,0,D,LALIGA,2021-22,openfootball
LALIGA,06/05/2022,Levante UD,Real Sociedad de Fútbol,2,1,H,LALIGA,2021-22,openfootball
LALIGA,07/05/2022,Athletic Club,Valencia CF,0,0,D,LALIGA,2021-22,openfootball
LALIGA,07/05/2022,Cádiz CF,Elche CF,3,0,H,LALIGA,2021-22,openfootball
LALIGA,07/05/2022,RC Celta de Vigo,Deportivo Alavés,4,0,H,LALIGA,2021-22,openfootball
LALIGA,07/05/2022,RCD Mallorca,Granada CF,2,6,A,LALIGA,2021-22,openfootball
LALIGA,07/05/2022,Real Betis Balompié,FC Barcelona,1,2,A,LALIGA,2021-22,openfootball
LALIGA,08/05/2022,Club Atlético de Madrid,Real Madrid CF,1,0,H,LALIGA,2021-22,openfootball
LALIGA,08/05/2022,Getafe CF,Rayo Vallecano de Madrid,0,0,D,LALIGA,2021-22,openfootball
LALIGA,08/05/2022,RCD Espanyol de Barcelona,CA Osasuna,1,1,D,LALIGA,2021-22,openfootball
LALIGA,08/05/2022,Villarreal CF,Sevilla FC,1,1,D,LALIGA,2021-22,openfootball
LALIGA,10/05/2022,FC Barcelona,RC Celta de Vigo,3,1,H,LALIGA,2021-22,openfootball
LALIGA,10/05/2022,Granada CF,Athletic Club,1,0,H,LALIGA,2021-22,openfootball
LALIGA,10/05/2022,Valencia CF,Real Betis Balompié,0,3,A,LALIGA,2021-22,openfootball
LALIGA,11/05/2022,CA Osasuna,Getafe CF,1,1,D,LALIGA,2021-22,openfootball
LALIGA,11/05/2022,Deportivo Alavés,RCD Espanyol de Barcelona,2,1,H,LALIGA,2021-22,openfootball
LALIGA,11/05/2022,Elche CF,Club Atlético de Madrid,0,2,A,LALIGA,2021-22,openfootball
LALIGA,11/05/2022,Sevilla FC,RCD Mallorca,0,0,D,LALIGA,2021-22,openfootball
LALIGA,12/05/2022,Rayo Vallecano de Madrid,Villarreal CF,1,5,A,LALIGA,2021-22,openfootball
LALIGA,12/05/2022,Real Madrid CF,Levante UD,6,0,H,LALIGA,2021-22,openfootball
LALIGA,12/05/2022,Real Sociedad de Fútbol,Cádiz CF,3,0,H,LALIGA,2021-22,openfootball
LALIGA,14/05/2022,RCD Espanyol de Barcelona,Valencia CF,1,1,D,LALIGA,2021-22,openfootball
LALIGA,15/05/2022,Athletic Club,CA Osasuna,2,0,H,LALIGA,2021-22,openfootball
LALIGA,15/05/2022,Club Atlético de Madrid,Sevilla FC,1,1,D,LALIGA,2021-22,openfootball
LALIGA,15/05/2022,Cádiz CF,Real Madrid CF,1,1,D,LALIGA,2021-22,openfootball
LALIGA,15/05/2022,Getafe CF,FC Barcelona,0,0,D,LALIGA,2021-22,openfootball
LALIGA,15/05/2022,Levante UD,Deportivo Alavés,3,1,H,LALIGA,2021-22,openfootball
LALIGA,15/05/2022,RC Celta de Vigo,Elche CF,1,0,H,LALIGA,2021-22,openfootball
LALIGA,15/05/2022,RCD Mallorca,Rayo Vallecano de Madrid,2,1,H,LALIGA,2021-22,openfootball
LALIGA,15/05/2022,Real Betis Balompié,Granada CF,2,0,H,LALIGA,2021-22,openfootball
LALIGA,15/05/2022,Villarreal CF,Real Sociedad de Fútbol,1,2,A,LALIGA,2021-22,openfootball
LALIGA,20/05/2022,Rayo Vallecano de Madrid,Levante UD,2,4,A,LALIGA,2021-22,openfootball
LALIGA,20/05/2022,Real Madrid CF,Real Betis Balompié,0,0,D,LALIGA,2021-22,openfootball
LALIGA,21/05/2022,Valencia CF,RC Celta de Vigo,2,0,H,LALIGA,2021-22,openfootball
LALIGA,22/05/2022,CA Osasuna,RCD Mallorca,0,2,A,LALIGA,2021-22,openfootball
LALIGA,22/05/2022,Deportivo Alavés,Cádiz CF,0,1,A,LALIGA,2021-22,openfootball
LALIGA,22/05/2022,Elche CF,Getafe CF,3,1,H,LALIGA,2021-22,openfootball
LALIGA,22/05/2022,FC Barcelona,Villarreal CF,0,2,A,LALIGA,2021-22,openfootball
LALIGA,22/05/2022,Granada CF,RCD Espanyol de Barcelona,0,0,D,LALIGA,2021-22,openfootball
LALIGA,22/05/2022,Real Sociedad de Fútbol,Club Atlético de Madrid,1,2,A,LALIGA,2021-22,openfootball
LALIGA,22/05/2022,Sevilla FC,Athletic Club,1,0,H,LALIGA,2021-22,openfootball
LALIGA,12/08/2022,CA Osasuna,Sevilla FC,2,1,H,LALIGA,2022-23,openfootball
LALIGA,13/08/2022,FC Barcelona,Rayo Vallecano de Madrid,0,0,D,LALIGA,2022-23,openfootball
LALIGA,13/08/2022,RC Celta de Vigo,RCD Espanyol de Barcelona,2,2,D,LALIGA,2022-23,openfootball
LALIGA,13/08/2022,Real Valladolid CF,Villarreal CF,0,3,A,LALIGA,2022-23,openfootball
LALIGA,14/08/2022,Cádiz CF,Real Sociedad de Fútbol,0,1,A,LALIGA,2022-23,openfootball
LALIGA,14/08/2022,UD Almería,Real Madrid CF,1,2,A,LALIGA,2022-23,openfootball
LALIGA,14/08/2022,Valencia CF,Girona FC,1,0,H,LALIGA,2022-23,openfootball
LALIGA,15/08/2022,Athletic Club,RCD Mallorca,0,0,D,LALIGA,2022-23,openfootball
LALIGA,15/08/2022,Getafe CF,Club Atlético de Madrid,0,3,A,LALIGA,2022-23,openfootball
LALIGA,15/08/2022,Real Betis Balompié,Elche CF,3,0,H,LALIGA,2022-23,openfootball
LALIGA,19/08/2022,RCD Espanyol de Barcelona,Rayo Vallecano de Madrid,0,2,A,LALIGA,2022-23,openfootball
LALIGA,19/08/2022,Sevilla FC,Real Valladolid CF,1,1,D,LALIGA,2022-23,openfootball
LALIGA,20/08/2022,CA Osasuna,Cádiz CF,2,0,H,LALIGA,2022-23,openfootball
LALIGA,20/08/2022,RC Celta de Vigo,Real Madrid CF,1,4,A,LALIGA,2022-23,openfootball
LALIGA,20/08/2022,RCD Mallorca,Real Betis Balompié,1,2,A,LALIGA,2022-23,openfootball
LALIGA,21/08/2022,Athletic Club,Valencia CF,1,0,H,LALIGA,2022-23,openfootball
LALIGA,21/08/2022,Club Atlético de Madrid,Villarreal CF,0,2,A,LALIGA,2022-23,openfootball
LALIGA,21/08/2022,Real Sociedad de Fútbol,FC Barcelona,1,4,A,LALIGA,2022-23,openfootball
LALIGA,22/08/2022,Elche CF,UD Almería,1,1,D,LALIGA,2022-23,openfootball
LALIGA,22/08/2022,Girona FC,Getafe CF,3,1,H,LALIGA,2022-23,openfootball
LALIGA,26/08/2022,Girona FC,RC Celta de Vigo,0,1,A,LALIGA,2022-23,openfootball
LALIGA,26/08/2022,Real Betis Balompié,CA Osasuna,1,0,H,LALIGA,2022-23,openfootball
LALIGA,27/08/2022,Elche CF,Real Sociedad de Fútbol,0,1,A,LALIGA,2022-23,openfootball
LALIGA,27/08/2022,Rayo Vallecano de Madrid,RCD Mallorca,0,2,A,LALIGA,2022-23,openfootball
LALIGA,27/08/2022,UD Almería,Sevilla FC,2,1,H,LALIGA,2022-23,openfootball
LALIGA,28/08/2022,FC Barcelona,Real Valladolid CF,4,0,H,LALIGA,2022-23,openfootball
LALIGA,28/08/2022,Getafe CF,Villarreal CF,0,0,D,LALIGA,2022-23,openfootball
LALIGA,28/08/2022,RCD Espanyol de Barcelona,Real Madrid CF,1,3,A,LALIGA,2022-23,openfootball
LALIGA,29/08/2022,Cádiz CF,Athletic Club,0,4,A,LALIGA,2022-23,openfootball
LALIGA,29/08/2022,Valencia CF,Club Atlético de Madrid,0,1,A,LALIGA,2022-23,openfootball
LALIGA,02/09/2022,RC Celta de Vigo,Cádiz CF,3,0,H,LALIGA,2022-23,openfootball
LALIGA,03/09/2022,RCD Mallorca,Girona FC,1,1,D,LALIGA,2022-23,openfootball
LALIGA,03/09/2022,Real Madrid CF,Real Betis Balompié,2,1,H,LALIGA,2022-23,openfootball
LALIGA,03/09/2022,Real Sociedad de Fútbol,Club Atlético de Madrid,1,1,D,LALIGA,2022-23,openfootball
LALIGA,03/09/2022,Sevilla FC,FC Barcelona,0,3,A,LALIGA,2022-23,openfootball
LALIGA,04/09/2022,Athletic Club,RCD Espanyol de Barcelona,0,1,A,LALIGA,2022-23,openfootball
LALIGA,04/09/2022,CA Osasuna,Rayo Vallecano de Madrid,2,1,H,LALIGA,2022-23,openfootball
LALIGA,04/09/2022,Valencia CF,Getafe CF,5,1,H,LALIGA,2022-23,openfootball
LALIGA,04/09/2022,Villarreal CF,Elche CF,4,0,H,LALIGA,2022-23,openfootball
LALIGA,05/09/2022,Real Valladolid CF,UD Almería,1,0,H,LALIGA,2022-23,openfootball
LALIGA,09/09/2022,Girona FC,Real Valladolid CF,2,1,H,LALIGA,2022-23,openfootball
LALIGA,10/09/2022,Club Atlético de Madrid,RC Celta de Vigo,4,1,H,LALIGA,2022-23,openfootball
LALIGA,10/09/2022,Cádiz CF,FC Barcelona,0,4,A,LALIGA,2022-23,openfootball
LALIGA,10/09/2022,RCD Espanyol de Barcelona,Sevilla FC,2,3,A,LALIGA,2022-23,openfootball
LALIGA,10/09/2022,Rayo Vallecano de Madrid,Valencia CF,2,1,H,LALIGA,2022-23,openfootball
LALIGA,11/09/2022,Elche CF,Athletic Club,1,4,A,LALIGA,2022-23,openfootball
LALIGA,11/09/2022,Getafe CF,Real Sociedad de Fútbol,2,1,H,LALIGA,2022-23,openfootball
LALIGA,11/09/2022,Real Betis Balompié,Villarreal CF,1,0,H,LALIGA,2022-23,openfootball
LALIGA,11/09/2022,Real Madrid CF,RCD Mallorca,4,1,H,LALIGA,2022-23,openfootball
LALIGA,12/09/2022,UD Almería,CA Osasuna,0,1,A,LALIGA,2022-23,openfootball
LALIGA,16/09/2022,Real Valladolid CF,Cádiz CF,0,1,A,LALIGA,2022-23,openfootball
LALIGA,17/09/2022,Athletic Club,Rayo Vallecano de Madrid,3,2,H,LALIGA,2022-23,openfootball
LALIGA,17/09/2022,FC Barcelona,Elche CF,3,0,H,LALIGA,2022-23,openfootball
LALIGA,17/09/2022,RCD Mallorca,UD Almería,1,0,H,LALIGA,2022-23,openfootball
LALIGA,17/09/2022,Valencia CF,RC Celta de Vigo,3,0,H,LALIGA,2022-23,openfootball
LALIGA,18/09/2022,CA Osasuna,Getafe CF,0,2,A,LALIGA,2022-23,openfootball
LALIGA,18/09/2022,Club Atlético de Madrid,Real Madrid CF,1,2,A,LALIGA,2022-23,openfootball
LALIGA,18/09/2022,Real Betis Balompié,Girona FC,2,1,H,LALIGA,2022-23,openfootball
LALIGA,18/09/2022,Real Sociedad de Fútbol,RCD Espanyol de Barcelona,2,1,H,LALIGA,2022-23,openfootball
LALIGA,18/09/2022,Villarreal CF,Sevilla FC,1,1,D,LALIGA,2022-23,openfootball
LALIGA,30/09/2022,Athletic Club,UD Almería,4,0,H,LALIGA,2022-23,openfootball
LALIGA,01/10/2022,Cádiz CF,Villarreal CF,0,0,D,LALIGA,2022-23,openfootball
LALIGA,01/10/2022,Getafe CF,Real Valladolid CF,2,3,A,LALIGA,2022-23,openfootball
LALIGA,01/10/2022,RCD Mallorca,FC Barcelona,0,1,A,LALIGA,2022-23,openfootball
LALIGA,01/10/2022,Sevilla FC,Club Atlético de Madrid,0,2,A,LALIGA,2022-23,openfootball
LALIGA,02/10/2022,Girona FC,Real Sociedad de Fútbol,3,5,A,LALIGA,2022-23,openfootball
LALIGA,02/10/2022,RC Celta de Vigo,Real Betis Balompié,1,0,H,LALIGA,2022-23,openfootball
LALIGA,02/10/2022,RCD Espanyol de Barcelona,Valencia CF,2,2,D,LALIGA,2022-23,openfootball
LALIGA,02/10/2022,Real Madrid CF,CA Osasuna,1,1,D,LALIGA,2022-23,openfootball
LALIGA,03/10/2022,Rayo Vallecano de Madrid,Elche CF,2,1,H,LALIGA,2022-23,openfootball
LALIGA,07/10/2022,CA Osasuna,Valencia CF,1,2,A,LALIGA,2022-23,openfootball
LALIGA,08/10/2022,Club Atlético de Madrid,Girona FC,2,1,H,LALIGA,2022-23,openfootball
LALIGA,08/10/2022,Getafe CF,Real Madrid CF,0,1,A,LALIGA,2022-23,openfootball
LALIGA,08/10/2022,Sevilla FC,Athletic Club,1,1,D,LALIGA,2022-23,openfootball
LALIGA,08/10/2022,UD Almería,Rayo Vallecano de Madrid,3,1,H,LALIGA,2022-23,openfootball
LALIGA,09/10/2022,Cádiz CF,RCD Espanyol de Barcelona,2,2,D,LALIGA,2022-23,openfootball
LALIGA,09/10/2022,FC Barcelona,RC Celta de Vigo,1,0,H,LALIGA,2022-23,openfootball
LALIGA,09/10/2022,Real Sociedad de Fútbol,Villarreal CF,1,0,H,LALIGA,2022-23,openfootball
LALIGA,09/10/2022,Real Valladolid CF,Real Betis Balompié,0,0,D,LALIGA,2022-23,openfootball
LALIGA,10/10/2022,Elche CF,RCD Mallorca,1,1,D,LALIGA,2022-23,openfootball
LALIGA,14/10/2022,Rayo Vallecano de Madrid,Getafe CF,0,0,D,LALIGA,2022-23,openfootball
LALIGA,15/10/2022,Athletic Club,Club Atlético de Madrid,0,1,A,LALIGA,2022-23,openfootball
LALIGA,15/10/2022,Girona FC,Cádiz CF,1,1,D,LALIGA,2022-23,openfootball
LALIGA,15/10/2022,RCD Mallorca,Sevilla FC,0,1,A,LALIGA,2022-23,openfootball
LALIGA,15/10/2022,Valencia CF,Elche CF,2,2,D,LALIGA,2022-23,openfootball
LALIGA,16/10/2022,RC Celta de Vigo,Real Sociedad de Fútbol,1,2,A,LALIGA,2022-23,openfootball
LALIGA,16/10/2022,RCD Espanyol de Barcelona,Real Valladolid CF,1,0,H,LALIGA,2022-23,openfootball
LALIGA,16/10/2022,Real Betis Balompié,UD Almería,3,1,H,LALIGA,2022-23,openfootball
LALIGA,16/10/2022,Real Madrid CF,FC Barcelona,3,1,H,LALIGA,2022-23,openfootball
LALIGA,17/10/2022,Villarreal CF,CA Osasuna,2,0,H,LALIGA,2022-23,openfootball
LALIGA,18/10/2022,Club Atlético de Madrid,Rayo Vallecano de Madrid,1,1,D,LALIGA,2022-23,openfootball
LALIGA,18/10/2022,Getafe CF,Athletic Club,2,2,D,LALIGA,2022-23,openfootball
LALIGA,18/10/2022,Sevilla FC,Valencia CF,1,1,D,LALIGA,2022-23,openfootball
LALIGA,19/10/2022,Cádiz CF,Real Betis Balompié,0,0,D,LALIGA,2022-23,openfootball
LALIGA,19/10/2022,Elche CF,Real Madrid CF,0,3,A,LALIGA,2022-23,openfootball
LALIGA,19/10/2022,Real Sociedad de Fútbol,RCD Mallorca,1,0,H,LALIGA,2022-23,openfootball
LALIGA,19/10/2022,Real Valladolid CF,RC Celta de Vigo,4,1,H,LALIGA,2022-23,openfootball
LALIGA,20/10/2022,CA Osasuna,RCD Espanyol de Barcelona,1,0,H,LALIGA,2022-23,openfootball
LALIGA,20/10/2022,FC Barcelona,Villarreal CF,3,0,H,LALIGA,2022-23,openfootball
LALIGA,20/10/2022,UD Almería,Girona FC,3,2,H,LALIGA,2022-23,openfootball
LALIGA,22/10/2022,Rayo Vallecano de Madrid,Cádiz CF,5,1,H,LALIGA,2022-23,openfootball
LALIGA,22/10/2022,Real Madrid CF,Sevilla FC,3,1,H,LALIGA,2022-23,openfootball
LALIGA,22/10/2022,Real Valladolid CF,Real Sociedad de Fútbol,1,0,H,LALIGA,2022-23,openfootball
LALIGA,22/10/2022,Valencia CF,RCD Mallorca,1,2,A,LALIGA,2022-23,openfootball
LALIGA,23/10/2022,FC Barcelona,Athletic Club,4,0,H,LALIGA,2022-23,openfootball
LALIGA,23/10/2022,Girona FC,CA Osasuna,1,1,D,LALIGA,2022-23,openfootball
LALIGA,23/10/2022,RCD Espanyol de Barcelona,Elche CF,2,2,D,LALIGA,2022-23,openfootball
LALIGA,23/10/2022,Real Betis Balompié,Club Atlético de Madrid,1,2,A,LALIGA,2022-23,openfootball
LALIGA,23/10/2022,Villarreal CF,UD Almería,2,1,H,LALIGA,2022-23,openfootball
LALIGA,24/10/2022,RC Celta de Vigo,Getafe CF,1,1,D,LALIGA,2022-23,openfootball
LALIGA,28/10/2022,RCD Mallorca,RCD Espanyol de Barcelona,1,1,D,LALIGA,2022-23,openfootball
LALIGA,29/10/2022,Cádiz CF,Club Atlético de Madrid,3,2,H,LALIGA,2022-23,openfootball
LALIGA,29/10/2022,Sevilla FC,Rayo Vallecano de Madrid,0,1,A,LALIGA,2022-23,openfootball
LALIGA,29/10/2022,UD Almería,RC Celta de Vigo,3,1,H,LALIGA,2022-23,openfootball
LALIGA,29/10/2022,Valencia CF,FC Barcelona,0,1,A,LALIGA,2022-23,openfootball
LALIGA,30/10/2022,Athletic Club,Villarreal CF,1,0,H,LALIGA,2022-23,openfootball
LALIGA,30/10/2022,CA Osasuna,Real Valladolid CF,2,0,H,LALIGA,2022-23,openfootball
LALIGA,30/10/2022,Real Madrid CF,Girona FC,1,1,D,LALIGA,2022-23,openfootball
LALIGA,30/10/2022,Real Sociedad de Fútbol,Real Betis Balompié,0,2,A,LALIGA,2022-23,openfootball
LALIGA,31/10/2022,Elche CF,Getafe CF,0,1,A,LALIGA,2022-23,openfootball
LALIGA,04/11/2022,Girona FC,Athletic Club,2,1,H,LALIGA,2022-23,openfootball
LALIGA,05/11/2022,FC Barcelona,UD Almería,2,0,H,LALIGA,2022-23,openfootball
LALIGA,05/11/2022,Getafe CF,Cádiz CF,0,0,D,LALIGA,2022-23,openfootball
LALIGA,05/11/2022,RC Celta de Vigo,CA Osasuna,1,2,A,LALIGA,2022-23,openfootball
LALIGA,05/11/2022,Real Valladolid CF,Elche CF,2,1,H,LALIGA,2022-23,openfootball
LALIGA,06/11/2022,Club Atlético de Madrid,RCD Espanyol de Barcelona,1,1,D,LALIGA,2022-23,openfootball
LALIGA,06/11/2022,Real Betis Balompié,Sevilla FC,1,1,D,LALIGA,2022-23,openfootball
LALIGA,06/11/2022,Real Sociedad de Fútbol,Valencia CF,1,1,D,LALIGA,2022-23,openfootball
LALIGA,06/11/2022,Villarreal CF,RCD Mallorca,0,2,A,LALIGA,2022-23,openfootball
LALIGA,07/11/2022,Rayo Vallecano de Madrid,Real Madrid CF,3,2,H,LALIGA,2022-23,openfootball
LALIGA,08/11/2022,Athletic Club,Real Valladolid CF,3,0,H,LALIGA,2022-23,openfootball
LALIGA,08/11/2022,CA Osasuna,FC Barcelona,1,2,A,LALIGA,2022-23,openfootball
LALIGA,08/11/2022,Elche CF,Girona FC,1,2,A,LALIGA,2022-23,openfootball
LALIGA,09/11/2022,RCD Espanyol de Barcelona,Villarreal CF,0,1,A,LALIGA,2022-23,openfootball
LALIGA,09/11/2022,RCD Mallorca,Club Atlético de Madrid,1,0,H,LALIGA,2022-23,openfootball
LALIGA,09/11/2022,Sevilla FC,Real Sociedad de Fútbol,1,2,A,LALIGA,2022-23,openfootball
LALIGA,09/11/2022,UD Almería,Getafe CF,1,0,H,LALIGA,2022-23,openfootball
LALIGA,10/11/2022,Rayo Vallecano de Madrid,RC Celta de Vigo,0,0,D,LALIGA,2022-23,openfootball
LALIGA,10/11/2022,Real Madrid CF,Cádiz CF,2,1,H,LALIGA,2022-23,openfootball
LALIGA,10/11/2022,Valencia CF,Real Betis Balompié,3,0,H,LALIGA,2022-23,openfootball
LALIGA,29/12/2022,Club Atlético de Madrid,Elche CF,2,0,H,LALIGA,2022-23,openfootball
LALIGA,29/12/2022,Girona FC,Rayo Vallecano de Madrid,2,2,D,LALIGA,2022-23,openfootball
LALIGA,29/12/2022,Real Betis Balompié,Athletic Club,0,0,D,LALIGA,2022-23,openfootball
LALIGA,30/12/2022,Cádiz CF,UD Almería,1,1,D,LALIGA,2022-23,openfootball
LALIGA,30/12/2022,Getafe CF,RCD Mallorca,2,0,H,LALIGA,2022-23,openfootball
LALIGA,30/12/2022,RC Celta de Vigo,Sevilla FC,1,1,D,LALIGA,2022-23,openfootball
LALIGA,30/12/2022,Real Valladolid CF,Real Madrid CF,0,2,A,LALIGA,2022-23,openfootball
LALIGA,31/12/2022,FC Barcelona,RCD Espanyol de Barcelona,1,1,D,LALIGA,2022-23,openfootball
LALIGA,31/12/2022,Real Sociedad de Fútbol,CA Osasuna,2,0,H,LALIGA,2022-23,openfootball
LALIGA,31/12/2022,Villarreal CF,Valencia CF,2,1,H,LALIGA,2022-23,openfootball
LALIGA,06/01/2023,Elche CF,RC Celta de Vigo,0,1,A,LALIGA,2022-23,openfootball
LALIGA,06/01/2023,Valencia CF,Cádiz CF,0,1,A,LALIGA,2022-23,openfootball
LALIGA,07/01/2023,RCD Espanyol de Barcelona,Girona FC,2,2,D,LALIGA,2022-23,openfootball
LALIGA,07/01/2023,RCD Mallorca,Real Valladolid CF,1,0,H,LALIGA,2022-23,openfootball
LALIGA,07/01/2023,Villarreal CF,Real Madrid CF,2,1,H,LALIGA,2022-23,openfootball
LALIGA,08/01/2023,Club Atlético de Madrid,FC Barcelona,0,1,A,LALIGA,2022-23,openfootball
LALIGA,08/01/2023,Rayo Vallecano de Madrid,Real Betis Balompié,1,2,A,LALIGA,2022-23,openfootball
LALIGA,08/01/2023,Sevilla FC,Getafe CF,2,1,H,LALIGA,2022-23,openfootball
LALIGA,08/01/2023,UD Almería,Real Sociedad de Fútbol,0,2,A,LALIGA,2022-23,openfootball
LALIGA,09/01/2023,Athletic Club,CA Osasuna,0,0,D,LALIGA,2022-23,openfootball
LALIGA,13/01/2023,RC Celta de Vigo,Villarreal CF,1,1,D,LALIGA,2022-23,openfootball
LALIGA,14/01/2023,CA Osasuna,RCD Mallorca,1,0,H,LALIGA,2022-23,openfootball
LALIGA,14/01/2023,Girona FC,Sevilla FC,2,1,H,LALIGA,2022-23,openfootball
LALIGA,14/01/2023,Real Sociedad de Fútbol,Athletic Club,3,1,H,LALIGA,2022-23,openfootball
LALIGA,14/01/2023,Real Valladolid CF,Rayo Vallecano de Madrid,0,1,A,LALIGA,2022-23,openfootball
LALIGA,15/01/2023,Getafe CF,RCD Espanyol de Barcelona,1,2,A,LALIGA,2022-23,openfootball
LALIGA,15/01/2023,UD Almería,Club Atlético de Madrid,1,1,D,LALIGA,2022-23,openfootball
LALIGA,16/01/2023,Cádiz CF,Elche CF,1,1,D,LALIGA,2022-23,openfootball
LALIGA,20/01/2023,RCD Mallorca,RC Celta de Vigo,1,0,H,LALIGA,2022-23,openfootball
LALIGA,21/01/2023,Club Atlético de Madrid,Real Valladolid CF,3,0,H,LALIGA,2022-23,openfootball
LALIGA,21/01/2023,RCD Espanyol de Barcelona,Real Betis Balompié,1,0,H,LALIGA,2022-23,openfootball
LALIGA,21/01/2023,Rayo Vallecano de Madrid,Real Sociedad de Fútbol,0,2,A,LALIGA,2022-23,openfootball
LALIGA,21/01/2023,Sevilla FC,Cádiz CF,1,0,H,LALIGA,2022-23,openfootball
LALIGA,22/01/2023,Athletic Club,Real Madrid CF,0,2,A,LALIGA,2022-23,openfootball
LALIGA,22/01/2023,Elche CF,CA Osasuna,1,1,D,LALIGA,2022-23,openfootball
LALIGA,22/01/2023,FC Barcelona,Getafe CF,1,0,H,LALIGA,2022-23,openfootball
LALIGA,22/01/2023,Villarreal CF,Girona FC,1,0,H,LALIGA,2022-23,openfootball
LALIGA,23/01/2023,Valencia CF,UD Almería,2,2,D,LALIGA,2022-23,openfootball
LALIGA,27/01/2023,UD Almería,RCD Espanyol de Barcelona,3,1,H,LALIGA,2022-23,openfootball
LALIGA,28/01/2023,Cádiz CF,RCD Mallorca,2,0,H,LALIGA,2022-23,openfootball
LALIGA,28/01/2023,Getafe CF,Real Betis Balompié,0,1,A,LALIGA,2022-23,openfootball
LALIGA,28/01/2023,Girona FC,FC Barcelona,0,1,A,LALIGA,2022-23,openfootball
LALIGA,28/01/2023,Sevilla FC,Elche CF,3,0,H,LALIGA,2022-23,openfootball
LALIGA,29/01/2023,CA Osasuna,Club Atlético de Madrid,0,1,A,LALIGA,2022-23,openfootball
LALIGA,29/01/2023,RC Celta de Vigo,Athletic Club,1,0,H,LALIGA,2022-23,openfootball
LALIGA,29/01/2023,Real Madrid CF,Real Sociedad de Fútbol,0,0,D,LALIGA,2022-23,openfootball
LALIGA,29/01/2023,Real Valladolid CF,Valencia CF,1,0,H,LALIGA,2022-23,openfootball
LALIGA,30/01/2023,Villarreal CF,Rayo Vallecano de Madrid,0,1,A,LALIGA,2022-23,openfootball
LALIGA,01/02/2023,Real Betis Balompié,FC Barcelona,1,2,A,LALIGA,2022-23,openfootball
LALIGA,02/02/2023,Real Madrid CF,Valencia CF,2,0,H,LALIGA,2022-23,openfootball
LALIGA,03/02/2023,Athletic Club,Cádiz CF,4,1,H,LALIGA,2022-23,openfootball
LALIGA,04/02/2023,Club Atlético de Madrid,Getafe CF,1,1,D,LALIGA,2022-23,openfootball
LALIGA,04/02/2023,Elche CF,Villarreal CF,3,1,H,LALIGA,2022-23,openfootball
LALIGA,04/02/2023,RCD Espanyol de Barcelona,CA Osasuna,1,1,D,LALIGA,2022-23,openfootball
LALIGA,04/02/2023,Real Betis Balompié,RC Celta de Vigo,3,4,A,LALIGA,2022-23,openfootball
LALIGA,05/02/2023,FC Barcelona,Sevilla FC,3,0,H,LALIGA,2022-23,openfootball
LALIGA,05/02/2023,Girona FC,Valencia CF,1,0,H,LALIGA,2022-23,openfootball
LALIGA,05/02/2023,RCD Mallorca,Real Madrid CF,1,0,H,LALIGA,2022-23,openfootball
LALIGA,05/02/2023,Real Sociedad de Fútbol,Real Valladolid CF,0,1,A,LALIGA,2022-23,openfootball
LALIGA,06/02/2023,Rayo Vallecano de Madrid,UD Almería,2,0,H,LALIGA,2022-23,openfootball
LALIGA,10/02/2023,Cádiz CF,Girona FC,2,0,H,LALIGA,2022-23,openfootball
LALIGA,11/02/2023,Sevilla FC,RCD Mallorca,2,0,H,LALIGA,2022-23,openfootball
LALIGA,11/02/2023,UD Almería,Real Betis Balompié,2,3,A,LALIGA,2022-23,openfootball
LALIGA,11/02/2023,Valencia CF,Athletic Club,1,2,A,LALIGA,2022-23,openfootball
LALIGA,12/02/2023,Getafe CF,Rayo Vallecano de Madrid,1,1,D,LALIGA,2022-23,openfootball
LALIGA,12/02/2023,RC Celta de Vigo,Club Atlético de Madrid,0,1,A,LALIGA,2022-23,openfootball
LALIGA,12/02/2023,Real Valladolid CF,CA Osasuna,0,0,D,LALIGA,2022-23,openfootball
LALIGA,12/02/2023,Villarreal CF,FC Barcelona,0,1,A,LALIGA,2022-23,openfootball
LALIGA,13/02/2023,RCD Espanyol de Barcelona,Real Sociedad de Fútbol,2,3,A,LALIGA,2022-23,openfootball
LALIGA,15/02/2023,Real Madrid CF,Elche CF,4,0,H,LALIGA,2022-23,openfootball
LALIGA,17/02/2023,Girona FC,UD Almería,6,2,H,LALIGA,2022-23,openfootball
LALIGA,18/02/2023,CA Osasuna,Real Madrid CF,0,2,A,LALIGA,2022-23,openfootball
LALIGA,18/02/2023,RCD Mallorca,Villarreal CF,4,2,H,LALIGA,2022-23,openfootball
LALIGA,18/02/2023,Real Betis Balompié,Real Valladolid CF,2,1,H,LALIGA,2022-23,openfootball
LALIGA,18/02/2023,Real Sociedad de Fútbol,RC Celta de Vigo,1,1,D,LALIGA,2022-23,openfootball
LALIGA,19/02/2023,Club Atlético de Madrid,Athletic Club,1,0,H,LALIGA,2022-23,openfootball
LALIGA,19/02/2023,Elche CF,RCD Espanyol de Barcelona,0,1,A,LALIGA,2022-23,openfootball
LALIGA,19/02/2023,FC Barcelona,Cádiz CF,2,0,H,LALIGA,2022-23,openfootball
LALIGA,19/02/2023,Rayo Vallecano de Madrid,Sevilla FC,1,1,D,LALIGA,2022-23,openfootball
LALIGA,20/02/2023,Getafe CF,Valencia CF,1,0,H,LALIGA,2022-23,openfootball
LALIGA,24/02/2023,Elche CF,Real Betis Balompié,2,3,A,LALIGA,2022-23,openfootball
LALIGA,25/02/2023,Cádiz CF,Rayo Vallecano de Madrid,1,0,H,LALIGA,2022-23,openfootball
LALIGA,25/02/2023,RCD Espanyol de Barcelona,RCD Mallorca,2,1,H,LALIGA,2022-23,openfootball
LALIGA,25/02/2023,Real Madrid CF,Club Atlético de Madrid,1,1,D,LALIGA,2022-23,openfootball
LALIGA,25/02/2023,Valencia CF,Real Sociedad de Fútbol,1,0,H,LALIGA,2022-23,openfootball
LALIGA,26/02/2023,Athletic Club,Girona FC,2,3,A,LALIGA,2022-23,openfootball
LALIGA,26/02/2023,RC Celta de Vigo,Real Valladolid CF,3,0,H,LALIGA,2022-23,openfootball
LALIGA,26/02/2023,Sevilla FC,CA Osasuna,2,3,A,LALIGA,2022-23,openfootball
LALIGA,26/02/2023,UD Almería,FC Barcelona,1,0,H,LALIGA,2022-23,openfootball
LALIGA,27/02/2023,Villarreal CF,Getafe CF,2,1,H,LALIGA,2022-23,openfootball
LALIGA,03/03/2023,Real Sociedad de Fútbol,Cádiz CF,0,0,D,LALIGA,2022-23,openfootball
LALIGA,04/03/2023,Club Atlético de Madrid,Sevilla FC,6,1,H,LALIGA,2022-23,openfootball
LALIGA,04/03/2023,Getafe CF,Girona FC,3,2,H,LALIGA,2022-23,openfootball
LALIGA,04/03/2023,RCD Mallorca,Elche CF,0,1,A,LALIGA,2022-23,openfootball
LALIGA,04/03/2023,UD Almería,Villarreal CF,0,2,A,LALIGA,2022-23,openfootball
LALIGA,05/03/2023,FC Barcelona,Valencia CF,1,0,H,LALIGA,2022-23,openfootball
LALIGA,05/03/2023,Rayo Vallecano de Madrid,Athletic Club,0,0,D,LALIGA,2022-23,openfootball
LALIGA,05/03/2023,Real Betis Balompié,Real Madrid CF,0,0,D,LALIGA,2022-23,openfootball
LALIGA,05/03/2023,Real Valladolid CF,RCD Espanyol de Barcelona,2,1,H,LALIGA,2022-23,openfootball
LALIGA,06/03/2023,CA Osasuna,RC Celta de Vigo,0,0,D,LALIGA,2022-23,openfootball
LALIGA,10/03/2023,Cádiz CF,Getafe CF,2,2,D,LALIGA,2022-23,openfootball
LALIGA,11/03/2023,Elche CF,Real Valladolid CF,1,1,D,LALIGA,2022-23,openfootball
LALIGA,11/03/2023,RC Celta de Vigo,Rayo Vallecano de Madrid,3,0,H,LALIGA,2022-23,openfootball
LALIGA,11/03/2023,Real Madrid CF,RCD Espanyol de Barcelona,3,1,H,LALIGA,2022-23,openfootball
LALIGA,11/03/2023,Valencia CF,CA Osasuna,1,0,H,LALIGA,2022-23,openfootball
LALIGA,12/03/2023,Athletic Club,FC Barcelona,0,1,A,LALIGA,2022-23,openfootball
LALIGA,12/03/2023,RCD Mallorca,Real Sociedad de Fútbol,1,1,D,LALIGA,2022-23,openfootball
LALIGA,12/03/2023,Sevilla FC,UD Almería,2,1,H,LALIGA,2022-23,openfootball
LALIGA,12/03/2023,Villarreal CF,Real Betis Balompié,1,1,D,LALIGA,2022-23,openfootball
LALIGA,13/03/2023,Girona FC,Club Atlético de Madrid,0,1,A,LALIGA,2022-23,openfootball
LALIGA,17/03/2023,Real Valladolid CF,Athletic Club,1,3,A,LALIGA,2022-23,openfootball
LALIGA,18/03/2023,Club Atlético de Madrid,Valencia CF,3,0,H,LALIGA,2022-23,openfootball
LALIGA,18/03/2023,RCD Espanyol de Barcelona,RC Celta de Vigo,1,3,A,LALIGA,2022-23,openfootball
LALIGA,18/03/2023,Rayo Vallecano de Madrid,Girona FC,2,2,D,LALIGA,2022-23,openfootball
LALIGA,18/03/2023,UD Almería,Cádiz CF,1,1,D,LALIGA,2022-23,openfootball
LALIGA,19/03/2023,CA Osasuna,Villarreal CF,0,3,A,LALIGA,2022-23,openfootball
LALIGA,19/03/2023,FC Barcelona,Real Madrid CF,2,1,H,LALIGA,2022-23,openfootball
LALIGA,19/03/2023,Getafe CF,Sevilla FC,2,0,H,LALIGA,2022-23,openfootball
LALIGA,19/03/2023,Real Betis Balompié,RCD Mallorca,1,0,H,LALIGA,2022-23,openfootball
LALIGA,19/03/2023,Real Sociedad de Fútbol,Elche CF,2,0,H,LALIGA,2022-23,openfootball
LALIGA,31/03/2023,RCD Mallorca,CA Osasuna,0,0,D,LALIGA,2022-23,openfootball
LALIGA,01/04/2023,Athletic Club,Getafe CF,0,0,D,LALIGA,2022-23,openfootball
LALIGA,01/04/2023,Cádiz CF,Sevilla FC,0,2,A,LALIGA,2022-23,openfootball
LALIGA,01/04/2023,Elche CF,FC Barcelona,0,4,A,LALIGA,2022-23,openfootball
LALIGA,01/04/2023,Girona FC,RCD Espanyol de Barcelona,2,1,H,LALIGA,2022-23,openfootball
LALIGA,02/04/2023,Club Atlético de Madrid,Real Betis Balompié,1,0,H,LALIGA,2022-23,openfootball
LALIGA,02/04/2023,RC Celta de Vigo,UD Almería,2,2,D,LALIGA,2022-23,openfootball
LALIGA,02/04/2023,Real Madrid CF,Real Valladolid CF,6,0,H,LALIGA,2022-23,openfootball
LALIGA,02/04/2023,Villarreal CF,Real Sociedad de Fútbol,2,0,H,LALIGA,2022-23,openfootball
LALIGA,03/04/2023,Valencia CF,Rayo Vallecano de Madrid,1,1,D,LALIGA,2022-23,openfootball
LALIGA,07/04/2023,Sevilla FC,RC Celta de Vigo,2,2,D,LALIGA,2022-23,openfootball
LALIGA,08/04/2023,CA Osasuna,Elche CF,2,1,H,LALIGA,2022-23,openfootball
LALIGA,08/04/2023,RCD Espanyol de Barcelona,Athletic Club,1,2,A,LALIGA,2022-23,openfootball
LALIGA,08/04/2023,Real Madrid CF,Villarreal CF,2,3,A,LALIGA,2022-23,openfootball
LALIGA,08/04/2023,Real Sociedad de Fútbol,Getafe CF,2,0,H,LALIGA,2022-23,openfootball
LALIGA,09/04/2023,Rayo Vallecano de Madrid,Club Atlético de Madrid,1,2,A,LALIGA,2022-23,openfootball
LALIGA,09/04/2023,Real Betis Balompié,Cádiz CF,0,2,A,LALIGA,2022-23,openfootball
LALIGA,09/04/2023,Real Valladolid CF,RCD Mallorca,3,3,D,LALIGA,2022-23,openfootball
LALIGA,09/04/2023,UD Almería,Valencia CF,2,1,H,LALIGA,2022-23,openfootball
LALIGA,10/04/2023,FC Barcelona,Girona FC,0,0,D,LALIGA,2022-23,openfootball
LALIGA,14/04/2023,Rayo Vallecano de Madrid,CA Osasuna,2,1,H,LALIGA,2022-23,openfootball
LALIGA,15/04/2023,Athletic Club,Real Sociedad de Fútbol,2,0,H,LALIGA,2022-23,openfootball
LALIGA,15/04/2023,Cádiz CF,Real Madrid CF,0,2,A,LALIGA,2022-23,openfootball
LALIGA,15/04/2023,Real Betis Balompié,RCD Espanyol de Barcelona,3,1,H,LALIGA,2022-23,openfootball
LALIGA,15/04/2023,Villarreal CF,Real Valladolid CF,1,2,A,LALIGA,2022-23,openfootball
LALIGA,16/04/2023,Club Atlético de Madrid,UD Almería,2,1,H,LALIGA,2022-23,openfootball
LALIGA,16/04/2023,Getafe CF,FC Barcelona,0,0,D,LALIGA,2022-23,openfootball
LALIGA,16/04/2023,Girona FC,Elche CF,2,0,H,LALIGA,2022-23,openfootball
LALIGA,16/04/2023,Valencia CF,Sevilla FC,0,2,A,LALIGA,2022-23,openfootball
LALIGA,17/04/2023,RC Celta de Vigo,RCD Mallorca,0,1,A,LALIGA,2022-23,openfootball
LALIGA,21/04/2023,RCD Espanyol de Barcelona,Cádiz CF,0,0,D,LALIGA,2022-23,openfootball
LALIGA,22/04/2023,CA Osasuna,Real Betis Balompié,3,2,H,LALIGA,2022-23,openfootball
LALIGA,22/04/2023,Real Madrid CF,RC Celta de Vigo,2,0,H,LALIGA,2022-23,openfootball
LALIGA,22/04/2023,Real Sociedad de Fútbol,Rayo Vallecano de Madrid,2,1,H,LALIGA,2022-23,openfootball
LALIGA,22/04/2023,Real Valladolid CF,Girona FC,1,0,H,LALIGA,2022-23,openfootball
LALIGA,22/04/2023,UD Almería,Athletic Club,1,2,A,LALIGA,2022-23,openfootball
LALIGA,23/04/2023,Elche CF,Valencia CF,0,2,A,LALIGA,2022-23,openfootball
LALIGA,23/04/2023,FC Barcelona,Club Atlético de Madrid,1,0,H,LALIGA,2022-23,openfootball
LALIGA,23/04/2023,RCD Mallorca,Getafe CF,3,1,H,LALIGA,2022-23,openfootball
LALIGA,23/04/2023,Sevilla FC,Villarreal CF,2,1,H,LALIGA,2022-23,openfootball
LALIGA,25/04/2023,Cádiz CF,CA Osasuna,0,1,A,LALIGA,2022-23,openfootball
LALIGA,25/04/2023,Girona FC,Real Madrid CF,4,2,H,LALIGA,2022-23,openfootball
LALIGA,25/04/2023,Real Betis Balompié,Real Sociedad de Fútbol,0,0,D,LALIGA,2022-23,openfootball
LALIGA,26/04/2023,Club Atlético de Madrid,RCD Mallorca,3,1,H,LALIGA,2022-23,openfootball
LALIGA,26/04/2023,Getafe CF,UD Almería,1,2,A,LALIGA,2022-23,openfootball
LALIGA,26/04/2023,RC Celta de Vigo,Elche CF,1,0,H,LALIGA,2022-23,openfootball
LALIGA,26/04/2023,Rayo Vallecano de Madrid,FC Barcelona,2,1,H,LALIGA,2022-23,openfootball
LALIGA,27/04/2023,Athletic Club,Sevilla FC,0,1,A,LALIGA,2022-23,openfootball
LALIGA,27/04/2023,Valencia CF,Real Valladolid CF,2,1,H,LALIGA,2022-23,openfootball
LALIGA,27/04/2023,Villarreal CF,RCD Espanyol de Barcelona,4,2,H,LALIGA,2022-23,openfootball
LALIGA,28/04/2023,CA Osasuna,Real Sociedad de Fútbol,0,2,A,LALIGA,2022-23,openfootball
LALIGA,29/04/2023,Elche CF,Rayo Vallecano de Madrid,4,0,H,LALIGA,2022-23,openfootball
LALIGA,29/04/2023,FC Barcelona,Real Betis Balompié,4,0,H,LALIGA,2022-23,openfootball
LALIGA,29/04/2023,Real Madrid CF,UD Almería,4,2,H,LALIGA,2022-23,openfootball
LALIGA,30/04/2023,Cádiz CF,Valencia CF,2,1,H,LALIGA,2022-23,openfootball
LALIGA,30/04/2023,RCD Espanyol de Barcelona,Getafe CF,1,0,H,LALIGA,2022-23,openfootball
LALIGA,30/04/2023,Real Valladolid CF,Club Atlético de Madrid,2,5,A,LALIGA,2022-23,openfootball
LALIGA,30/04/2023,Villarreal CF,RC Celta de Vigo,3,1,H,LALIGA,2022-23,openfootball
LALIGA,01/05/2023,RCD Mallorca,Athletic Club,1,1,D,LALIGA,2022-23,openfootball
LALIGA,01/05/2023,Sevilla FC,Girona FC,0,2,A,LALIGA,2022-23,openfootball
LALIGA,02/05/2023,FC Barcelona,CA Osasuna,1,0,H,LALIGA,2022-23,openfootball
LALIGA,02/05/2023,Real Sociedad de Fútbol,Real Madrid CF,2,0,H,LALIGA,2022-23,openfootball
LALIGA,02/05/2023,UD Almería,Elche CF,2,1,H,LALIGA,2022-23,openfootball
LALIGA,03/05/2023,Club Atlético de Madrid,Cádiz CF,5,1,H,LALIGA,2022-23,openfootball
LALIGA,03/05/2023,Getafe CF,RC Celta de Vigo,1,0,H,LALIGA,2022-23,openfootball
LALIGA,03/05/2023,Valencia CF,Villarreal CF,1,1,D,LALIGA,2022-23,openfootball
LALIGA,04/05/2023,Athletic Club,Real Betis Balompié,0,1,A,LALIGA,2022-23,openfootball
LALIGA,04/05/2023,Girona FC,RCD Mallorca,2,1,H,LALIGA,2022-23,openfootball
LALIGA,04/05/2023,Rayo Vallecano de Madrid,Real Valladolid CF,2,1,H,LALIGA,2022-23,openfootball
LALIGA,04/05/2023,Sevilla FC,RCD Espanyol de Barcelona,3,2,H,LALIGA,2022-23,openfootball
LALIGA,12/05/2023,RCD Mallorca,Cádiz CF,1,0,H,LALIGA,2022-23,openfootball
LALIGA,13/05/2023,CA Osasuna,UD Almería,3,1,H,LALIGA,2022-23,openfootball
LALIGA,13/05/2023,Real Madrid CF,Getafe CF,1,0,H,LALIGA,2022-23,openfootball
LALIGA,13/05/2023,Real Sociedad de Fútbol,Girona FC,2,2,D,LALIGA,2022-23,openfootball
LALIGA,13/05/2023,Villarreal CF,Athletic Club,5,1,H,LALIGA,2022-23,openfootball
LALIGA,14/05/2023,Elche CF,Club Atlético de Madrid,1,0,H,LALIGA,2022-23,openfootball
LALIGA,14/05/2023,RC Celta de Vigo,Valencia CF,1,2,A,LALIGA,2022-23,openfootball
LALIGA,14/05/2023,RCD Espanyol de Barcelona,FC Barcelona,2,4,A,LALIGA,2022-23,openfootball
LALIGA,14/05/2023,Real Valladolid CF,Sevilla FC,0,3,A,LALIGA,2022-23,openfootball
LALIGA,15/05/2023,Real Betis Balompié,Rayo Vallecano de Madrid,3,1,H,LALIGA,2022-23,openfootball
LALIGA,19/05/2023,Cádiz CF,Real Valladolid CF,2,0,H,LALIGA,2022-23,openfootball
LALIGA,20/05/2023,Athletic Club,RC Celta de Vigo,2,1,H,LALIGA,2022-23,openfootball
LALIGA,20/05/2023,FC Barcelona,Real Sociedad de Fútbol,1,2,A,LALIGA,2022-23,openfootball
LALIGA,20/05/2023,Getafe CF,Elche CF,1,1,D,LALIGA,2022-23,openfootball
LALIGA,20/05/2023,Girona FC,Villarreal CF,1,2,A,LALIGA,2022-23,openfootball
LALIGA,20/05/2023,UD Almería,RCD Mallorca,3,0,H,LALIGA,2022-23,openfootball
LALIGA,21/05/2023,Club Atlético de Madrid,CA Osasuna,3,0,H,LALIGA,2022-23,openfootball
LALIGA,21/05/2023,Rayo Vallecano de Madrid,RCD Espanyol de Barcelona,1,2,A,LALIGA,2022-23,openfootball
LALIGA,21/05/2023,Sevilla FC,Real Betis Balompié,0,0,D,LALIGA,2022-23,openfootball
LALIGA,21/05/2023,Valencia CF,Real Madrid CF,1,0,H,LALIGA,2022-23,openfootball
LALIGA,23/05/2023,RC Celta de Vigo,Girona FC,1,1,D,LALIGA,2022-23,openfootball
LALIGA,23/05/2023,Real Sociedad de Fútbol,UD Almería,1,0,H,LALIGA,2022-23,openfootball
LALIGA,23/05/2023,Real Valladolid CF,FC Barcelona,3,1,H,LALIGA,2022-23,openfootball
LALIGA,24/05/2023,Elche CF,Sevilla FC,1,1,D,LALIGA,2022-23,openfootball
LALIGA,24/05/2023,RCD Espanyol de Barcelona,Club Atlético de Madrid,3,3,D,LALIGA,2022-23,openfootball
LALIGA,24/05/2023,Real Betis Balompié,Getafe CF,0,1,A,LALIGA,2022-23,openfootball
LALIGA,24/05/2023,Real Madrid CF,Rayo Vallecano de Madrid,2,1,H,LALIGA,2022-23,openfootball
LALIGA,24/05/2023,Villarreal CF,Cádiz CF,2,0,H,LALIGA,2022-23,openfootball
LALIGA,25/05/2023,CA Osasuna,Athletic Club,2,0,H,LALIGA,2022-23,openfootball
LALIGA,25/05/2023,RCD Mallorca,Valencia CF,1,0,H,LALIGA,2022-23,openfootball
LALIGA,27/05/2023,Sevilla FC,Real Madrid CF,1,2,A,LALIGA,2022-23,openfootball
LALIGA,28/05/2023,Athletic Club,Elche CF,0,1,A,LALIGA,2022-23,openfootball
LALIGA,28/05/2023,Club Atlético de Madrid,Real Sociedad de Fútbol,2,1,H,LALIGA,2022-23,openfootball
LALIGA,28/05/2023,Cádiz CF,RC Celta de Vigo,1,0,H,LALIGA,2022-23,openfootball
LALIGA,28/05/2023,FC Barcelona,RCD Mallorca,3,0,H,LALIGA,2022-23,openfootball
LALIGA,28/05/2023,Getafe CF,CA Osasuna,2,1,H,LALIGA,2022-23,openfootball
LALIGA,28/05/2023,Girona FC,Real Betis Balompié,1,2,A,LALIGA,2022-23,openfootball
LALIGA,28/05/2023,Rayo Vallecano de Madrid,Villarreal CF,2,1,H,LALIGA,2022-23,openfootball
LALIGA,28/05/2023,UD Almería,Real Valladolid CF,0,0,D,LALIGA,2022-23,openfootball
LALIGA,28/05/2023,Valencia CF,RCD Espanyol de Barcelona,2,2,D,LALIGA,2022-23,openfootball
LALIGA,04/06/2023,CA Osasuna,Girona FC,2,1,H,LALIGA,2022-23,openfootball
LALIGA,04/06/2023,Elche CF,Cádiz CF,1,1,D,LALIGA,2022-23,openfootball
LALIGA,04/06/2023,RC Celta de Vigo,FC Barcelona,2,1,H,LALIGA,2022-23,openfootball
LALIGA,04/06/2023,RCD Espanyol de Barcelona,UD Almería,3,3,D,LALIGA,2022-23,openfootball
LALIGA,04/06/2023,RCD Mallorca,Rayo Vallecano de Madrid,3,0,H,LALIGA,2022-23,openfootball
LALIGA,04/06/2023,Real Betis Balompié,Valencia CF,1,1,D,LALIGA,2022-23,openfootball
LALIGA,04/06/2023,Real Madrid CF,Athletic Club,1,1,D,LALIGA,2022-23,openfootball
LALIGA,04/06/2023,Real Sociedad de Fútbol,Sevilla FC,2,1,H,LALIGA,2022-23,openfootball
LALIGA,04/06/2023,Real Valladolid CF,Getafe CF,0,0,D,LALIGA,2022-23,openfootball
LALIGA,04/06/2023,Villarreal CF,Club Atlético de Madrid,2,2,D,LALIGA,2022-23,openfootball
LALIGA,11/08/2023,Sevilla FC,Valencia CF,1,2,A,LALIGA,2023-24,openfootball
LALIGA,11/08/2023,UD Almería,Rayo Vallecano de Madrid,0,2,A,LALIGA,2023-24,openfootball
LALIGA,12/08/2023,Athletic Club,Real Madrid CF,0,2,A,LALIGA,2023-24,openfootball
LALIGA,12/08/2023,Real Sociedad de Fútbol,Girona FC,1,1,D,LALIGA,2023-24,openfootball
LALIGA,12/08/2023,UD Las Palmas,RCD Mallorca,1,1,D,LALIGA,2023-24,openfootball
LALIGA,13/08/2023,Getafe CF,FC Barcelona,0,0,D,LALIGA,2023-24,openfootball
LALIGA,13/08/2023,RC Celta de Vigo,CA Osasuna,0,2,A,LALIGA,2023-24,openfootball
LALIGA,13/08/2023,Villarreal CF,Real Betis Balompié,1,2,A,LALIGA,2023-24,openfootball
LALIGA,14/08/2023,Club Atlético de Madrid,Granada CF,3,1,H,LALIGA,2023-24,openfootball
LALIGA,14/08/2023,Cádiz CF,Deportivo Alavés,1,0,H,LALIGA,2023-24,openfootball
LALIGA,18/08/2023,RCD Mallorca,Villarreal CF,0,1,A,LALIGA,2023-24,openfootball
LALIGA,18/08/2023,Valencia CF,UD Las Palmas,1,0,H,LALIGA,2023-24,openfootball
LALIGA,19/08/2023,CA Osasuna,Athletic Club,0,2,A,LALIGA,2023-24,openfootball
LALIGA,19/08/2023,Real Sociedad de Fútbol,RC Celta de Vigo,1,1,D,LALIGA,2023-24,openfootball
LALIGA,19/08/2023,UD Almería,Real Madrid CF,1,3,A,LALIGA,2023-24,openfootball
LALIGA,20/08/2023,FC Barcelona,Cádiz CF,2,0,H,LALIGA,2023-24,openfootball
LALIGA,20/08/2023,Girona FC,Getafe CF,3,0,H,LALIGA,2023-24,openfootball
LALIGA,20/08/2023,Real Betis Balompié,Club Atlético de Madrid,0,0,D,LALIGA,2023-24,openfootball
LALIGA,21/08/2023,Deportivo Alavés,Sevilla FC,4,3,H,LALIGA,2023-24,openfootball
LALIGA,21/08/2023,Granada CF,Rayo Vallecano de Madrid,0,2,A,LALIGA,2023-24,openfootball
LALIGA,25/08/2023,RC Celta de Vigo,Real Madrid CF,0,1,A,LALIGA,2023-24,openfootball
LALIGA,25/08/2023,UD Las Palmas,Real Sociedad de Fútbol,0,0,D,LALIGA,2023-24,openfootball
LALIGA,26/08/2023,Cádiz CF,UD Almería,1,1,D,LALIGA,2023-24,openfootball
LALIGA,26/08/2023,Granada CF,RCD Mallorca,3,2,H,LALIGA,2023-24,openfootball
LALIGA,26/08/2023,Sevilla FC,Girona FC,1,2,A,LALIGA,2023-24,openfootball
LALIGA,27/08/2023,Athletic Club,Real Betis Balompié,4,2,H,LALIGA,2023-24,openfootball
LALIGA,27/08/2023,Valencia CF,CA Osasuna,1,2,A,LALIGA,2023-24,openfootball
LALIGA,27/08/2023,Villarreal CF,FC Barcelona,3,4,A,LALIGA,2023-24,openfootball
LALIGA,28/08/2023,Getafe CF,Deportivo Alavés,1,0,H,LALIGA,2023-24,openfootball
LALIGA,28/08/2023,Rayo Vallecano de Madrid,Club Atlético de Madrid,0,7,A,LALIGA,2023-24,openfootball
LALIGA,01/09/2023,Cádiz CF,Villarreal CF,3,1,H,LALIGA,2023-24,openfootball
LALIGA,01/09/2023,UD Almería,RC Celta de Vigo,2,3,A,LALIGA,2023-24,openfootball
LALIGA,02/09/2023,Deportivo Alavés,Valencia CF,1,0,H,LALIGA,2023-24,openfootball
LALIGA,02/09/2023,Real Betis Balompié,Rayo Vallecano de Madrid,1,0,H,LALIGA,2023-24,openfootball
LALIGA,02/09/2023,Real Madrid CF,Getafe CF,2,1,H,LALIGA,2023-24,openfootball
LALIGA,02/09/2023,Real Sociedad de Fútbol,Granada CF,5,3,H,LALIGA,2023-24,openfootball
LALIGA,03/09/2023,CA Osasuna,FC Barcelona,1,2,A,LALIGA,2023-24,openfootball
LALIGA,03/09/2023,Girona FC,UD Las Palmas,1,0,H,LALIGA,2023-24,openfootball
LALIGA,03/09/2023,RCD Mallorca,Athletic Club,0,0,D,LALIGA,2023-24,openfootball
LALIGA,15/09/2023,Rayo Vallecano de Madrid,Deportivo Alavés,2,0,H,LALIGA,2023-24,openfootball
LALIGA,16/09/2023,Athletic Club,Cádiz CF,3,0,H,LALIGA,2023-24,openfootball
LALIGA,16/09/2023,FC Barcelona,Real Betis Balompié,5,0,H,LALIGA,2023-24,openfootball
LALIGA,16/09/2023,RC Celta de Vigo,RCD Mallorca,0,1,A,LALIGA,2023-24,openfootball
LALIGA,16/09/2023,Valencia CF,Club Atlético de Madrid,3,0,H,LALIGA,2023-24,openfootball
LALIGA,17/09/2023,Getafe CF,CA Osasuna,3,2,H,LALIGA,2023-24,openfootball
LALIGA,17/09/2023,Real Madrid CF,Real Sociedad de Fútbol,2,1,H,LALIGA,2023-24,openfootball
LALIGA,17/09/2023,Sevilla FC,UD Las Palmas,1,0,H,LALIGA,2023-24,openfootball
LALIGA,17/09/2023,Villarreal CF,UD Almería,2,1,H,LALIGA,2023-24,openfootball
LALIGA,18/09/2023,Granada CF,Girona FC,2,4,A,LALIGA,2023-24,openfootball
LALIGA,22/09/2023,Deportivo Alavés,Athletic Club,0,2,A,LALIGA,2023-24,openfootball
LALIGA,23/09/2023,CA Osasuna,Sevilla FC,0,0,D,LALIGA,2023-24,openfootball
LALIGA,23/09/2023,FC Barcelona,RC Celta de Vigo,3,2,H,LALIGA,2023-24,openfootball
LALIGA,23/09/2023,Girona FC,RCD Mallorca,5,3,H,LALIGA,2023-24,openfootball
LALIGA,23/09/2023,UD Almería,Valencia CF,2,2,D,LALIGA,2023-24,openfootball
LALIGA,24/09/2023,Club Atlético de Madrid,Real Madrid CF,3,1,H,LALIGA,2023-24,openfootball
LALIGA,24/09/2023,Rayo Vallecano de Madrid,Villarreal CF,1,1,D,LALIGA,2023-24,openfootball
LALIGA,24/09/2023,Real Betis Balompié,Cádiz CF,1,1,D,LALIGA,2023-24,openfootball
LALIGA,24/09/2023,Real Sociedad de Fútbol,Getafe CF,4,3,H,LALIGA,2023-24,openfootball
LALIGA,24/09/2023,UD Las Palmas,Granada CF,1,0,H,LALIGA,2023-24,openfootball
LALIGA,26/09/2023,RCD Mallorca,FC Barcelona,2,2,D,LALIGA,2023-24,openfootball
LALIGA,26/09/2023,Sevilla FC,UD Almería,5,1,H,LALIGA,2023-24,openfootball
LALIGA,27/09/2023,Athletic Club,Getafe CF,2,2,D,LALIGA,2023-24,openfootball
LALIGA,27/09/2023,Cádiz CF,Rayo Vallecano de Madrid,0,0,D,LALIGA,2023-24,openfootball
LALIGA,27/09/2023,Real Madrid CF,UD Las Palmas,2,0,H,LALIGA,2023-24,openfootball
LALIGA,27/09/2023,Valencia CF,Real Sociedad de Fútbol,0,1,A,LALIGA,2023-24,openfootball
LALIGA,27/09/2023,Villarreal CF,Girona FC,1,2,A,LALIGA,2023-24,openfootball
LALIGA,28/09/2023,CA Osasuna,Club Atlético de Madrid,0,2,A,LALIGA,2023-24,openfootball
LALIGA,28/09/2023,Granada CF,Real Betis Balompié,1,1,D,LALIGA,2023-24,openfootball
LALIGA,28/09/2023,RC Celta de Vigo,Deportivo Alavés,1,1,D,LALIGA,2023-24,openfootball
LALIGA,29/09/2023,FC Barcelona,Sevilla FC,1,0,H,LALIGA,2023-24,openfootball
LALIGA,30/09/2023,Getafe CF,Villarreal CF,0,0,D,LALIGA,2023-24,openfootball
LALIGA,30/09/2023,Girona FC,Real Madrid CF,0,3,A,LALIGA,2023-24,openfootball
LALIGA,30/09/2023,Rayo Vallecano de Madrid,RCD Mallorca,2,2,D,LALIGA,2023-24,openfootball
LALIGA,30/09/2023,Real Sociedad de Fútbol,Athletic Club,3,0,H,LALIGA,2023-24,openfootball
LALIGA,01/10/2023,Club Atlético de Madrid,Cádiz CF,3,2,H,LALIGA,2023-24,openfootball
LALIGA,01/10/2023,Deportivo Alavés,CA Osasuna,0,2,A,LALIGA,2023-24,openfootball
LALIGA,01/10/2023,Real Betis Balompié,Valencia CF,3,0,H,LALIGA,2023-24,openfootball
LALIGA,01/10/2023,UD Almería,Granada CF,3,3,D,LALIGA,2023-24,openfootball
LALIGA,02/10/2023,UD Las Palmas,RC Celta de Vigo,2,1,H,LALIGA,2023-24,openfootball
LALIGA,06/10/2023,Athletic Club,UD Almería,3,0,H,LALIGA,2023-24,openfootball
LALIGA,07/10/2023,Cádiz CF,Girona FC,0,1,A,LALIGA,2023-24,openfootball
LALIGA,07/10/2023,RCD Mallorca,Valencia CF,1,1,D,LALIGA,2023-24,openfootball
LALIGA,07/10/2023,Real Madrid CF,CA Osasuna,4,0,H,LALIGA,2023-24,openfootball
LALIGA,07/10/2023,Sevilla FC,Rayo Vallecano de Madrid,2,2,D,LALIGA,2023-24,openfootball
LALIGA,08/10/2023,Club Atlético de Madrid,Real Sociedad de Fútbol,2,1,H,LALIGA,2023-24,openfootball
LALIGA,08/10/2023,Deportivo Alavés,Real Betis Balompié,1,1,D,LALIGA,2023-24,openfootball
LALIGA,08/10/2023,Granada CF,FC Barcelona,2,2,D,LALIGA,2023-24,openfootball
LALIGA,08/10/2023,RC Celta de Vigo,Getafe CF,2,2,D,LALIGA,2023-24,openfootball
LALIGA,08/10/2023,Villarreal CF,UD Las Palmas,1,2,A,LALIGA,2023-24,openfootball
LALIGA,20/10/2023,CA Osasuna,Granada CF,2,0,H,LALIGA,2023-24,openfootball
LALIGA,21/10/2023,Getafe CF,Real Betis Balompié,1,1,D,LALIGA,2023-24,openfootball
LALIGA,21/10/2023,RC Celta de Vigo,Club Atlético de Madrid,0,3,A,LALIGA,2023-24,openfootball
LALIGA,21/10/2023,Real Sociedad de Fútbol,RCD Mallorca,1,0,H,LALIGA,2023-24,openfootball
LALIGA,21/10/2023,Sevilla FC,Real Madrid CF,1,1,D,LALIGA,2023-24,openfootball
LALIGA,22/10/2023,FC Barcelona,Athletic Club,1,0,H,LALIGA,2023-24,openfootball
LALIGA,22/10/2023,Girona FC,UD Almería,5,2,H,LALIGA,2023-24,openfootball
LALIGA,22/10/2023,UD Las Palmas,Rayo Vallecano de Madrid,0,1,A,LALIGA,2023-24,openfootball
LALIGA,22/10/2023,Villarreal CF,Deportivo Alavés,1,1,D,LALIGA,2023-24,openfootball
LALIGA,23/10/2023,Valencia CF,Cádiz CF,2,0,H,LALIGA,2023-24,openfootball
LALIGA,27/10/2023,Girona FC,RC Celta de Vigo,1,0,H,LALIGA,2023-24,openfootball
LALIGA,28/10/2023,Cádiz CF,Sevilla FC,2,2,D,LALIGA,2023-24,openfootball
LALIGA,28/10/2023,FC Barcelona,Real Madrid CF,1,2,A,LALIGA,2023-24,openfootball
LALIGA,28/10/2023,RCD Mallorca,Getafe CF,0,0,D,LALIGA,2023-24,openfootball
LALIGA,28/10/2023,UD Almería,UD Las Palmas,1,2,A,LALIGA,2023-24,openfootball
LALIGA,29/10/2023,Athletic Club,Valencia CF,2,2,D,LALIGA,2023-24,openfootball
LALIGA,29/10/2023,Club Atlético de Madrid,Deportivo Alavés,2,1,H,LALIGA,2023-24,openfootball
LALIGA,29/10/2023,Rayo Vallecano de Madrid,Real Sociedad de Fútbol,2,2,D,LALIGA,2023-24,openfootball
LALIGA,29/10/2023,Real Betis Balompié,CA Osasuna,2,1,H,LALIGA,2023-24,openfootball
LALIGA,30/10/2023,Granada CF,Villarreal CF,2,3,A,LALIGA,2023-24,openfootball
LALIGA,03/11/2023,UD Las Palmas,Club Atlético de Madrid,2,1,H,LALIGA,2023-24,openfootball
LALIGA,04/11/2023,CA Osasuna,Girona FC,2,4,A,LALIGA,2023-24,openfootball
LALIGA,04/11/2023,RC Celta de Vigo,Sevilla FC,1,1,D,LALIGA,2023-24,openfootball
LALIGA,04/11/2023,Real Betis Balompié,RCD Mallorca,2,0,H,LALIGA,2023-24,openfootball
LALIGA,04/11/2023,Real Sociedad de Fútbol,FC Barcelona,0,1,A,LALIGA,2023-24,openfootball
LALIGA,05/11/2023,Deportivo Alavés,UD Almería,1,0,H,LALIGA,2023-24,openfootball
LALIGA,05/11/2023,Real Madrid CF,Rayo Vallecano de Madrid,0,0,D,LALIGA,2023-24,openfootball
LALIGA,05/11/2023,Valencia CF,Granada CF,1,0,H,LALIGA,2023-24,openfootball
LALIGA,05/11/2023,Villarreal CF,Athletic Club,2,3,A,LALIGA,2023-24,openfootball
LALIGA,06/11/2023,Getafe CF,Cádiz CF,1,0,H,LALIGA,2023-24,openfootball
LALIGA,10/11/2023,Athletic Club,RC Celta de Vigo,4,3,H,LALIGA,2023-24,openfootball
LALIGA,11/11/2023,CA Osasuna,UD Las Palmas,1,1,D,LALIGA,2023-24,openfootball
LALIGA,11/11/2023,Granada CF,Getafe CF,1,1,D,LALIGA,2023-24,openfootball
LALIGA,11/11/2023,Rayo Vallecano de Madrid,Girona FC,1,2,A,LALIGA,2023-24,openfootball
LALIGA,11/11/2023,Real Madrid CF,Valencia CF,5,1,H,LALIGA,2023-24,openfootball
LALIGA,11/11/2023,UD Almería,Real Sociedad de Fútbol,1,3,A,LALIGA,2023-24,openfootball
LALIGA,12/11/2023,Club Atlético de Madrid,Villarreal CF,3,1,H,LALIGA,2023-24,openfootball
LALIGA,12/11/2023,FC Barcelona,Deportivo Alavés,2,1,H,LALIGA,2023-24,openfootball
LALIGA,12/11/2023,Sevilla FC,Real Betis Balompié,1,1,D,LALIGA,2023-24,openfootball
LALIGA,24/11/2023,Deportivo Alavés,Granada CF,3,1,H,LALIGA,2023-24,openfootball
LALIGA,25/11/2023,Club Atlético de Madrid,RCD Mallorca,1,0,H,LALIGA,2023-24,openfootball
LALIGA,25/11/2023,Getafe CF,UD Almería,2,1,H,LALIGA,2023-24,openfootball
LALIGA,25/11/2023,Rayo Vallecano de Madrid,FC Barcelona,1,1,D,LALIGA,2023-24,openfootball
LALIGA,25/11/2023,Valencia CF,RC Celta de Vigo,0,0,D,LALIGA,2023-24,openfootball
LALIGA,26/11/2023,Cádiz CF,Real Madrid CF,0,3,A,LALIGA,2023-24,openfootball
LALIGA,26/11/2023,Real Betis Balompié,UD Las Palmas,1,0,H,LALIGA,2023-24,openfootball
LALIGA,26/11/2023,Real Sociedad de Fútbol,Sevilla FC,2,1,H,LALIGA,2023-24,openfootball
LALIGA,26/11/2023,Villarreal CF,CA Osasuna,3,1,H,LALIGA,2023-24,openfootball
LALIGA,27/11/2023,Girona FC,Athletic Club,1,1,D,LALIGA,2023-24,openfootball
LALIGA,29/11/2023,RCD Mallorca,Cádiz CF,1,1,D,LALIGA,2023-24,openfootball
LALIGA,01/12/2023,UD Las Palmas,Getafe CF,2,0,H,LALIGA,2023-24,openfootball
LALIGA,02/12/2023,Athletic Club,Rayo Vallecano de Madrid,4,0,H,LALIGA,2023-24,openfootball
LALIGA,02/12/2023,CA Osasuna,Real Sociedad de Fútbol,1,1,D,LALIGA,2023-24,openfootball
LALIGA,02/12/2023,Girona FC,Valencia CF,2,1,H,LALIGA,2023-24,openfootball
LALIGA,02/12/2023,Real Madrid CF,Granada CF,2,0,H,LALIGA,2023-24,openfootball
LALIGA,03/12/2023,FC Barcelona,Club Atlético de Madrid,1,0,H,LALIGA,2023-24,openfootball
LALIGA,03/12/2023,RCD Mallorca,Deportivo Alavés,0,0,D,LALIGA,2023-24,openfootball
LALIGA,03/12/2023,Sevilla FC,Villarreal CF,1,1,D,LALIGA,2023-24,openfootball
LALIGA,03/12/2023,UD Almería,Real Betis Balompié,0,0,D,LALIGA,2023-24,openfootball
LALIGA,04/12/2023,RC Celta de Vigo,Cádiz CF,1,1,D,LALIGA,2023-24,openfootball
LALIGA,08/12/2023,Getafe CF,Valencia CF,1,0,H,LALIGA,2023-24,openfootball
LALIGA,09/12/2023,Deportivo Alavés,UD Las Palmas,0,1,A,LALIGA,2023-24,openfootball
LALIGA,09/12/2023,RCD Mallorca,Sevilla FC,1,0,H,LALIGA,2023-24,openfootball
LALIGA,09/12/2023,Real Betis Balompié,Real Madrid CF,1,1,D,LALIGA,2023-24,openfootball
LALIGA,09/12/2023,Villarreal CF,Real Sociedad de Fútbol,0,3,A,LALIGA,2023-24,openfootball
LALIGA,10/12/2023,Club Atlético de Madrid,UD Almería,2,1,H,LALIGA,2023-24,openfootball
LALIGA,10/12/2023,Cádiz CF,CA Osasuna,1,1,D,LALIGA,2023-24,openfootball
LALIGA,10/12/2023,FC Barcelona,Girona FC,2,4,A,LALIGA,2023-24,openfootball
LALIGA,11/12/2023,Granada CF,Athletic Club,1,1,D,LALIGA,2023-24,openfootball
LALIGA,11/12/2023,Rayo Vallecano de Madrid,RC Celta de Vigo,0,0,D,LALIGA,2023-24,openfootball
LALIGA,15/12/2023,CA Osasuna,Rayo Vallecano de Madrid,1,0,H,LALIGA,2023-24,openfootball
LALIGA,16/12/2023,Athletic Club,Club Atlético de Madrid,2,0,H,LALIGA,2023-24,openfootball
LALIGA,16/12/2023,RC Celta de Vigo,Granada CF,1,0,H,LALIGA,2023-24,openfootball
LALIGA,16/12/2023,Sevilla FC,Getafe CF,0,3,A,LALIGA,2023-24,openfootball
LALIGA,16/12/2023,Valencia CF,FC Barcelona,1,1,D,LALIGA,2023-24,openfootball
LALIGA,17/12/2023,Real Madrid CF,Villarreal CF,4,1,H,LALIGA,2023-24,openfootball
LALIGA,17/12/2023,Real Sociedad de Fútbol,Real Betis Balompié,0,0,D,LALIGA,2023-24,openfootball
LALIGA,17/12/2023,UD Almería,RCD Mallorca,0,0,D,LALIGA,2023-24,openfootball
LALIGA,17/12/2023,UD Las Palmas,Cádiz CF,1,1,D,LALIGA,2023-24,openfootball
LALIGA,18/12/2023,Girona FC,Deportivo Alavés,3,0,H,LALIGA,2023-24,openfootball
LALIGA,19/12/2023,Club Atlético de Madrid,Getafe CF,3,3,D,LALIGA,2023-24,openfootball
LALIGA,19/12/2023,Granada CF,Sevilla FC,0,3,A,LALIGA,2023-24,openfootball
LALIGA,19/12/2023,Rayo Vallecano de Madrid,Valencia CF,0,1,A,LALIGA,2023-24,openfootball
LALIGA,20/12/2023,Athletic Club,UD Las Palmas,1,0,H,LALIGA,2023-24,openfootball
LALIGA,20/12/2023,FC Barcelona,UD Almería,3,2,H,LALIGA,2023-24,openfootball
LALIGA,20/12/2023,Villarreal CF,RC Celta de Vigo,3,2,H,LALIGA,2023-24,openfootball
LALIGA,21/12/2023,Cádiz CF,Real Sociedad de Fútbol,0,0,D,LALIGA,2023-24,openfootball
LALIGA,21/12/2023,Deportivo Alavés,Real Madrid CF,0,1,A,LALIGA,2023-24,openfootball
LALIGA,21/12/2023,RCD Mallorca,CA Osasuna,3,2,H,LALIGA,2023-24,openfootball
LALIGA,21/12/2023,Real Betis Balompié,Girona FC,1,1,D,LALIGA,2023-24,openfootball
LALIGA,23/12/2023,Club Atlético de Madrid,Sevilla FC,1,0,H,LALIGA,2023-24,openfootball
LALIGA,02/01/2024,Getafe CF,Rayo Vallecano de Madrid,0,2,A,LALIGA,2023-24,openfootball
LALIGA,02/01/2024,Real Sociedad de Fútbol,Deportivo Alavés,1,1,D,LALIGA,2023-24,openfootball
LALIGA,02/01/2024,Valencia CF,Villarreal CF,3,1,H,LALIGA,2023-24,openfootball
LALIGA,03/01/2024,Girona FC,Club Atlético de Madrid,4,3,H,LALIGA,2023-24,openfootball
LALIGA,03/01/2024,Granada CF,Cádiz CF,2,0,H,LALIGA,2023-24,openfootball
LALIGA,03/01/2024,RC Celta de Vigo,Real Betis Balompié,2,1,H,LALIGA,2023-24,openfootball
LALIGA,03/01/2024,Real Madrid CF,RCD Mallorca,1,0,H,LALIGA,2023-24,openfootball
LALIGA,04/01/2024,CA Osasuna,UD Almería,1,0,H,LALIGA,2023-24,openfootball
LALIGA,04/01/2024,Sevilla FC,Athletic Club,0,2,A,LALIGA,2023-24,openfootball
LALIGA,04/01/2024,UD Las Palmas,FC Barcelona,1,2,A,LALIGA,2023-24,openfootball
LALIGA,12/01/2024,Sevilla FC,Deportivo Alavés,2,3,A,LALIGA,2023-24,openfootball
LALIGA,13/01/2024,Athletic Club,Real Sociedad de Fútbol,2,1,H,LALIGA,2023-24,openfootball
LALIGA,13/01/2024,RCD Mallorca,RC Celta de Vigo,1,1,D,LALIGA,2023-24,openfootball
LALIGA,13/01/2024,Real Betis Balompié,Granada CF,1,0,H,LALIGA,2023-24,openfootball
LALIGA,13/01/2024,UD Las Palmas,Villarreal CF,3,0,H,LALIGA,2023-24,openfootball
LALIGA,14/01/2024,Cádiz CF,Valencia CF,1,4,A,LALIGA,2023-24,openfootball
LALIGA,14/01/2024,UD Almería,Girona FC,0,0,D,LALIGA,2023-24,openfootball
LALIGA,19/01/2024,Deportivo Alavés,Cádiz CF,1,0,H,LALIGA,2023-24,openfootball
LALIGA,20/01/2024,RC Celta de Vigo,Real Sociedad de Fútbol,0,1,A,LALIGA,2023-24,openfootball
LALIGA,20/01/2024,Rayo Vallecano de Madrid,UD Las Palmas,0,2,A,LALIGA,2023-24,openfootball
LALIGA,20/01/2024,Valencia CF,Athletic Club,1,0,H,LALIGA,2023-24,openfootball
LALIGA,20/01/2024,Villarreal CF,RCD Mallorca,1,1,D,LALIGA,2023-24,openfootball
LALIGA,21/01/2024,CA Osasuna,Getafe CF,3,2,H,LALIGA,2023-24,openfootball
LALIGA,21/01/2024,Girona FC,Sevilla FC,5,1,H,LALIGA,2023-24,openfootball
LALIGA,21/01/2024,Real Betis Balompié,FC Barcelona,2,4,A,LALIGA,2023-24,openfootball
LALIGA,21/01/2024,Real Madrid CF,UD Almería,3,2,H,LALIGA,2023-24,openfootball
LALIGA,22/01/2024,Granada CF,Club Atlético de Madrid,0,1,A,LALIGA,2023-24,openfootball
LALIGA,26/01/2024,UD Almería,Deportivo Alavés,0,3,A,LALIGA,2023-24,openfootball
LALIGA,27/01/2024,FC Barcelona,Villarreal CF,3,5,A,LALIGA,2023-24,openfootball
LALIGA,27/01/2024,RCD Mallorca,Real Betis Balompié,0,1,A,LALIGA,2023-24,openfootball
LALIGA,27/01/2024,Real Sociedad de Fútbol,Rayo Vallecano de Madrid,0,0,D,LALIGA,2023-24,openfootball
LALIGA,27/01/2024,UD Las Palmas,Real Madrid CF,1,2,A,LALIGA,2023-24,openfootball
LALIGA,28/01/2024,Club Atlético de Madrid,Valencia CF,2,0,H,LALIGA,2023-24,openfootball
LALIGA,28/01/2024,Cádiz CF,Athletic Club,0,0,D,LALIGA,2023-24,openfootball
LALIGA,28/01/2024,RC Celta de Vigo,Girona FC,0,1,A,LALIGA,2023-24,openfootball
LALIGA,28/01/2024,Sevilla FC,CA Osasuna,1,1,D,LALIGA,2023-24,openfootball
LALIGA,29/01/2024,Getafe CF,Granada CF,2,0,H,LALIGA,2023-24,openfootball
LALIGA,31/01/2024,Club Atlético de Madrid,Rayo Vallecano de Madrid,2,1,H,LALIGA,2023-24,openfootball
LALIGA,31/01/2024,FC Barcelona,CA Osasuna,1,0,H,LALIGA,2023-24,openfootball
LALIGA,01/02/2024,Getafe CF,Real Madrid CF,0,2,A,LALIGA,2023-24,openfootball
LALIGA,02/02/2024,Athletic Club,RCD Mallorca,4,0,H,LALIGA,2023-24,openfootball
LALIGA,03/02/2024,Deportivo Alavés,FC Barcelona,1,3,A,LALIGA,2023-24,openfootball
LALIGA,03/02/2024,Girona FC,Real Sociedad de Fútbol,0,0,D,LALIGA,2023-24,openfootball
LALIGA,03/02/2024,Granada CF,UD Las Palmas,1,1,D,LALIGA,2023-24,openfootball
LALIGA,03/02/2024,Valencia CF,UD Almería,2,1,H,LALIGA,2023-24,openfootball
LALIGA,04/02/2024,CA Osasuna,RC Celta de Vigo,0,3,A,LALIGA,2023-24,openfootball
LALIGA,04/02/2024,Real Betis Balompié,Getafe CF,1,1,D,LALIGA,2023-24,openfootball
LALIGA,04/02/2024,Real Madrid CF,Club Atlético de Madrid,1,1,D,LALIGA,2023-24,openfootball
LALIGA,04/02/2024,Villarreal CF,Cádiz CF,0,0,D,LALIGA,2023-24,openfootball
LALIGA,05/02/2024,Rayo Vallecano de Madrid,Sevilla FC,1,2,A,LALIGA,2023-24,openfootball
LALIGA,09/02/2024,Cádiz CF,Real Betis Balompié,0,2,A,LALIGA,2023-24,openfootball
LALIGA,10/02/2024,Deportivo Alavés,Villarreal CF,1,1,D,LALIGA,2023-24,openfootball
LALIGA,10/02/2024,Real Madrid CF,Girona FC,4,0,H,LALIGA,2023-24,openfootball
LALIGA,10/02/2024,Real Sociedad de Fútbol,CA Osasuna,0,1,A,LALIGA,2023-24,openfootball
LALIGA,10/02/2024,UD Las Palmas,Valencia CF,2,0,H,LALIGA,2023-24,openfootball
LALIGA,11/02/2024,FC Barcelona,Granada CF,3,3,D,LALIGA,2023-24,openfootball
LALIGA,11/02/2024,Getafe CF,RC Celta de Vigo,3,2,H,LALIGA,2023-24,openfootball
LALIGA,11/02/2024,RCD Mallorca,Rayo Vallecano de Madrid,2,1,H,LALIGA,2023-24,openfootball
LALIGA,11/02/2024,Sevilla FC,Club Atlético de Madrid,1,0,H,LALIGA,2023-24,openfootball
LALIGA,12/02/2024,UD Almería,Athletic Club,0,0,D,LALIGA,2023-24,openfootball
LALIGA,16/02/2024,Villarreal CF,Getafe CF,1,1,D,LALIGA,2023-24,openfootball
LALIGA,17/02/2024,CA Osasuna,Cádiz CF,2,0,H,LALIGA,2023-24,openfootball
LALIGA,17/02/2024,Club Atlético de Madrid,UD Las Palmas,5,0,H,LALIGA,2023-24,openfootball
LALIGA,17/02/2024,RC Celta de Vigo,FC Barcelona,1,2,A,LALIGA,2023-24,openfootball
LALIGA,17/02/2024,Valencia CF,Sevilla FC,0,0,D,LALIGA,2023-24,openfootball
LALIGA,18/02/2024,Granada CF,UD Almería,1,1,D,LALIGA,2023-24,openfootball
LALIGA,18/02/2024,RCD Mallorca,Real Sociedad de Fútbol,1,2,A,LALIGA,2023-24,openfootball
LALIGA,18/02/2024,Rayo Vallecano de Madrid,Real Madrid CF,1,1,D,LALIGA,2023-24,openfootball
LALIGA,18/02/2024,Real Betis Balompié,Deportivo Alavés,0,0,D,LALIGA,2023-24,openfootball
LALIGA,19/02/2024,Athletic Club,Girona FC,3,2,H,LALIGA,2023-24,openfootball
LALIGA,23/02/2024,Real Sociedad de Fútbol,Villarreal CF,1,3,A,LALIGA,2023-24,openfootball
LALIGA,24/02/2024,Deportivo Alavés,RCD Mallorca,1,1,D,LALIGA,2023-24,openfootball
LALIGA,24/02/2024,FC Barcelona,Getafe CF,4,0,H,LALIGA,2023-24,openfootball
LALIGA,24/02/2024,UD Almería,Club Atlético de Madrid,2,2,D,LALIGA,2023-24,openfootball
LALIGA,25/02/2024,Cádiz CF,RC Celta de Vigo,2,2,D,LALIGA,2023-24,openfootball
LALIGA,25/02/2024,Real Betis Balompié,Athletic Club,3,1,H,LALIGA,2023-24,openfootball
LALIGA,25/02/2024,Real Madrid CF,Sevilla FC,1,0,H,LALIGA,2023-24,openfootball
LALIGA,25/02/2024,UD Las Palmas,CA Osasuna,1,1,D,LALIGA,2023-24,openfootball
LALIGA,26/02/2024,Girona FC,Rayo Vallecano de Madrid,3,0,H,LALIGA,2023-24,openfootball
LALIGA,01/03/2024,RC Celta de Vigo,UD Almería,1,0,H,LALIGA,2023-24,openfootball
LALIGA,02/03/2024,Getafe CF,UD Las Palmas,3,3,D,LALIGA,2023-24,openfootball
LALIGA,02/03/2024,Rayo Vallecano de Madrid,Cádiz CF,1,1,D,LALIGA,2023-24,openfootball
LALIGA,02/03/2024,Sevilla FC,Real Sociedad de Fútbol,3,2,H,LALIGA,2023-24,openfootball
LALIGA,02/03/2024,Valencia CF,Real Madrid CF,2,2,D,LALIGA,2023-24,openfootball
LALIGA,03/03/2024,Athletic Club,FC Barcelona,0,0,D,LALIGA,2023-24,openfootball
LALIGA,03/03/2024,Club Atlético de Madrid,Real Betis Balompié,2,1,H,LALIGA,2023-24,openfootball
LALIGA,03/03/2024,RCD Mallorca,Girona FC,1,0,H,LALIGA,2023-24,openfootball
LALIGA,03/03/2024,Villarreal CF,Granada CF,5,1,H,LALIGA,2023-24,openfootball
LALIGA,04/03/2024,CA Osasuna,Deportivo Alavés,1,0,H,LALIGA,2023-24,openfootball
LALIGA,08/03/2024,FC Barcelona,RCD Mallorca,1,0,H,LALIGA,2023-24,openfootball
LALIGA,09/03/2024,Cádiz CF,Club Atlético de Madrid,2,0,H,LALIGA,2023-24,openfootball
LALIGA,09/03/2024,Girona FC,CA Osasuna,2,0,H,LALIGA,2023-24,openfootball
LALIGA,09/03/2024,Granada CF,Real Sociedad de Fútbol,2,3,A,LALIGA,2023-24,openfootball
LALIGA,09/03/2024,Valencia CF,Getafe CF,1,0,H,LALIGA,2023-24,openfootball
LALIGA,10/03/2024,Deportivo Alavés,Rayo Vallecano de Madrid,1,0,H,LALIGA,2023-24,openfootball
LALIGA,10/03/2024,Real Betis Balompié,Villarreal CF,2,3,A,LALIGA,2023-24,openfootball
LALIGA,10/03/2024,Real Madrid CF,RC Celta de Vigo,4,0,H,LALIGA,2023-24,openfootball
LALIGA,10/03/2024,UD Las Palmas,Athletic Club,0,2,A,LALIGA,2023-24,openfootball
LALIGA,11/03/2024,UD Almería,Sevilla FC,2,2,D,LALIGA,2023-24,openfootball
LALIGA,15/03/2024,Real Sociedad de Fútbol,Cádiz CF,2,0,H,LALIGA,2023-24,openfootball
LALIGA,16/03/2024,Athletic Club,Deportivo Alavés,2,0,H,LALIGA,2023-24,openfootball
LALIGA,16/03/2024,CA Osasuna,Real Madrid CF,2,4,A,LALIGA,2023-24,openfootball
LALIGA,16/03/2024,Getafe CF,Girona FC,1,0,H,LALIGA,2023-24,openfootball
LALIGA,16/03/2024,RCD Mallorca,Granada CF,1,0,H,LALIGA,2023-24,openfootball
LALIGA,17/03/2024,Club Atlético de Madrid,FC Barcelona,0,3,A,LALIGA,2023-24,openfootball
LALIGA,17/03/2024,Rayo Vallecano de Madrid,Real Betis Balompié,2,0,H,LALIGA,2023-24,openfootball
LALIGA,17/03/2024,Sevilla FC,RC Celta de Vigo,1,2,A,LALIGA,2023-24,openfootball
LALIGA,17/03/2024,UD Las Palmas,UD Almería,0,1,A,LALIGA,2023-24,openfootball
LALIGA,17/03/2024,Villarreal CF,Valencia CF,1,0,H,LALIGA,2023-24,openfootball
LALIGA,29/03/2024,Cádiz CF,Granada CF,1,0,H,LALIGA,2023-24,openfootball
LALIGA,30/03/2024,FC Barcelona,UD Las Palmas,1,0,H,LALIGA,2023-24,openfootball
LALIGA,30/03/2024,Getafe CF,Sevilla FC,0,1,A,LALIGA,2023-24,openfootball
LALIGA,30/03/2024,UD Almería,CA Osasuna,0,3,A,LALIGA,2023-24,openfootball
LALIGA,30/03/2024,Valencia CF,RCD Mallorca,0,0,D,LALIGA,2023-24,openfootball
LALIGA,31/03/2024,Deportivo Alavés,Real Sociedad de Fútbol,0,1,A,LALIGA,2023-24,openfootball
LALIGA,31/03/2024,Girona FC,Real Betis Balompié,3,2,H,LALIGA,2023-24,openfootball
LALIGA,31/03/2024,RC Celta de Vigo,Rayo Vallecano de Madrid,0,0,D,LALIGA,2023-24,openfootball
LALIGA,31/03/2024,Real Madrid CF,Athletic Club,2,0,H,LALIGA,2023-24,openfootball
LALIGA,01/04/2024,Villarreal CF,Club Atlético de Madrid,1,2,A,LALIGA,2023-24,openfootball
LALIGA,04/04/2024,Granada CF,Valencia CF,0,1,A,LALIGA,2023-24,openfootball
LALIGA,12/04/2024,Real Betis Balompié,RC Celta de Vigo,2,1,H,LALIGA,2023-24,openfootball
LALIGA,13/04/2024,Club Atlético de Madrid,Girona FC,3,1,H,LALIGA,2023-24,openfootball
LALIGA,13/04/2024,Cádiz CF,FC Barcelona,0,1,A,LALIGA,2023-24,openfootball
LALIGA,13/04/2024,RCD Mallorca,Real Madrid CF,0,1,A,LALIGA,2023-24,openfootball
LALIGA,13/04/2024,Rayo Vallecano de Madrid,Getafe CF,0,0,D,LALIGA,2023-24,openfootball
LALIGA,14/04/2024,Athletic Club,Villarreal CF,1,1,D,LALIGA,2023-24,openfootball
LALIGA,14/04/2024,Granada CF,Deportivo Alavés,2,0,H,LALIGA,2023-24,openfootball
LALIGA,14/04/2024,Real Sociedad de Fútbol,UD Almería,2,2,D,LALIGA,2023-24,openfootball
LALIGA,14/04/2024,UD Las Palmas,Sevilla FC,0,2,A,LALIGA,2023-24,openfootball
LALIGA,15/04/2024,CA Osasuna,Valencia CF,0,1,A,LALIGA,2023-24,openfootball
LALIGA,19/04/2024,Athletic Club,Granada CF,1,1,D,LALIGA,2023-24,openfootball
LALIGA,20/04/2024,Girona FC,Cádiz CF,4,1,H,LALIGA,2023-24,openfootball
LALIGA,20/04/2024,RC Celta de Vigo,UD Las Palmas,4,1,H,LALIGA,2023-24,openfootball
LALIGA,20/04/2024,Rayo Vallecano de Madrid,CA Osasuna,2,1,H,LALIGA,2023-24,openfootball
LALIGA,20/04/2024,Valencia CF,Real Betis Balompié,1,2,A,LALIGA,2023-24,openfootball
LALIGA,21/04/2024,Deportivo Alavés,Club Atlético de Madrid,2,0,H,LALIGA,2023-24,openfootball
LALIGA,21/04/2024,Getafe CF,Real Sociedad de Fútbol,1,1,D,LALIGA,2023-24,openfootball
LALIGA,21/04/2024,Real Madrid CF,FC Barcelona,3,2,H,LALIGA,2023-24,openfootball
LALIGA,21/04/2024,UD Almería,Villarreal CF,1,2,A,LALIGA,2023-24,openfootball
LALIGA,22/04/2024,Sevilla FC,RCD Mallorca,2,1,H,LALIGA,2023-24,openfootball
LALIGA,26/04/2024,Real Sociedad de Fútbol,Real Madrid CF,0,1,A,LALIGA,2023-24,openfootball
LALIGA,27/04/2024,Club Atlético de Madrid,Athletic Club,3,1,H,LALIGA,2023-24,openfootball
LALIGA,27/04/2024,Deportivo Alavés,RC Celta de Vigo,3,0,H,LALIGA,2023-24,openfootball
LALIGA,27/04/2024,UD Almería,Getafe CF,1,3,A,LALIGA,2023-24,openfootball
LALIGA,27/04/2024,UD Las Palmas,Girona FC,0,2,A,LALIGA,2023-24,openfootball
LALIGA,28/04/2024,Cádiz CF,RCD Mallorca,1,1,D,LALIGA,2023-24,openfootball
LALIGA,28/04/2024,Granada CF,CA Osasuna,3,0,H,LALIGA,2023-24,openfootball
LALIGA,28/04/2024,Real Betis Balompié,Sevilla FC,1,1,D,LALIGA,2023-24,openfootball
LALIGA,28/04/2024,Villarreal CF,Rayo Vallecano de Madrid,3,0,H,LALIGA,2023-24,openfootball
LALIGA,29/04/2024,FC Barcelona,Valencia CF,4,2,H,LALIGA,2023-24,openfootball
LALIGA,03/05/2024,Getafe CF,Athletic Club,0,2,A,LALIGA,2023-24,openfootball
LALIGA,04/05/2024,Girona FC,FC Barcelona,4,2,H,LALIGA,2023-24,openfootball
LALIGA,04/05/2024,RCD Mallorca,Club Atlético de Madrid,0,1,A,LALIGA,2023-24,openfootball
LALIGA,04/05/2024,Real Madrid CF,Cádiz CF,3,0,H,LALIGA,2023-24,openfootball
LALIGA,04/05/2024,Real Sociedad de Fútbol,UD Las Palmas,2,0,H,LALIGA,2023-24,openfootball
LALIGA,05/05/2024,CA Osasuna,Real Betis Balompié,0,2,A,LALIGA,2023-24,openfootball
LALIGA,05/05/2024,RC Celta de Vigo,Villarreal CF,3,2,H,LALIGA,2023-24,openfootball
LALIGA,05/05/2024,Rayo Vallecano de Madrid,UD Almería,0,1,A,LALIGA,2023-24,openfootball
LALIGA,05/05/2024,Sevilla FC,Granada CF,3,0,H,LALIGA,2023-24,openfootball
LALIGA,05/05/2024,Valencia CF,Deportivo Alavés,0,1,A,LALIGA,2023-24,openfootball
LALIGA,10/05/2024,Deportivo Alavés,Girona FC,2,2,D,LALIGA,2023-24,openfootball
LALIGA,11/05/2024,Athletic Club,CA Osasuna,2,2,D,LALIGA,2023-24,openfootball
LALIGA,11/05/2024,Granada CF,Real Madrid CF,0,4,A,LALIGA,2023-24,openfootball
LALIGA,11/05/2024,RCD Mallorca,UD Las Palmas,1,0,H,LALIGA,2023-24,openfootball
LALIGA,11/05/2024,Villarreal CF,Sevilla FC,3,2,H,LALIGA,2023-24,openfootball
LALIGA,12/05/2024,Club Atlético de Madrid,RC Celta de Vigo,1,0,H,LALIGA,2023-24,openfootball
LALIGA,12/05/2024,Cádiz CF,Getafe CF,1,0,H,LALIGA,2023-24,openfootball
LALIGA,12/05/2024,Real Betis Balompié,UD Almería,3,2,H,LALIGA,2023-24,openfootball
LALIGA,12/05/2024,Valencia CF,Rayo Vallecano de Madrid,0,0,D,LALIGA,2023-24,openfootball
LALIGA,13/05/2024,FC Barcelona,Real Sociedad de Fútbol,2,0,H,LALIGA,2023-24,openfootball
LALIGA,14/05/2024,CA Osasuna,RCD Mallorca,1,1,D,LALIGA,2023-24,openfootball
LALIGA,14/05/2024,Girona FC,Villarreal CF,0,1,A,LALIGA,2023-24,openfootball
LALIGA,14/05/2024,Real Madrid CF,Deportivo Alavés,5,0,H,LALIGA,2023-24,openfootball
LALIGA,15/05/2024,Getafe CF,Club Atlético de Madrid,0,3,A,LALIGA,2023-24,openfootball
LALIGA,15/05/2024,RC Celta de Vigo,Athletic Club,2,1,H,LALIGA,2023-24,openfootball
LALIGA,15/05/2024,Rayo Vallecano de Madrid,Granada CF,2,1,H,LALIGA,2023-24,openfootball
LALIGA,15/05/2024,Sevilla FC,Cádiz CF,0,1,A,LALIGA,2023-24,openfootball
LALIGA,16/05/2024,Real Sociedad de Fútbol,Valencia CF,1,0,H,LALIGA,2023-24,openfootball
LALIGA,16/05/2024,UD Almería,FC Barcelona,0,2,A,LALIGA,2023-24,openfootball
LALIGA,16/05/2024,UD Las Palmas,Real Betis Balompié,2,2,D,LALIGA,2023-24,openfootball
LALIGA,18/05/2024,Deportivo Alavés,Getafe CF,1,0,H,LALIGA,2023-24,openfootball
LALIGA,19/05/2024,Athletic Club,Sevilla FC,2,0,H,LALIGA,2023-24,openfootball
LALIGA,19/05/2024,Club Atlético de Madrid,CA Osasuna,1,4,A,LALIGA,2023-24,openfootball
LALIGA,19/05/2024,Cádiz CF,UD Las Palmas,0,0,D,LALIGA,2023-24,openfootball
LALIGA,19/05/2024,FC Barcelona,Rayo Vallecano de Madrid,3,0,H,LALIGA,2023-24,openfootball
LALIGA,19/05/2024,Granada CF,RC Celta de Vigo,1,2,A,LALIGA,2023-24,openfootball
LALIGA,19/05/2024,RCD Mallorca,UD Almería,2,2,D,LALIGA,2023-24,openfootball
LALIGA,19/05/2024,Real Betis Balompié,Real Sociedad de Fútbol,0,2,A,LALIGA,2023-24,openfootball
LALIGA,19/05/2024,Valencia CF,Girona FC,1,3,A,LALIGA,2023-24,openfootball
LALIGA,19/05/2024,Villarreal CF,Real Madrid CF,4,4,D,LALIGA,2023-24,openfootball
LALIGA,24/05/2024,Girona FC,Granada CF,7,0,H,LALIGA,2023-24,openfootball
LALIGA,25/05/2024,CA Osasuna,Villarreal CF,1,1,D,LALIGA,2023-24,openfootball
LALIGA,25/05/2024,Rayo Vallecano de Madrid,Athletic Club,0,1,A,LALIGA,2023-24,openfootball
LALIGA,25/05/2024,Real Madrid CF,Real Betis Balompié,0,0,D,LALIGA,2023-24,openfootball
LALIGA,25/05/2024,Real Sociedad de Fútbol,Club Atlético de Madrid,0,2,A,LALIGA,2023-24,openfootball
LALIGA,25/05/2024,UD Almería,Cádiz CF,6,1,H,LALIGA,2023-24,openfootball
LALIGA,26/05/2024,Getafe CF,RCD Mallorca,1,2,A,LALIGA,2023-24,openfootball
LALIGA,26/05/2024,RC Celta de Vigo,Valencia CF,2,2,D,LALIGA,2023-24,openfootball
LALIGA,26/05/2024,Sevilla FC,FC Barcelona,1,2,A,LALIGA,2023-24,openfootball
LALIGA,26/05/2024,UD Las Palmas,Deportivo Alavés,1,1,D,LALIGA,2023-24,openfootball
LALIGA,15/08/2024,Athletic Club,Getafe CF,1,1,D,LALIGA,2024-25,openfootball
LALIGA,15/08/2024,Real Betis Balompié,Girona FC,1,1,D,LALIGA,2024-25,openfootball
LALIGA,16/08/2024,RC Celta de Vigo,Deportivo Alavés,2,1,H,LALIGA,2024-25,openfootball
LALIGA,16/08/2024,UD Las Palmas,Sevilla FC,2,2,D,LALIGA,2024-25,openfootball
LALIGA,17/08/2024,CA Osasuna,CD Leganés,1,1,D,LALIGA,2024-25,openfootball
LALIGA,17/08/2024,Valencia CF,FC Barcelona,1,2,A,LALIGA,2024-25,openfootball
LALIGA,18/08/2024,RCD Mallorca,Real Madrid CF,1,1,D,LALIGA,2024-25,openfootball
LALIGA,18/08/2024,Real Sociedad de Fútbol,Rayo Vallecano de Madrid,1,2,A,LALIGA,2024-25,openfootball
LALIGA,19/08/2024,Real Valladolid CF,RCD Espanyol de Barcelona,1,0,H,LALIGA,2024-25,openfootball
LALIGA,19/08/2024,Villarreal CF,Club Atlético de Madrid,2,2,D,LALIGA,2024-25,openfootball
LALIGA,23/08/2024,RC Celta de Vigo,Valencia CF,3,1,H,LALIGA,2024-25,openfootball
LALIGA,23/08/2024,Sevilla FC,Villarreal CF,1,2,A,LALIGA,2024-25,openfootball
LALIGA,24/08/2024,CA Osasuna,RCD Mallorca,1,0,H,LALIGA,2024-25,openfootball
LALIGA,24/08/2024,FC Barcelona,Athletic Club,2,1,H,LALIGA,2024-25,openfootball
LALIGA,24/08/2024,Getafe CF,Rayo Vallecano de Madrid,0,0,D,LALIGA,2024-25,openfootball
LALIGA,24/08/2024,RCD Espanyol de Barcelona,Real Sociedad de Fútbol,0,1,A,LALIGA,2024-25,openfootball
LALIGA,25/08/2024,CD Leganés,UD Las Palmas,2,1,H,LALIGA,2024-25,openfootball
LALIGA,25/08/2024,Club Atlético de Madrid,Girona FC,3,0,H,LALIGA,2024-25,openfootball
LALIGA,25/08/2024,Deportivo Alavés,Real Betis Balompié,0,0,D,LALIGA,2024-25,openfootball
LALIGA,25/08/2024,Real Madrid CF,Real Valladolid CF,3,0,H,LALIGA,2024-25,openfootball
LALIGA,26/08/2024,Villarreal CF,RC Celta de Vigo,4,3,H,LALIGA,2024-25,openfootball
LALIGA,27/08/2024,RCD Mallorca,Sevilla FC,0,0,D,LALIGA,2024-25,openfootball
LALIGA,27/08/2024,Rayo Vallecano de Madrid,FC Barcelona,1,2,A,LALIGA,2024-25,openfootball
LALIGA,28/08/2024,Athletic Club,Valencia CF,1,0,H,LALIGA,2024-25,openfootball
LALIGA,28/08/2024,Club Atlético de Madrid,RCD Espanyol de Barcelona,0,0,D,LALIGA,2024-25,openfootball
LALIGA,28/08/2024,Real Sociedad de Fútbol,Deportivo Alavés,1,2,A,LALIGA,2024-25,openfootball
LALIGA,28/08/2024,Real Valladolid CF,CD Leganés,0,0,D,LALIGA,2024-25,openfootball
LALIGA,29/08/2024,Girona FC,CA Osasuna,4,0,H,LALIGA,2024-25,openfootball
LALIGA,29/08/2024,UD Las Palmas,Real Madrid CF,1,1,D,LALIGA,2024-25,openfootball
LALIGA,31/08/2024,Athletic Club,Club Atlético de Madrid,0,1,A,LALIGA,2024-25,openfootball
LALIGA,31/08/2024,CD Leganés,RCD Mallorca,0,1,A,LALIGA,2024-25,openfootball
LALIGA,31/08/2024,FC Barcelona,Real Valladolid CF,7,0,H,LALIGA,2024-25,openfootball
LALIGA,31/08/2024,RCD Espanyol de Barcelona,Rayo Vallecano de Madrid,2,1,H,LALIGA,2024-25,openfootball
LALIGA,31/08/2024,Valencia CF,Villarreal CF,1,1,D,LALIGA,2024-25,openfootball
LALIGA,01/09/2024,CA Osasuna,RC Celta de Vigo,3,2,H,LALIGA,2024-25,openfootball
LALIGA,01/09/2024,Deportivo Alavés,UD Las Palmas,2,0,H,LALIGA,2024-25,openfootball
LALIGA,01/09/2024,Getafe CF,Real Sociedad de Fútbol,0,0,D,LALIGA,2024-25,openfootball
LALIGA,01/09/2024,Real Madrid CF,Real Betis Balompié,2,0,H,LALIGA,2024-25,openfootball
LALIGA,01/09/2024,Sevilla FC,Girona FC,0,2,A,LALIGA,2024-25,openfootball
LALIGA,13/09/2024,Real Betis Balompié,CD Leganés,2,0,H,LALIGA,2024-25,openfootball
LALIGA,14/09/2024,RCD Espanyol de Barcelona,Deportivo Alavés,3,2,H,LALIGA,2024-25,openfootball
LALIGA,14/09/2024,RCD Mallorca,Villarreal CF,1,2,A,LALIGA,2024-25,openfootball
LALIGA,14/09/2024,Real Sociedad de Fútbol,Real Madrid CF,0,2,A,LALIGA,2024-25,openfootball
LALIGA,14/09/2024,Sevilla FC,Getafe CF,1,0,H,LALIGA,2024-25,openfootball
LALIGA,15/09/2024,Club Atlético de Madrid,Valencia CF,3,0,H,LALIGA,2024-25,openfootball
LALIGA,15/09/2024,Girona FC,FC Barcelona,1,4,A,LALIGA,2024-25,openfootball
LALIGA,15/09/2024,RC Celta de Vigo,Real Valladolid CF,3,1,H,LALIGA,2024-25,openfootball
LALIGA,15/09/2024,UD Las Palmas,Athletic Club,2,3,A,LALIGA,2024-25,openfootball
LALIGA,16/09/2024,Rayo Vallecano de Madrid,CA Osasuna,3,1,H,LALIGA,2024-25,openfootball
LALIGA,17/09/2024,RCD Mallorca,Real Sociedad de Fútbol,1,0,H,LALIGA,2024-25,openfootball
LALIGA,18/09/2024,Real Betis Balompié,Getafe CF,2,1,H,LALIGA,2024-25,openfootball
LALIGA,19/09/2024,CD Leganés,Athletic Club,0,2,A,LALIGA,2024-25,openfootball
LALIGA,20/09/2024,Deportivo Alavés,Sevilla FC,2,1,H,LALIGA,2024-25,openfootball
LALIGA,21/09/2024,CA Osasuna,UD Las Palmas,2,1,H,LALIGA,2024-25,openfootball
LALIGA,21/09/2024,Real Madrid CF,RCD Espanyol de Barcelona,4,1,H,LALIGA,2024-25,openfootball
LALIGA,21/09/2024,Real Valladolid CF,Real Sociedad de Fútbol,0,0,D,LALIGA,2024-25,openfootball
LALIGA,21/09/2024,Valencia CF,Girona FC,2,0,H,LALIGA,2024-25,openfootball
LALIGA,22/09/2024,Athletic Club,RC Celta de Vigo,3,1,H,LALIGA,2024-25,openfootball
LALIGA,22/09/2024,Getafe CF,CD Leganés,1,1,D,LALIGA,2024-25,openfootball
LALIGA,22/09/2024,Rayo Vallecano de Madrid,Club Atlético de Madrid,1,1,D,LALIGA,2024-25,openfootball
LALIGA,22/09/2024,Villarreal CF,FC Barcelona,1,5,A,LALIGA,2024-25,openfootball
LALIGA,23/09/2024,Real Betis Balompié,RCD Mallorca,1,2,A,LALIGA,2024-25,openfootball
LALIGA,24/09/2024,Real Madrid CF,Deportivo Alavés,3,2,H,LALIGA,2024-25,openfootball
LALIGA,24/09/2024,Sevilla FC,Real Valladolid CF,2,1,H,LALIGA,2024-25,openfootball
LALIGA,24/09/2024,Valencia CF,CA Osasuna,0,0,D,LALIGA,2024-25,openfootball
LALIGA,25/09/2024,FC Barcelona,Getafe CF,1,0,H,LALIGA,2024-25,openfootball
LALIGA,25/09/2024,Girona FC,Rayo Vallecano de Madrid,0,0,D,LALIGA,2024-25,openfootball
LALIGA,26/09/2024,RC Celta de Vigo,Club Atlético de Madrid,0,1,A,LALIGA,2024-25,openfootball
LALIGA,26/09/2024,RCD Espanyol de Barcelona,Villarreal CF,1,2,A,LALIGA,2024-25,openfootball
LALIGA,26/09/2024,UD Las Palmas,Real Betis Balompié,1,1,D,LALIGA,2024-25,openfootball
LALIGA,27/09/2024,Real Valladolid CF,RCD Mallorca,1,2,A,LALIGA,2024-25,openfootball
LALIGA,28/09/2024,CA Osasuna,FC Barcelona,4,2,H,LALIGA,2024-25,openfootball
LALIGA,28/09/2024,Getafe CF,Deportivo Alavés,2,0,H,LALIGA,2024-25,openfootball
LALIGA,28/09/2024,Rayo Vallecano de Madrid,CD Leganés,1,1,D,LALIGA,2024-25,openfootball
LALIGA,28/09/2024,Real Sociedad de Fútbol,Valencia CF,3,0,H,LALIGA,2024-25,openfootball
LALIGA,29/09/2024,Athletic Club,Sevilla FC,1,1,D,LALIGA,2024-25,openfootball
LALIGA,29/09/2024,Club Atlético de Madrid,Real Madrid CF,1,1,D,LALIGA,2024-25,openfootball
LALIGA,29/09/2024,RC Celta de Vigo,Girona FC,1,1,D,LALIGA,2024-25,openfootball
LALIGA,29/09/2024,Real Betis Balompié,RCD Espanyol de Barcelona,1,0,H,LALIGA,2024-25,openfootball
LALIGA,30/09/2024,Villarreal CF,UD Las Palmas,3,1,H,LALIGA,2024-25,openfootball
LALIGA,04/10/2024,CD Leganés,Valencia CF,0,0,D,LALIGA,2024-25,openfootball
LALIGA,05/10/2024,Getafe CF,CA Osasuna,1,1,D,LALIGA,2024-25,openfootball
LALIGA,05/10/2024,RCD Espanyol de Barcelona,RCD Mallorca,2,1,H,LALIGA,2024-25,openfootball
LALIGA,05/10/2024,Real Madrid CF,Villarreal CF,2,0,H,LALIGA,2024-25,openfootball
LALIGA,05/10/2024,Real Valladolid CF,Rayo Vallecano de Madrid,1,2,A,LALIGA,2024-25,openfootball
LALIGA,05/10/2024,UD Las Palmas,RC Celta de Vigo,0,1,A,LALIGA,2024-25,openfootball
LALIGA,06/10/2024,Deportivo Alavés,FC Barcelona,0,3,A,LALIGA,2024-25,openfootball
LALIGA,06/10/2024,Girona FC,Athletic Club,2,1,H,LALIGA,2024-25,openfootball
LALIGA,06/10/2024,Real Sociedad de Fútbol,Club Atlético de Madrid,1,1,D,LALIGA,2024-25,openfootball
LALIGA,06/10/2024,Sevilla FC,Real Betis Balompié,1,0,H,LALIGA,2024-25,openfootball
LALIGA,18/10/2024,Deportivo Alavés,Real Valladolid CF,2,3,A,LALIGA,2024-25,openfootball
LALIGA,19/10/2024,Athletic Club,RCD Espanyol de Barcelona,4,1,H,LALIGA,2024-25,openfootball
LALIGA,19/10/2024,CA Osasuna,Real Betis Balompié,1,2,A,LALIGA,2024-25,openfootball
LALIGA,19/10/2024,Girona FC,Real Sociedad de Fútbol,0,1,A,LALIGA,2024-25,openfootball
LALIGA,19/10/2024,RC Celta de Vigo,Real Madrid CF,1,2,A,LALIGA,2024-25,openfootball
LALIGA,20/10/2024,Club Atlético de Madrid,CD Leganés,3,1,H,LALIGA,2024-25,openfootball
LALIGA,20/10/2024,FC Barcelona,Sevilla FC,5,1,H,LALIGA,2024-25,openfootball
LALIGA,20/10/2024,RCD Mallorca,Rayo Vallecano de Madrid,1,0,H,LALIGA,2024-25,openfootball
LALIGA,20/10/2024,Villarreal CF,Getafe CF,1,1,D,LALIGA,2024-25,openfootball
LALIGA,21/10/2024,Valencia CF,UD Las Palmas,2,3,A,LALIGA,2024-25,openfootball
LALIGA,25/10/2024,RCD Espanyol de Barcelona,Sevilla FC,0,2,A,LALIGA,2024-25,openfootball
LALIGA,26/10/2024,Rayo Vallecano de Madrid,Deportivo Alavés,1,0,H,LALIGA,2024-25,openfootball
LALIGA,26/10/2024,Real Madrid CF,FC Barcelona,0,4,A,LALIGA,2024-25,openfootball
LALIGA,26/10/2024,Real Valladolid CF,Villarreal CF,1,2,A,LALIGA,2024-25,openfootball
LALIGA,26/10/2024,UD Las Palmas,Girona FC,1,0,H,LALIGA,2024-25,openfootball
LALIGA,27/10/2024,CD Leganés,RC Celta de Vigo,3,0,H,LALIGA,2024-25,openfootball
LALIGA,27/10/2024,Getafe CF,Valencia CF,1,1,D,LALIGA,2024-25,openfootball
LALIGA,27/10/2024,Real Betis Balompié,Club Atlético de Madrid,1,0,H,LALIGA,2024-25,openfootball
LALIGA,27/10/2024,Real Sociedad de Fútbol,CA Osasuna,0,2,A,LALIGA,2024-25,openfootball
LALIGA,28/10/2024,RCD Mallorca,Athletic Club,0,0,D,LALIGA,2024-25,openfootball
LALIGA,01/11/2024,Deportivo Alavés,RCD Mallorca,1,0,H,LALIGA,2024-25,openfootball
LALIGA,02/11/2024,CA Osasuna,Real Valladolid CF,1,0,H,LALIGA,2024-25,openfootball
LALIGA,02/11/2024,Girona FC,CD Leganés,4,3,H,LALIGA,2024-25,openfootball
LALIGA,03/11/2024,Athletic Club,Real Betis Balompié,1,1,D,LALIGA,2024-25,openfootball
LALIGA,03/11/2024,Club Atlético de Madrid,UD Las Palmas,2,0,H,LALIGA,2024-25,openfootball
LALIGA,03/11/2024,FC Barcelona,RCD Espanyol de Barcelona,3,1,H,LALIGA,2024-25,openfootball
LALIGA,03/11/2024,Sevilla FC,Real Sociedad de Fútbol,0,2,A,LALIGA,2024-25,openfootball
LALIGA,04/11/2024,RC Celta de Vigo,Getafe CF,1,0,H,LALIGA,2024-25,openfootball
LALIGA,08/11/2024,Rayo Vallecano de Madrid,UD Las Palmas,1,3,A,LALIGA,2024-25,openfootball
LALIGA,09/11/2024,CD Leganés,Sevilla FC,1,0,H,LALIGA,2024-25,openfootball
LALIGA,09/11/2024,Real Madrid CF,CA Osasuna,4,0,H,LALIGA,2024-25,openfootball
LALIGA,09/11/2024,Villarreal CF,Deportivo Alavés,3,0,H,LALIGA,2024-25,openfootball
LALIGA,10/11/2024,Getafe CF,Girona FC,0,1,A,LALIGA,2024-25,openfootball
LALIGA,10/11/2024,RCD Mallorca,Club Atlético de Madrid,0,1,A,LALIGA,2024-25,openfootball
LALIGA,10/11/2024,Real Betis Balompié,RC Celta de Vigo,2,2,D,LALIGA,2024-25,openfootball
LALIGA,10/11/2024,Real Sociedad de Fútbol,FC Barcelona,1,0,H,LALIGA,2024-25,openfootball
LALIGA,10/11/2024,Real Valladolid CF,Athletic Club,1,1,D,LALIGA,2024-25,openfootball
LALIGA,22/11/2024,Getafe CF,Real Valladolid CF,2,0,H,LALIGA,2024-25,openfootball
LALIGA,23/11/2024,Club Atlético de Madrid,Deportivo Alavés,2,1,H,LALIGA,2024-25,openfootball
LALIGA,23/11/2024,Girona FC,RCD Espanyol de Barcelona,4,1,H,LALIGA,2024-25,openfootball
LALIGA,23/11/2024,RC Celta de Vigo,FC Barcelona,2,2,D,LALIGA,2024-25,openfootball
LALIGA,23/11/2024,UD Las Palmas,RCD Mallorca,2,3,A,LALIGA,2024-25,openfootball
LALIGA,23/11/2024,Valencia CF,Real Betis Balompié,4,2,H,LALIGA,2024-25,openfootball
LALIGA,24/11/2024,Athletic Club,Real Sociedad de Fútbol,1,0,H,LALIGA,2024-25,openfootball
LALIGA,24/11/2024,CA Osasuna,Villarreal CF,2,2,D,LALIGA,2024-25,openfootball
LALIGA,24/11/2024,CD Leganés,Real Madrid CF,0,3,A,LALIGA,2024-25,openfootball
LALIGA,24/11/2024,Sevilla FC,Rayo Vallecano de Madrid,1,0,H,LALIGA,2024-25,openfootball
LALIGA,29/11/2024,RCD Mallorca,Valencia CF,2,1,H,LALIGA,2024-25,openfootball
LALIGA,30/11/2024,Deportivo Alavés,CD Leganés,1,1,D,LALIGA,2024-25,openfootball
LALIGA,30/11/2024,FC Barcelona,UD Las Palmas,1,2,A,LALIGA,2024-25,openfootball
LALIGA,30/11/2024,RCD Espanyol de Barcelona,RC Celta de Vigo,3,1,H,LALIGA,2024-25,openfootball
LALIGA,30/11/2024,Real Valladolid CF,Club Atlético de Madrid,0,5,A,LALIGA,2024-25,openfootball
LALIGA,01/12/2024,Rayo Vallecano de Madrid,Athletic Club,1,2,A,LALIGA,2024-25,openfootball
LALIGA,01/12/2024,Real Madrid CF,Getafe CF,2,0,H,LALIGA,2024-25,openfootball
LALIGA,01/12/2024,Real Sociedad de Fútbol,Real Betis Balompié,2,0,H,LALIGA,2024-25,openfootball
LALIGA,01/12/2024,Villarreal CF,Girona FC,2,2,D,LALIGA,2024-25,openfootball
LALIGA,02/12/2024,Sevilla FC,CA Osasuna,1,1,D,LALIGA,2024-25,openfootball
LALIGA,03/12/2024,RCD Mallorca,FC Barcelona,1,5,A,LALIGA,2024-25,openfootball
LALIGA,04/12/2024,Athletic Club,Real Madrid CF,2,1,H,LALIGA,2024-25,openfootball
LALIGA,06/12/2024,RC Celta de Vigo,RCD Mallorca,2,0,H,LALIGA,2024-25,openfootball
LALIGA,07/12/2024,Girona FC,Real Madrid CF,0,3,A,LALIGA,2024-25,openfootball
LALIGA,07/12/2024,Real Betis Balompié,FC Barcelona,2,2,D,LALIGA,2024-25,openfootball
LALIGA,07/12/2024,UD Las Palmas,Real Valladolid CF,2,1,H,LALIGA,2024-25,openfootball
LALIGA,07/12/2024,Valencia CF,Rayo Vallecano de Madrid,0,1,A,LALIGA,2024-25,openfootball
LALIGA,08/12/2024,Athletic Club,Villarreal CF,2,0,H,LALIGA,2024-25,openfootball
LALIGA,08/12/2024,CA Osasuna,Deportivo Alavés,2,2,D,LALIGA,2024-25,openfootball
LALIGA,08/12/2024,CD Leganés,Real Sociedad de Fútbol,0,3,A,LALIGA,2024-25,openfootball
LALIGA,08/12/2024,Club Atlético de Madrid,Sevilla FC,4,3,H,LALIGA,2024-25,openfootball
LALIGA,09/12/2024,Getafe CF,RCD Espanyol de Barcelona,1,0,H,LALIGA,2024-25,openfootball
LALIGA,13/12/2024,Real Valladolid CF,Valencia CF,1,0,H,LALIGA,2024-25,openfootball
LALIGA,14/12/2024,RCD Espanyol de Barcelona,CA Osasuna,0,0,D,LALIGA,2024-25,openfootball
LALIGA,14/12/2024,RCD Mallorca,Girona FC,2,1,H,LALIGA,2024-25,openfootball
LALIGA,14/12/2024,Rayo Vallecano de Madrid,Real Madrid CF,3,3,D,LALIGA,2024-25,openfootball
LALIGA,14/12/2024,Sevilla FC,RC Celta de Vigo,1,0,H,LALIGA,2024-25,openfootball
LALIGA,15/12/2024,Club Atlético de Madrid,Getafe CF,1,0,H,LALIGA,2024-25,openfootball
LALIGA,15/12/2024,Deportivo Alavés,Athletic Club,1,1,D,LALIGA,2024-25,openfootball
LALIGA,15/12/2024,FC Barcelona,CD Leganés,0,1,A,LALIGA,2024-25,openfootball
LALIGA,15/12/2024,Real Sociedad de Fútbol,UD Las Palmas,0,0,D,LALIGA,2024-25,openfootball
LALIGA,15/12/2024,Villarreal CF,Real Betis Balompié,1,2,A,LALIGA,2024-25,openfootball
LALIGA,18/12/2024,RCD Espanyol de Barcelona,Valencia CF,1,1,D,LALIGA,2024-25,openfootball
LALIGA,18/12/2024,Villarreal CF,Rayo Vallecano de Madrid,1,1,D,LALIGA,2024-25,openfootball
LALIGA,20/12/2024,Girona FC,Real Valladolid CF,3,0,H,LALIGA,2024-25,openfootball
LALIGA,21/12/2024,CA Osasuna,Athletic Club,1,2,A,LALIGA,2024-25,openfootball
LALIGA,21/12/2024,FC Barcelona,Club Atlético de Madrid,1,2,A,LALIGA,2024-25,openfootball
LALIGA,21/12/2024,Getafe CF,RCD Mallorca,0,1,A,LALIGA,2024-25,openfootball
LALIGA,21/12/2024,RC Celta de Vigo,Real Sociedad de Fútbol,2,0,H,LALIGA,2024-25,openfootball
LALIGA,22/12/2024,CD Leganés,Villarreal CF,2,5,A,LALIGA,2024-25,openfootball
LALIGA,22/12/2024,Real Betis Balompié,Rayo Vallecano de Madrid,1,1,D,LALIGA,2024-25,openfootball
LALIGA,22/12/2024,Real Madrid CF,Sevilla FC,4,2,H,LALIGA,2024-25,openfootball
LALIGA,22/12/2024,UD Las Palmas,RCD Espanyol de Barcelona,1,0,H,LALIGA,2024-25,openfootball
LALIGA,22/12/2024,Valencia CF,Deportivo Alavés,2,2,D,LALIGA,2024-25,openfootball
LALIGA,03/01/2025,Valencia CF,Real Madrid CF,1,2,A,LALIGA,2024-25,openfootball
LALIGA,10/01/2025,Rayo Vallecano de Madrid,RC Celta de Vigo,2,1,H,LALIGA,2024-25,openfootball
LALIGA,11/01/2025,Deportivo Alavés,Girona FC,0,1,A,LALIGA,2024-25,openfootball
LALIGA,11/01/2025,RCD Espanyol de Barcelona,CD Leganés,1,1,D,LALIGA,2024-25,openfootball
LALIGA,11/01/2025,Real Valladolid CF,Real Betis Balompié,1,0,H,LALIGA,2024-25,openfootball
LALIGA,11/01/2025,Sevilla FC,Valencia CF,1,1,D,LALIGA,2024-25,openfootball
LALIGA,12/01/2025,Club Atlético de Madrid,CA Osasuna,1,0,H,LALIGA,2024-25,openfootball
LALIGA,12/01/2025,UD Las Palmas,Getafe CF,1,2,A,LALIGA,2024-25,openfootball
LALIGA,13/01/2025,Real Sociedad de Fútbol,Villarreal CF,1,0,H,LALIGA,2024-25,openfootball
LALIGA,17/01/2025,RCD Espanyol de Barcelona,Real Valladolid CF,2,1,H,LALIGA,2024-25,openfootball
LALIGA,18/01/2025,CD Leganés,Club Atlético de Madrid,1,0,H,LALIGA,2024-25,openfootball
LALIGA,18/01/2025,Getafe CF,FC Barcelona,1,1,D,LALIGA,2024-25,openfootball
LALIGA,18/01/2025,Girona FC,Sevilla FC,1,2,A,LALIGA,2024-25,openfootball
LALIGA,18/01/2025,Real Betis Balompié,Deportivo Alavés,1,3,A,LALIGA,2024-25,openfootball
LALIGA,19/01/2025,CA Osasuna,Rayo Vallecano de Madrid,1,1,D,LALIGA,2024-25,openfootball
LALIGA,19/01/2025,RC Celta de Vigo,Athletic Club,1,2,A,LALIGA,2024-25,openfootball
LALIGA,19/01/2025,Real Madrid CF,UD Las Palmas,4,1,H,LALIGA,2024-25,openfootball
LALIGA,19/01/2025,Valencia CF,Real Sociedad de Fútbol,1,0,H,LALIGA,2024-25,openfootball
LALIGA,20/01/2025,Villarreal CF,RCD Mallorca,4,0,H,LALIGA,2024-25,openfootball
LALIGA,24/01/2025,UD Las Palmas,CA Osasuna,1,1,D,LALIGA,2024-25,openfootball
LALIGA,25/01/2025,Club Atlético de Madrid,Villarreal CF,1,1,D,LALIGA,2024-25,openfootball
LALIGA,25/01/2025,RCD Mallorca,Real Betis Balompié,0,1,A,LALIGA,2024-25,openfootball
LALIGA,25/01/2025,Real Valladolid CF,Real Madrid CF,0,3,A,LALIGA,2024-25,openfootball
LALIGA,25/01/2025,Sevilla FC,RCD Espanyol de Barcelona,1,1,D,LALIGA,2024-25,openfootball
LALIGA,26/01/2025,Athletic Club,CD Leganés,0,0,D,LALIGA,2024-25,openfootball
LALIGA,26/01/2025,FC Barcelona,Valencia CF,7,1,H,LALIGA,2024-25,openfootball
LALIGA,26/01/2025,Rayo Vallecano de Madrid,Girona FC,2,1,H,LALIGA,2024-25,openfootball
LALIGA,26/01/2025,Real Sociedad de Fútbol,Getafe CF,0,3,A,LALIGA,2024-25,openfootball
LALIGA,27/01/2025,Deportivo Alavés,RC Celta de Vigo,1,1,D,LALIGA,2024-25,openfootball
LALIGA,31/01/2025,CD Leganés,Rayo Vallecano de Madrid,0,1,A,LALIGA,2024-25,openfootball
LALIGA,01/02/2025,Club Atlético de Madrid,RCD Mallorca,2,0,H,LALIGA,2024-25,openfootball
LALIGA,01/02/2025,Getafe CF,Sevilla FC,0,0,D,LALIGA,2024-25,openfootball
LALIGA,01/02/2025,RCD Espanyol de Barcelona,Real Madrid CF,1,0,H,LALIGA,2024-25,openfootball
LALIGA,01/02/2025,Villarreal CF,Real Valladolid CF,5,1,H,LALIGA,2024-25,openfootball
LALIGA,02/02/2025,CA Osasuna,Real Sociedad de Fútbol,2,1,H,LALIGA,2024-25,openfootball
LALIGA,02/02/2025,FC Barcelona,Deportivo Alavés,1,0,H,LALIGA,2024-25,openfootball
LALIGA,02/02/2025,Real Betis Balompié,Athletic Club,2,2,D,LALIGA,2024-25,openfootball
LALIGA,02/02/2025,Valencia CF,RC Celta de Vigo,2,1,H,LALIGA,2024-25,openfootball
LALIGA,03/02/2025,Girona FC,UD Las Palmas,2,1,H,LALIGA,2024-25,openfootball
LALIGA,07/02/2025,Rayo Vallecano de Madrid,Real Valladolid CF,1,0,H,LALIGA,2024-25,openfootball
LALIGA,08/02/2025,Athletic Club,Girona FC,3,0,H,LALIGA,2024-25,openfootball
LALIGA,08/02/2025,RC Celta de Vigo,Real Betis Balompié,3,2,H,LALIGA,2024-25,openfootball
LALIGA,08/02/2025,Real Madrid CF,Club Atlético de Madrid,1,1,D,LALIGA,2024-25,openfootball
LALIGA,08/02/2025,UD Las Palmas,Villarreal CF,1,2,A,LALIGA,2024-25,openfootball
LALIGA,09/02/2025,Deportivo Alavés,Getafe CF,0,1,A,LALIGA,2024-25,openfootball
LALIGA,09/02/2025,Real Sociedad de Fútbol,RCD Espanyol de Barcelona,2,1,H,LALIGA,2024-25,openfootball
LALIGA,09/02/2025,Sevilla FC,FC Barcelona,1,4,A,LALIGA,2024-25,openfootball
LALIGA,09/02/2025,Valencia CF,CD Leganés,2,0,H,LALIGA,2024-25,openfootball
LALIGA,10/02/2025,RCD Mallorca,CA Osasuna,1,1,D,LALIGA,2024-25,openfootball
LALIGA,14/02/2025,Girona FC,Getafe CF,1,2,A,LALIGA,2024-25,openfootball
LALIGA,15/02/2025,CA Osasuna,Real Madrid CF,1,1,D,LALIGA,2024-25,openfootball
LALIGA,15/02/2025,CD Leganés,Deportivo Alavés,3,3,D,LALIGA,2024-25,openfootball
LALIGA,15/02/2025,Club Atlético de Madrid,RC Celta de Vigo,1,1,D,LALIGA,2024-25,openfootball
LALIGA,15/02/2025,Villarreal CF,Valencia CF,1,1,D,LALIGA,2024-25,openfootball
LALIGA,16/02/2025,RCD Espanyol de Barcelona,Athletic Club,1,1,D,LALIGA,2024-25,openfootball
LALIGA,16/02/2025,RCD Mallorca,UD Las Palmas,3,1,H,LALIGA,2024-25,openfootball
LALIGA,16/02/2025,Real Betis Balompié,Real Sociedad de Fútbol,3,0,H,LALIGA,2024-25,openfootball
LALIGA,16/02/2025,Real Valladolid CF,Sevilla FC,0,4,A,LALIGA,2024-25,openfootball
LALIGA,17/02/2025,FC Barcelona,Rayo Vallecano de Madrid,1,0,H,LALIGA,2024-25,openfootball
LALIGA,21/02/2025,RC Celta de Vigo,CA Osasuna,1,0,H,LALIGA,2024-25,openfootball
LALIGA,22/02/2025,Deportivo Alavés,RCD Espanyol de Barcelona,0,1,A,LALIGA,2024-25,openfootball
LALIGA,22/02/2025,Rayo Vallecano de Madrid,Villarreal CF,0,1,A,LALIGA,2024-25,openfootball
LALIGA,22/02/2025,UD Las Palmas,FC Barcelona,0,2,A,LALIGA,2024-25,openfootball
LALIGA,22/02/2025,Valencia CF,Club Atlético de Madrid,0,3,A,LALIGA,2024-25,openfootball
LALIGA,23/02/2025,Athletic Club,Real Valladolid CF,7,1,H,LALIGA,2024-25,openfootball
LALIGA,23/02/2025,Getafe CF,Real Betis Balompié,1,2,A,LALIGA,2024-25,openfootball
LALIGA,23/02/2025,Real Madrid CF,Girona FC,2,0,H,LALIGA,2024-25,openfootball
LALIGA,23/02/2025,Real Sociedad de Fútbol,CD Leganés,3,0,H,LALIGA,2024-25,openfootball
LALIGA,24/02/2025,Sevilla FC,RCD Mallorca,1,1,D,LALIGA,2024-25,openfootball
LALIGA,28/02/2025,Real Valladolid CF,UD Las Palmas,1,1,D,LALIGA,2024-25,openfootball
LALIGA,01/03/2025,Club Atlético de Madrid,Athletic Club,1,0,H,LALIGA,2024-25,openfootball
LALIGA,01/03/2025,Girona FC,RC Celta de Vigo,2,2,D,LALIGA,2024-25,openfootball
LALIGA,01/03/2025,Rayo Vallecano de Madrid,Sevilla FC,1,1,D,LALIGA,2024-25,openfootball
LALIGA,01/03/2025,Real Betis Balompié,Real Madrid CF,2,1,H,LALIGA,2024-25,openfootball
LALIGA,02/03/2025,CA Osasuna,Valencia CF,3,3,D,LALIGA,2024-25,openfootball
LALIGA,02/03/2025,CD Leganés,Getafe CF,1,0,H,LALIGA,2024-25,openfootball
LALIGA,02/03/2025,FC Barcelona,Real Sociedad de Fútbol,4,0,H,LALIGA,2024-25,openfootball
LALIGA,02/03/2025,RCD Mallorca,Deportivo Alavés,1,1,D,LALIGA,2024-25,openfootball
LALIGA,08/03/2025,Deportivo Alavés,Villarreal CF,1,0,H,LALIGA,2024-25,openfootball
LALIGA,08/03/2025,RC Celta de Vigo,CD Leganés,2,1,H,LALIGA,2024-25,openfootball
LALIGA,08/03/2025,Valencia CF,Real Valladolid CF,2,1,H,LALIGA,2024-25,openfootball
LALIGA,09/03/2025,Athletic Club,RCD Mallorca,1,1,D,LALIGA,2024-25,openfootball
LALIGA,09/03/2025,Getafe CF,Club Atlético de Madrid,2,1,H,LALIGA,2024-25,openfootball
LALIGA,09/03/2025,Real Betis Balompié,UD Las Palmas,1,0,H,LALIGA,2024-25,openfootball
LALIGA,09/03/2025,Real Madrid CF,Rayo Vallecano de Madrid,2,1,H,LALIGA,2024-25,openfootball
LALIGA,09/03/2025,Real Sociedad de Fútbol,Sevilla FC,0,1,A,LALIGA,2024-25,openfootball
LALIGA,10/03/2025,RCD Espanyol de Barcelona,Girona FC,1,1,D,LALIGA,2024-25,openfootball
LALIGA,14/03/2025,UD Las Palmas,Deportivo Alavés,2,2,D,LALIGA,2024-25,openfootball
LALIGA,15/03/2025,Girona FC,Valencia CF,1,1,D,LALIGA,2024-25,openfootball
LALIGA,15/03/2025,RCD Mallorca,RCD Espanyol de Barcelona,2,1,H,LALIGA,2024-25,openfootball
LALIGA,15/03/2025,Real Valladolid CF,RC Celta de Vigo,0,1,A,LALIGA,2024-25,openfootball
LALIGA,15/03/2025,Villarreal CF,Real Madrid CF,1,2,A,LALIGA,2024-25,openfootball
LALIGA,16/03/2025,CA Osasuna,Getafe CF,1,2,A,LALIGA,2024-25,openfootball
LALIGA,16/03/2025,CD Leganés,Real Betis Balompié,2,3,A,LALIGA,2024-25,openfootball
LALIGA,16/03/2025,Club Atlético de Madrid,FC Barcelona,2,4,A,LALIGA,2024-25,openfootball
LALIGA,16/03/2025,Rayo Vallecano de Madrid,Real Sociedad de Fútbol,2,2,D,LALIGA,2024-25,openfootball
LALIGA,16/03/2025,Sevilla FC,Athletic Club,0,1,A,LALIGA,2024-25,openfootball
LALIGA,27/03/2025,FC Barcelona,CA Osasuna,3,0,H,LALIGA,2024-25,openfootball
LALIGA,29/03/2025,Deportivo Alavés,Rayo Vallecano de Madrid,0,2,A,LALIGA,2024-25,openfootball
LALIGA,29/03/2025,RCD Espanyol de Barcelona,Club Atlético de Madrid,1,1,D,LALIGA,2024-25,openfootball
LALIGA,29/03/2025,Real Madrid CF,CD Leganés,3,2,H,LALIGA,2024-25,openfootball
LALIGA,29/03/2025,Real Sociedad de Fútbol,Real Valladolid CF,2,1,H,LALIGA,2024-25,openfootball
LALIGA,30/03/2025,Athletic Club,CA Osasuna,0,0,D,LALIGA,2024-25,openfootball
LALIGA,30/03/2025,FC Barcelona,Girona FC,4,1,H,LALIGA,2024-25,openfootball
LALIGA,30/03/2025,Getafe CF,Villarreal CF,1,2,A,LALIGA,2024-25,openfootball
LALIGA,30/03/2025,Real Betis Balompié,Sevilla FC,2,1,H,LALIGA,2024-25,openfootball
LALIGA,30/03/2025,Valencia CF,RCD Mallorca,1,0,H,LALIGA,2024-25,openfootball
LALIGA,31/03/2025,RC Celta de Vigo,UD Las Palmas,1,1,D,LALIGA,2024-25,openfootball
LALIGA,04/04/2025,Rayo Vallecano de Madrid,RCD Espanyol de Barcelona,0,4,A,LALIGA,2024-25,openfootball
LALIGA,05/04/2025,FC Barcelona,Real Betis Balompié,1,1,D,LALIGA,2024-25,openfootball
LALIGA,05/04/2025,Girona FC,Deportivo Alavés,0,1,A,LALIGA,2024-25,openfootball
LALIGA,05/04/2025,RCD Mallorca,RC Celta de Vigo,1,2,A,LALIGA,2024-25,openfootball
LALIGA,05/04/2025,Real Madrid CF,Valencia CF,1,2,A,LALIGA,2024-25,openfootball
LALIGA,06/04/2025,Real Valladolid CF,Getafe CF,0,4,A,LALIGA,2024-25,openfootball
LALIGA,06/04/2025,Sevilla FC,Club Atlético de Madrid,1,2,A,LALIGA,2024-25,openfootball
LALIGA,06/04/2025,UD Las Palmas,Real Sociedad de Fútbol,1,3,A,LALIGA,2024-25,openfootball
LALIGA,06/04/2025,Villarreal CF,Athletic Club,0,0,D,LALIGA,2024-25,openfootball
LALIGA,07/04/2025,CD Leganés,CA Osasuna,1,1,D,LALIGA,2024-25,openfootball
LALIGA,11/04/2025,Valencia CF,Sevilla FC,1,0,H,LALIGA,2024-25,openfootball
LALIGA,12/04/2025,CD Leganés,FC Barcelona,0,1,A,LALIGA,2024-25,openfootball
LALIGA,12/04/2025,Getafe CF,UD Las Palmas,1,3,A,LALIGA,2024-25,openfootball
LALIGA,12/04/2025,RC Celta de Vigo,RCD Espanyol de Barcelona,0,2,A,LALIGA,2024-25,openfootball
LALIGA,12/04/2025,Real Sociedad de Fútbol,RCD Mallorca,0,2,A,LALIGA,2024-25,openfootball
LALIGA,13/04/2025,Athletic Club,Rayo Vallecano de Madrid,3,1,H,LALIGA,2024-25,openfootball
LALIGA,13/04/2025,CA Osasuna,Girona FC,2,1,H,LALIGA,2024-25,openfootball
LALIGA,13/04/2025,Deportivo Alavés,Real Madrid CF,0,1,A,LALIGA,2024-25,openfootball
LALIGA,13/04/2025,Real Betis Balompié,Villarreal CF,1,2,A,LALIGA,2024-25,openfootball
LALIGA,14/04/2025,Club Atlético de Madrid,Real Valladolid CF,4,2,H,LALIGA,2024-25,openfootball
LALIGA,18/04/2025,RCD Espanyol de Barcelona,Getafe CF,1,0,H,LALIGA,2024-25,openfootball
LALIGA,19/04/2025,FC Barcelona,RC Celta de Vigo,4,3,H,LALIGA,2024-25,openfootball
LALIGA,19/04/2025,RCD Mallorca,CD Leganés,0,0,D,LALIGA,2024-25,openfootball
LALIGA,19/04/2025,Rayo Vallecano de Madrid,Valencia CF,1,1,D,LALIGA,2024-25,openfootball
LALIGA,19/04/2025,UD Las Palmas,Club Atlético de Madrid,1,0,H,LALIGA,2024-25,openfootball
LALIGA,20/04/2025,Real Madrid CF,Athletic Club,1,0,H,LALIGA,2024-25,openfootball
LALIGA,20/04/2025,Real Valladolid CF,CA Osasuna,2,3,A,LALIGA,2024-25,openfootball
LALIGA,20/04/2025,Sevilla FC,Deportivo Alavés,1,1,D,LALIGA,2024-25,openfootball
LALIGA,20/04/2025,Villarreal CF,Real Sociedad de Fútbol,2,2,D,LALIGA,2024-25,openfootball
LALIGA,21/04/2025,Girona FC,Real Betis Balompié,1,3,A,LALIGA,2024-25,openfootball
LALIGA,22/04/2025,FC Barcelona,RCD Mallorca,1,0,H,LALIGA,2024-25,openfootball
LALIGA,22/04/2025,Valencia CF,RCD Espanyol de Barcelona,1,1,D,LALIGA,2024-25,openfootball
LALIGA,23/04/2025,Athletic Club,UD Las Palmas,1,0,H,LALIGA,2024-25,openfootball
LALIGA,23/04/2025,Deportivo Alavés,Real Sociedad de Fútbol,1,0,H,LALIGA,2024-25,openfootball
LALIGA,23/04/2025,Getafe CF,Real Madrid CF,0,1,A,LALIGA,2024-25,openfootball
LALIGA,23/04/2025,RC Celta de Vigo,Villarreal CF,3,0,H,LALIGA,2024-25,openfootball
LALIGA,24/04/2025,CA Osasuna,Sevilla FC,1,0,H,LALIGA,2024-25,openfootball
LALIGA,24/04/2025,CD Leganés,Girona FC,1,1,D,LALIGA,2024-25,openfootball
LALIGA,24/04/2025,Club Atlético de Madrid,Rayo Vallecano de Madrid,3,0,H,LALIGA,2024-25,openfootball
LALIGA,24/04/2025,Real Betis Balompié,Real Valladolid CF,5,1,H,LALIGA,2024-25,openfootball
LALIGA,27/04/2025,Villarreal CF,RCD Espanyol de Barcelona,1,0,H,LALIGA,2024-25,openfootball
LALIGA,02/05/2025,Rayo Vallecano de Madrid,Getafe CF,1,0,H,LALIGA,2024-25,openfootball
LALIGA,03/05/2025,Deportivo Alavés,Club Atlético de Madrid,0,0,D,LALIGA,2024-25,openfootball
LALIGA,03/05/2025,Real Valladolid CF,FC Barcelona,1,2,A,LALIGA,2024-25,openfootball
LALIGA,03/05/2025,UD Las Palmas,Valencia CF,2,3,A,LALIGA,2024-25,openfootball
LALIGA,03/05/2025,Villarreal CF,CA Osasuna,4,2,H,LALIGA,2024-25,openfootball
LALIGA,04/05/2025,RCD Espanyol de Barcelona,Real Betis Balompié,1,2,A,LALIGA,2024-25,openfootball
LALIGA,04/05/2025,Real Madrid CF,RC Celta de Vigo,3,2,H,LALIGA,2024-25,openfootball
LALIGA,04/05/2025,Real Sociedad de Fútbol,Athletic Club,0,0,D,LALIGA,2024-25,openfootball
LALIGA,04/05/2025,Sevilla FC,CD Leganés,2,2,D,LALIGA,2024-25,openfootball
LALIGA,05/05/2025,Girona FC,RCD Mallorca,1,0,H,LALIGA,2024-25,openfootball
LALIGA,09/05/2025,UD Las Palmas,Rayo Vallecano de Madrid,0,1,A,LALIGA,2024-25,openfootball
LALIGA,10/05/2025,Club Atlético de Madrid,Real Sociedad de Fútbol,4,0,H,LALIGA,2024-25,openfootball
LALIGA,10/05/2025,Girona FC,Villarreal CF,0,1,A,LALIGA,2024-25,openfootball
LALIGA,10/05/2025,RC Celta de Vigo,Sevilla FC,3,2,H,LALIGA,2024-25,openfootball
LALIGA,10/05/2025,RCD Mallorca,Real Valladolid CF,2,1,H,LALIGA,2024-25,openfootball
LALIGA,10/05/2025,Valencia CF,Getafe CF,3,0,H,LALIGA,2024-25,openfootball
LALIGA,11/05/2025,Athletic Club,Deportivo Alavés,1,0,H,LALIGA,2024-25,openfootball
LALIGA,11/05/2025,CD Leganés,RCD Espanyol de Barcelona,3,2,H,LALIGA,2024-25,openfootball
LALIGA,11/05/2025,FC Barcelona,Real Madrid CF,4,3,H,LALIGA,2024-25,openfootball
LALIGA,11/05/2025,Real Betis Balompié,CA Osasuna,1,1,D,LALIGA,2024-25,openfootball
LALIGA,13/05/2025,Real Sociedad de Fútbol,RC Celta de Vigo,0,1,A,LALIGA,2024-25,openfootball
LALIGA,13/05/2025,Real Valladolid CF,Girona FC,0,1,A,LALIGA,2024-25,openfootball
LALIGA,13/05/2025,Sevilla FC,UD Las Palmas,1,0,H,LALIGA,2024-25,openfootball
LALIGA,14/05/2025,Deportivo Alavés,Valencia CF,1,0,H,LALIGA,2024-25,openfootball
LALIGA,14/05/2025,Real Madrid CF,RCD Mallorca,2,1,H,LALIGA,2024-25,openfootball
LALIGA,14/05/2025,Villarreal CF,CD Leganés,3,0,H,LALIGA,2024-25,openfootball
LALIGA,15/05/2025,CA Osasuna,Club Atlético de Madrid,2,0,H,LALIGA,2024-25,openfootball
LALIGA,15/05/2025,Getafe CF,Athletic Club,0,2,A,LALIGA,2024-25,openfootball
LALIGA,15/05/2025,RCD Espanyol de Barcelona,FC Barcelona,0,2,A,LALIGA,2024-25,openfootball
LALIGA,15/05/2025,Rayo Vallecano de Madrid,Real Betis Balompié,2,2,D,LALIGA,2024-25,openfootball
LALIGA,18/05/2025,CA Osasuna,RCD Espanyol de Barcelona,2,0,H,LALIGA,2024-25,openfootball
LALIGA,18/05/2025,Club Atlético de Madrid,Real Betis Balompié,4,1,H,LALIGA,2024-25,openfootball
LALIGA,18/05/2025,FC Barcelona,Villarreal CF,2,3,A,LALIGA,2024-25,openfootball
LALIGA,18/05/2025,RC Celta de Vigo,Rayo Vallecano de Madrid,1,2,A,LALIGA,2024-25,openfootball
LALIGA,18/05/2025,RCD Mallorca,Getafe CF,1,2,A,LALIGA,2024-25,openfootball
LALIGA,18/05/2025,Real Sociedad de Fútbol,Girona FC,3,2,H,LALIGA,2024-25,openfootball
LALIGA,18/05/2025,Real Valladolid CF,Deportivo Alavés,0,1,A,LALIGA,2024-25,openfootball
LALIGA,18/05/2025,Sevilla FC,Real Madrid CF,0,2,A,LALIGA,2024-25,openfootball
LALIGA,18/05/2025,UD Las Palmas,CD Leganés,0,1,A,LALIGA,2024-25,openfootball
LALIGA,18/05/2025,Valencia CF,Athletic Club,0,1,A,LALIGA,2024-25,openfootball
LALIGA,15/08/2025,Girona FC,Rayo Vallecano de Madrid,1,3,A,LALIGA,2025-26,openfootball
LALIGA,15/08/2025,Villarreal CF,Real Oviedo,2,0,H,LALIGA,2025-26,openfootball
LALIGA,16/08/2025,Deportivo Alavés,Levante UD,2,1,H,LALIGA,2025-26,openfootball
LALIGA,16/08/2025,RCD Mallorca,FC Barcelona,0,3,A,LALIGA,2025-26,openfootball
LALIGA,16/08/2025,Valencia CF,Real Sociedad de Fútbol,1,1,D,LALIGA,2025-26,openfootball
LALIGA,17/08/2025,Athletic Club,Sevilla FC,3,2,H,LALIGA,2025-26,openfootball
LALIGA,17/08/2025,RC Celta de Vigo,Getafe CF,0,2,A,LALIGA,2025-26,openfootball
LALIGA,17/08/2025,RCD Espanyol de Barcelona,Club Atlético de Madrid,2,1,H,LALIGA,2025-26,openfootball
LALIGA,18/08/2025,Elche CF,Real Betis Balompié,1,1,D,LALIGA,2025-26,openfootball
LALIGA,19/08/2025,Real Madrid CF,CA Osasuna,1,0,H,LALIGA,2025-26,openfootball
LALIGA,22/08/2025,Real Betis Balompié,Deportivo Alavés,1,0,H,LALIGA,2025-26,openfootball
LALIGA,23/08/2025,Club Atlético de Madrid,Elche CF,1,1,D,LALIGA,2025-26,openfootball
LALIGA,23/08/2025,Levante UD,FC Barcelona,2,3,A,LALIGA,2025-26,openfootball
LALIGA,23/08/2025,RCD Mallorca,RC Celta de Vigo,1,1,D,LALIGA,2025-26,openfootball
LALIGA,24/08/2025,CA Osasuna,Valencia CF,1,0,H,LALIGA,2025-26,openfootball
LALIGA,24/08/2025,Real Oviedo,Real Madrid CF,0,3,A,LALIGA,2025-26,openfootball
LALIGA,24/08/2025,Real Sociedad de Fútbol,RCD Espanyol de Barcelona,2,2,D,LALIGA,2025-26,openfootball
LALIGA,24/08/2025,Villarreal CF,Girona FC,5,0,H,LALIGA,2025-26,openfootball
LALIGA,25/08/2025,Athletic Club,Rayo Vallecano de Madrid,1,0,H,LALIGA,2025-26,openfootball
LALIGA,25/08/2025,Sevilla FC,Getafe CF,1,2,A,LALIGA,2025-26,openfootball
LALIGA,27/08/2025,RC Celta de Vigo,Real Betis Balompié,1,1,D,LALIGA,2025-26,openfootball
LALIGA,29/08/2025,Elche CF,Levante UD,2,0,H,LALIGA,2025-26,openfootball
LALIGA,29/08/2025,Valencia CF,Getafe CF,3,0,H,LALIGA,2025-26,openfootball
LALIGA,30/08/2025,Deportivo Alavés,Club Atlético de Madrid,1,1,D,LALIGA,2025-26,openfootball
LALIGA,30/08/2025,Girona FC,Sevilla FC,0,2,A,LALIGA,2025-26,openfootball
LALIGA,30/08/2025,Real Madrid CF,RCD Mallorca,2,1,H,LALIGA,2025-26,openfootball
LALIGA,30/08/2025,Real Oviedo,Real Sociedad de Fútbol,1,0,H,LALIGA,2025-26,openfootball
LALIGA,31/08/2025,RC Celta de Vigo,Villarreal CF,1,1,D,LALIGA,2025-26,openfootball
LALIGA,31/08/2025,RCD Espanyol de Barcelona,CA Osasuna,1,0,H,LALIGA,2025-26,openfootball
LALIGA,31/08/2025,Rayo Vallecano de Madrid,FC Barcelona,1,1,D,LALIGA,2025-26,openfootball
LALIGA,31/08/2025,Real Betis Balompié,Athletic Club,1,2,A,LALIGA,2025-26,openfootball
LALIGA,12/09/2025,Sevilla FC,Elche CF,2,2,D,LALIGA,2025-26,openfootball
LALIGA,13/09/2025,Athletic Club,Deportivo Alavés,0,1,A,LALIGA,2025-26,openfootball
LALIGA,13/09/2025,Club Atlético de Madrid,Villarreal CF,2,0,H,LALIGA,2025-26,openfootball
LALIGA,13/09/2025,Getafe CF,Real Oviedo,2,0,H,LALIGA,2025-26,openfootball
LALIGA,13/09/2025,Real Sociedad de Fútbol,Real Madrid CF,1,2,A,LALIGA,2025-26,openfootball
LALIGA,14/09/2025,CA Osasuna,Rayo Vallecano de Madrid,2,0,H,LALIGA,2025-26,openfootball
LALIGA,14/09/2025,FC Barcelona,Valencia CF,6,0,H,LALIGA,2025-26,openfootball
LALIGA,14/09/2025,Levante UD,Real Betis Balompié,2,2,D,LALIGA,2025-26,openfootball
LALIGA,14/09/2025,RC Celta de Vigo,Girona FC,1,1,D,LALIGA,2025-26,openfootball
LALIGA,15/09/2025,RCD Espanyol de Barcelona,RCD Mallorca,3,2,H,LALIGA,2025-26,openfootball
LALIGA,19/09/2025,Real Betis Balompié,Real Sociedad de Fútbol,3,1,H,LALIGA,2025-26,openfootball
LALIGA,20/09/2025,Deportivo Alavés,Sevilla FC,1,2,A,LALIGA,2025-26,openfootball
LALIGA,20/09/2025,Girona FC,Levante UD,0,4,A,LALIGA,2025-26,openfootball
LALIGA,20/09/2025,Real Madrid CF,RCD Espanyol de Barcelona,2,0,H,LALIGA,2025-26,openfootball
LALIGA,20/09/2025,Valencia CF,Athletic Club,2,0,H,LALIGA,2025-26,openfootball
LALIGA,20/09/2025,Villarreal CF,CA Osasuna,2,1,H,LALIGA,2025-26,openfootball
LALIGA,21/09/2025,Elche CF,Real Oviedo,1,0,H,LALIGA,2025-26,openfootball
LALIGA,21/09/2025,FC Barcelona,Getafe CF,3,0,H,LALIGA,2025-26,openfootball
LALIGA,21/09/2025,RCD Mallorca,Club Atlético de Madrid,1,1,D,LALIGA,2025-26,openfootball
LALIGA,21/09/2025,Rayo Vallecano de Madrid,RC Celta de Vigo,1,1,D,LALIGA,2025-26,openfootball
LALIGA,23/09/2025,Athletic Club,Girona FC,1,1,D,LALIGA,2025-26,openfootball
LALIGA,23/09/2025,Levante UD,Real Madrid CF,1,4,A,LALIGA,2025-26,openfootball
LALIGA,23/09/2025,RCD Espanyol de Barcelona,Valencia CF,2,2,D,LALIGA,2025-26,openfootball
LALIGA,23/09/2025,Sevilla FC,Villarreal CF,1,2,A,LALIGA,2025-26,openfootball
LALIGA,24/09/2025,Club Atlético de Madrid,Rayo Vallecano de Madrid,3,2,H,LALIGA,2025-26,openfootball
LALIGA,24/09/2025,Getafe CF,Deportivo Alavés,1,1,D,LALIGA,2025-26,openfootball
LALIGA,24/09/2025,Real Sociedad de Fútbol,RCD Mallorca,1,0,H,LALIGA,2025-26,openfootball
LALIGA,25/09/2025,CA Osasuna,Elche CF,1,1,D,LALIGA,2025-26,openfootball
LALIGA,25/09/2025,Real Oviedo,FC Barcelona,1,3,A,LALIGA,2025-26,openfootball
LALIGA,27/09/2025,Club Atlético de Madrid,Real Madrid CF,5,2,H,LALIGA,2025-26,openfootball
LALIGA,27/09/2025,Getafe CF,Levante UD,1,1,D,LALIGA,2025-26,openfootball
LALIGA,27/09/2025,RCD Mallorca,Deportivo Alavés,1,0,H,LALIGA,2025-26,openfootball
LALIGA,27/09/2025,Villarreal CF,Athletic Club,1,0,H,LALIGA,2025-26,openfootball
LALIGA,28/09/2025,Elche CF,RC Celta de Vigo,2,1,H,LALIGA,2025-26,openfootball
LALIGA,28/09/2025,FC Barcelona,Real Sociedad de Fútbol,2,1,H,LALIGA,2025-26,openfootball
LALIGA,28/09/2025,Rayo Vallecano de Madrid,Sevilla FC,0,1,A,LALIGA,2025-26,openfootball
LALIGA,28/09/2025,Real Betis Balompié,CA Osasuna,2,0,H,LALIGA,2025-26,openfootball
LALIGA,30/09/2025,Valencia CF,Real Oviedo,1,2,A,LALIGA,2025-26,openfootball
LALIGA,03/10/2025,CA Osasuna,Getafe CF,2,1,H,LALIGA,2025-26,openfootball
LALIGA,04/10/2025,Athletic Club,RCD Mallorca,2,1,H,LALIGA,2025-26,openfootball
LALIGA,04/10/2025,Girona FC,Valencia CF,2,1,H,LALIGA,2025-26,openfootball
LALIGA,04/10/2025,Real Madrid CF,Villarreal CF,3,1,H,LALIGA,2025-26,openfootball
LALIGA,04/10/2025,Real Oviedo,Levante UD,0,2,A,LALIGA,2025-26,openfootball
LALIGA,05/10/2025,Deportivo Alavés,Elche CF,3,1,H,LALIGA,2025-26,openfootball
LALIGA,05/10/2025,RC Celta de Vigo,Club Atlético de Madrid,1,1,D,LALIGA,2025-26,openfootball
LALIGA,05/10/2025,RCD Espanyol de Barcelona,Real Betis Balompié,1,2,A,LALIGA,2025-26,openfootball
LALIGA,05/10/2025,Real Sociedad de Fútbol,Rayo Vallecano de Madrid,0,1,A,LALIGA,2025-26,openfootball
LALIGA,05/10/2025,Sevilla FC,FC Barcelona,4,1,H,LALIGA,2025-26,openfootball
LALIGA,17/10/2025,Real Oviedo,RCD Espanyol de Barcelona,0,2,A,LALIGA,2025-26,openfootball
LALIGA,18/10/2025,Club Atlético de Madrid,CA Osasuna,1,0,H,LALIGA,2025-26,openfootball
LALIGA,18/10/2025,FC Barcelona,Girona FC,2,1,H,LALIGA,2025-26,openfootball
LALIGA,18/10/2025,Sevilla FC,RCD Mallorca,1,3,A,LALIGA,2025-26,openfootball
LALIGA,18/10/2025,Villarreal CF,Real Betis Balompié,2,2,D,LALIGA,2025-26,openfootball
LALIGA,19/10/2025,Getafe CF,Real Madrid CF,0,1,A,LALIGA,2025-26,openfootball
LALIGA,19/10/2025,Levante UD,Rayo Vallecano de Madrid,0,3,A,LALIGA,2025-26,openfootball
LALIGA,19/10/2025,RC Celta de Vigo,Real Sociedad de Fútbol,1,1,D,LALIGA,2025-26,openfootball
LALIGA,24/10/2025,Real Sociedad de Fútbol,Sevilla FC,2,1,H,LALIGA,2025-26,openfootball
LALIGA,25/10/2025,Athletic Club,Getafe CF,0,1,A,LALIGA,2025-26,openfootball
LALIGA,25/10/2025,Girona FC,Real Oviedo,3,3,D,LALIGA,2025-26,openfootball
LALIGA,25/10/2025,RCD Espanyol de Barcelona,Elche CF,1,0,H,LALIGA,2025-26,openfootball
LALIGA,25/10/2025,Valencia CF,Villarreal CF,0,2,A,LALIGA,2025-26,openfootball
LALIGA,26/10/2025,CA Osasuna,RC Celta de Vigo,2,3,A,LALIGA,2025-26,openfootball
LALIGA,26/10/2025,RCD Mallorca,Levante UD,1,1,D,LALIGA,2025-26,openfootball
LALIGA,26/10/2025,Rayo Vallecano de Madrid,Deportivo Alavés,1,0,H,LALIGA,2025-26,openfootball
LALIGA,26/10/2025,Real Madrid CF,FC Barcelona,2,1,H,LALIGA,2025-26,openfootball
LALIGA,27/10/2025,Real Betis Balompié,Club Atlético de Madrid,0,2,A,LALIGA,2025-26,openfootball
LALIGA,31/10/2025,Getafe CF,Girona FC,2,1,H,LALIGA,2025-26,openfootball
LALIGA,01/11/2025,Club Atlético de Madrid,Sevilla FC,3,0,H,LALIGA,2025-26,openfootball
LALIGA,01/11/2025,Real Madrid CF,Valencia CF,4,0,H,LALIGA,2025-26,openfootball
LALIGA,01/11/2025,Real Sociedad de Fútbol,Athletic Club,3,2,H,LALIGA,2025-26,openfootball
LALIGA,01/11/2025,Villarreal CF,Rayo Vallecano de Madrid,4,0,H,LALIGA,2025-26,openfootball
LALIGA,02/11/2025,Deportivo Alavés,RCD Espanyol de Barcelona,2,1,H,LALIGA,2025-26,openfootball
LALIGA,02/11/2025,FC Barcelona,Elche CF,3,1,H,LALIGA,2025-26,openfootball
LALIGA,02/11/2025,Levante UD,RC Celta de Vigo,1,2,A,LALIGA,2025-26,openfootball
LALIGA,02/11/2025,Real Betis Balompié,RCD Mallorca,3,0,H,LALIGA,2025-26,openfootball
LALIGA,07/11/2025,Elche CF,Real Sociedad de Fútbol,1,1,D,LALIGA,2025-26,openfootball
LALIGA,08/11/2025,Club Atlético de Madrid,Levante UD,3,1,H,LALIGA,2025-26,openfootball
LALIGA,08/11/2025,Girona FC,Deportivo Alavés,1,0,H,LALIGA,2025-26,openfootball
LALIGA,08/11/2025,RCD Espanyol de Barcelona,Villarreal CF,0,2,A,LALIGA,2025-26,openfootball
LALIGA,08/11/2025,Sevilla FC,CA Osasuna,1,0,H,LALIGA,2025-26,openfootball
LALIGA,09/11/2025,Athletic Club,Real Oviedo,1,0,H,LALIGA,2025-26,openfootball
LALIGA,09/11/2025,RC Celta de Vigo,FC Barcelona,2,4,A,LALIGA,2025-26,openfootball
LALIGA,09/11/2025,RCD Mallorca,Getafe CF,1,0,H,LALIGA,2025-26,openfootball
LALIGA,09/11/2025,Valencia CF,Real Betis Balompié,1,1,D,LALIGA,2025-26,openfootball
LALIGA,21/11/2025,Valencia CF,Levante UD,1,0,H,LALIGA,2025-26,openfootball
LALIGA,22/11/2025,CA Osasuna,Real Sociedad de Fútbol,1,3,A,LALIGA,2025-26,openfootball
LALIGA,22/11/2025,Deportivo Alavés,RC Celta de Vigo,0,1,A,LALIGA,2025-26,openfootball
LALIGA,22/11/2025,FC Barcelona,Athletic Club,4,0,H,LALIGA,2025-26,openfootball
LALIGA,22/11/2025,Villarreal CF,RCD Mallorca,2,1,H,LALIGA,2025-26,openfootball
LALIGA,23/11/2025,Elche CF,Real Madrid CF,2,2,D,LALIGA,2025-26,openfootball
LALIGA,23/11/2025,Getafe CF,Club Atlético de Madrid,0,1,A,LALIGA,2025-26,openfootball
LALIGA,23/11/2025,Real Betis Balompié,Girona FC,1,1,D,LALIGA,2025-26,openfootball
LALIGA,24/11/2025,RCD Espanyol de Barcelona,Sevilla FC,2,1,H,LALIGA,2025-26,openfootball
LALIGA,28/11/2025,Getafe CF,Elche CF,1,0,H,LALIGA,2025-26,openfootball
LALIGA,29/11/2025,Club Atlético de Madrid,Real Oviedo,2,0,H,LALIGA,2025-26,openfootball
LALIGA,29/11/2025,FC Barcelona,Deportivo Alavés,3,1,H,LALIGA,2025-26,openfootball
LALIGA,29/11/2025,Levante UD,Athletic Club,0,2,A,LALIGA,2025-26,openfootball
LALIGA,29/11/2025,RCD Mallorca,CA Osasuna,2,2,D,LALIGA,2025-26,openfootball
LALIGA,30/11/2025,Girona FC,Real Madrid CF,1,1,D,LALIGA,2025-26,openfootball
LALIGA,30/11/2025,RC Celta de Vigo,RCD Espanyol de Barcelona,0,1,A,LALIGA,2025-26,openfootball
LALIGA,30/11/2025,Real Sociedad de Fútbol,Villarreal CF,2,3,A,LALIGA,2025-26,openfootball
LALIGA,30/11/2025,Sevilla FC,Real Betis Balompié,0,2,A,LALIGA,2025-26,openfootball
LALIGA,01/12/2025,Rayo Vallecano de Madrid,Valencia CF,1,1,D,LALIGA,2025-26,openfootball
LALIGA,02/12/2025,FC Barcelona,Club Atlético de Madrid,3,1,H,LALIGA,2025-26,openfootball
LALIGA,03/12/2025,Athletic Club,Real Madrid CF,0,3,A,LALIGA,2025-26,openfootball
LALIGA,06/12/2025,Athletic Club,Club Atlético de Madrid,1,0,H,LALIGA,2025-26,openfootball
LALIGA,06/12/2025,Deportivo Alavés,Real Sociedad de Fútbol,1,0,H,LALIGA,2025-26,openfootball
LALIGA,06/12/2025,Real Betis Balompié,FC Barcelona,3,5,A,LALIGA,2025-26,openfootball
LALIGA,06/12/2025,Villarreal CF,Getafe CF,2,0,H,LALIGA,2025-26,openfootball
LALIGA,07/12/2025,Elche CF,Girona FC,3,0,H,LALIGA,2025-26,openfootball
LALIGA,07/12/2025,RCD Espanyol de Barcelona,Rayo Vallecano de Madrid,1,0,H,LALIGA,2025-26,openfootball
LALIGA,07/12/2025,Real Madrid CF,RC Celta de Vigo,0,2,A,LALIGA,2025-26,openfootball
LALIGA,07/12/2025,Valencia CF,Sevilla FC,1,1,D,LALIGA,2025-26,openfootball
LALIGA,08/12/2025,CA Osasuna,Levante UD,2,0,H,LALIGA,2025-26,openfootball
LALIGA,12/12/2025,Real Sociedad de Fútbol,Girona FC,1,2,A,LALIGA,2025-26,openfootball
LALIGA,13/12/2025,Club Atlético de Madrid,Valencia CF,2,1,H,LALIGA,2025-26,openfootball
LALIGA,13/12/2025,FC Barcelona,CA Osasuna,2,0,H,LALIGA,2025-26,openfootball
LALIGA,13/12/2025,Getafe CF,RCD Espanyol de Barcelona,0,1,A,LALIGA,2025-26,openfootball
LALIGA,13/12/2025,RCD Mallorca,Elche CF,3,1,H,LALIGA,2025-26,openfootball
LALIGA,14/12/2025,Deportivo Alavés,Real Madrid CF,1,2,A,LALIGA,2025-26,openfootball
LALIGA,14/12/2025,RC Celta de Vigo,Athletic Club,2,0,H,LALIGA,2025-26,openfootball
LALIGA,14/12/2025,Sevilla FC,Real Oviedo,4,0,H,LALIGA,2025-26,openfootball
LALIGA,19/12/2025,Valencia CF,RCD Mallorca,1,1,D,LALIGA,2025-26,openfootball
LALIGA,20/12/2025,CA Osasuna,Deportivo Alavés,3,0,H,LALIGA,2025-26,openfootball
LALIGA,20/12/2025,Levante UD,Real Sociedad de Fútbol,1,1,D,LALIGA,2025-26,openfootball
LALIGA,20/12/2025,Real Madrid CF,Sevilla FC,2,0,H,LALIGA,2025-26,openfootball
LALIGA,21/12/2025,Elche CF,Rayo Vallecano de Madrid,4,0,H,LALIGA,2025-26,openfootball
LALIGA,21/12/2025,Girona FC,Club Atlético de Madrid,0,3,A,LALIGA,2025-26,openfootball
LALIGA,21/12/2025,Real Betis Balompié,Getafe CF,4,0,H,LALIGA,2025-26,openfootball
LALIGA,21/12/2025,Villarreal CF,FC Barcelona,0,2,A,LALIGA,2025-26,openfootball
LALIGA,22/12/2025,Athletic Club,RCD Espanyol de Barcelona,1,2,A,LALIGA,2025-26,openfootball
LALIGA,02/01/2026,Rayo Vallecano de Madrid,Getafe CF,1,1,D,LALIGA,2025-26,openfootball
LALIGA,03/01/2026,CA Osasuna,Athletic Club,1,1,D,LALIGA,2025-26,openfootball
LALIGA,03/01/2026,Elche CF,Villarreal CF,1,3,A,LALIGA,2025-26,openfootball
LALIGA,03/01/2026,RC Celta de Vigo,Valencia CF,4,1,H,LALIGA,2025-26,openfootball
LALIGA,03/01/2026,RCD Espanyol de Barcelona,FC Barcelona,0,2,A,LALIGA,2025-26,openfootball
LALIGA,04/01/2026,Deportivo Alavés,Real Oviedo,1,1,D,LALIGA,2025-26,openfootball
LALIGA,04/01/2026,RCD Mallorca,Girona FC,1,2,A,LALIGA,2025-26,openfootball
LALIGA,04/01/2026,Real Madrid CF,Real Betis Balompié,5,1,H,LALIGA,2025-26,openfootball
LALIGA,04/01/2026,Real Sociedad de Fútbol,Club Atlético de Madrid,1,1,D,LALIGA,2025-26,openfootball
LALIGA,04/01/2026,Sevilla FC,Levante UD,0,3,A,LALIGA,2025-26,openfootball
LALIGA,09/01/2026,Getafe CF,Real Sociedad de Fútbol,1,2,A,LALIGA,2025-26,openfootball
LALIGA,10/01/2026,Girona FC,CA Osasuna,1,0,H,LALIGA,2025-26,openfootball
LALIGA,10/01/2026,Real Oviedo,Real Betis Balompié,1,1,D,LALIGA,2025-26,openfootball
LALIGA,10/01/2026,Valencia CF,Elche CF,1,1,D,LALIGA,2025-26,openfootball
LALIGA,10/01/2026,Villarreal CF,Deportivo Alavés,3,1,H,LALIGA,2025-26,openfootball
LALIGA,11/01/2026,Levante UD,RCD Espanyol de Barcelona,1,1,D,LALIGA,2025-26,openfootball
LALIGA,11/01/2026,Rayo Vallecano de Madrid,RCD Mallorca,2,1,H,LALIGA,2025-26,openfootball
LALIGA,12/01/2026,Sevilla FC,RC Celta de Vigo,0,1,A,LALIGA,2025-26,openfootball
LALIGA,16/01/2026,RCD Espanyol de Barcelona,Girona FC,0,2,A,LALIGA,2025-26,openfootball
LALIGA,17/01/2026,CA Osasuna,Real Oviedo,3,2,H,LALIGA,2025-26,openfootball
LALIGA,17/01/2026,RCD Mallorca,Athletic Club,3,2,H,LALIGA,2025-26,openfootball
LALIGA,17/01/2026,Real Betis Balompié,Villarreal CF,2,0,H,LALIGA,2025-26,openfootball
LALIGA,17/01/2026,Real Madrid CF,Levante UD,2,0,H,LALIGA,2025-26,openfootball
LALIGA,18/01/2026,Club Atlético de Madrid,Deportivo Alavés,1,0,H,LALIGA,2025-26,openfootball
LALIGA,18/01/2026,Getafe CF,Valencia CF,0,1,A,LALIGA,2025-26,openfootball
LALIGA,18/01/2026,RC Celta de Vigo,Rayo Vallecano de Madrid,3,0,H,LALIGA,2025-26,openfootball
LALIGA,18/01/2026,Real Sociedad de Fútbol,FC Barcelona,2,1,H,LALIGA,2025-26,openfootball
LALIGA,19/01/2026,Elche CF,Sevilla FC,2,2,D,LALIGA,2025-26,openfootball
LALIGA,23/01/2026,Levante UD,Elche CF,3,2,H,LALIGA,2025-26,openfootball
LALIGA,24/01/2026,Rayo Vallecano de Madrid,CA Osasuna,1,3,A,LALIGA,2025-26,openfootball
LALIGA,24/01/2026,Sevilla FC,Athletic Club,2,1,H,LALIGA,2025-26,openfootball
LALIGA,24/01/2026,Valencia CF,RCD Espanyol de Barcelona,3,2,H,LALIGA,2025-26,openfootball
LALIGA,24/01/2026,Villarreal CF,Real Madrid CF,0,2,A,LALIGA,2025-26,openfootball
LALIGA,25/01/2026,Club Atlético de Madrid,RCD Mallorca,3,0,H,LALIGA,2025-26,openfootball
LALIGA,25/01/2026,Deportivo Alavés,Real Betis Balompié,2,1,H,LALIGA,2025-26,openfootball
LALIGA,25/01/2026,FC Barcelona,Real Oviedo,3,0,H,LALIGA,2025-26,openfootball
LALIGA,25/01/2026,Real Sociedad de Fútbol,RC Celta de Vigo,3,1,H,LALIGA,2025-26,openfootball
LALIGA,26/01/2026,Girona FC,Getafe CF,1,1,D,LALIGA,2025-26,openfootball
LALIGA,30/01/2026,RCD Espanyol de Barcelona,Deportivo Alavés,1,2,A,LALIGA,2025-26,openfootball
LALIGA,31/01/2026,CA Osasuna,Villarreal CF,2,2,D,LALIGA,2025-26,openfootball
LALIGA,31/01/2026,Elche CF,FC Barcelona,1,3,A,LALIGA,2025-26,openfootball
LALIGA,31/01/2026,Real Oviedo,Girona FC,1,0,H,LALIGA,2025-26,openfootball
LALIGA,01/02/2026,Athletic Club,Real Sociedad de Fútbol,1,1,D,LALIGA,2025-26,openfootball
LALIGA,01/02/2026,Real Betis Balompié,Valencia CF,2,1,H,LALIGA,2025-26,openfootball
LALIGA,01/02/2026,Real Madrid CF,Rayo Vallecano de Madrid,2,1,H,LALIGA,2025-26,openfootball
LALIGA,02/02/2026,RCD Mallorca,Sevilla FC,4,1,H,LALIGA,2025-26,openfootball
LALIGA,06/02/2026,RC Celta de Vigo,CA Osasuna,1,2,A,LALIGA,2025-26,openfootball
LALIGA,07/02/2026,FC Barcelona,RCD Mallorca,3,0,H,LALIGA,2025-26,openfootball
LALIGA,07/02/2026,Real Sociedad de Fútbol,Elche CF,3,1,H,LALIGA,2025-26,openfootball
LALIGA,08/02/2026,Athletic Club,Levante UD,4,2,H,LALIGA,2025-26,openfootball
LALIGA,08/02/2026,Club Atlético de Madrid,Real Betis Balompié,0,1,A,LALIGA,2025-26,openfootball
LALIGA,08/02/2026,Deportivo Alavés,Getafe CF,0,2,A,LALIGA,2025-26,openfootball
LALIGA,08/02/2026,Sevilla FC,Girona FC,1,1,D,LALIGA,2025-26,openfootball
LALIGA,08/02/2026,Valencia CF,Real Madrid CF,0,2,A,LALIGA,2025-26,openfootball
LALIGA,09/02/2026,Villarreal CF,RCD Espanyol de Barcelona,4,1,H,LALIGA,2025-26,openfootball
LALIGA,14/02/2026,Getafe CF,Villarreal CF,2,1,H,LALIGA,2025-26,openfootball
LALIGA,14/02/2026,RCD Espanyol de Barcelona,RC Celta de Vigo,2,2,D,LALIGA,2025-26,openfootball
LALIGA,14/02/2026,Real Madrid CF,Real Sociedad de Fútbol,4,1,H,LALIGA,2025-26,openfootball
LALIGA,14/02/2026,Sevilla FC,Deportivo Alavés,1,1,D,LALIGA,2025-26,openfootball
LALIGA,15/02/2026,Levante UD,Valencia CF,0,2,A,LALIGA,2025-26,openfootball
LALIGA,15/02/2026,RCD Mallorca,Real Betis Balompié,1,2,A,LALIGA,2025-26,openfootball
LALIGA,15/02/2026,Rayo Vallecano de Madrid,Club Atlético de Madrid,3,0,H,LALIGA,2025-26,openfootball
LALIGA,15/02/2026,Real Oviedo,Athletic Club,1,2,A,LALIGA,2025-26,openfootball
LALIGA,16/02/2026,Girona FC,FC Barcelona,2,1,H,LALIGA,2025-26,openfootball
LALIGA,18/02/2026,Levante UD,Villarreal CF,0,1,A,LALIGA,2025-26,openfootball
LALIGA,20/02/2026,Athletic Club,Elche CF,2,1,H,LALIGA,2025-26,openfootball
LALIGA,21/02/2026,CA Osasuna,Real Madrid CF,2,1,H,LALIGA,2025-26,openfootball
LALIGA,21/02/2026,Club Atlético de Madrid,RCD Espanyol de Barcelona,4,2,H,LALIGA,2025-26,openfootball
LALIGA,21/02/2026,Real Betis Balompié,Rayo Vallecano de Madrid,1,1,D,LALIGA,2025-26,openfootball
LALIGA,21/02/2026,Real Sociedad de Fútbol,Real Oviedo,3,3,D,LALIGA,2025-26,openfootball
LALIGA,22/02/2026,FC Barcelona,Levante UD,3,0,H,LALIGA,2025-26,openfootball
LALIGA,22/02/2026,Getafe CF,Sevilla FC,0,1,A,LALIGA,2025-26,openfootball
LALIGA,22/02/2026,RC Celta de Vigo,RCD Mallorca,2,0,H,LALIGA,2025-26,openfootball
LALIGA,22/02/2026,Villarreal CF,Valencia CF,2,1,H,LALIGA,2025-26,openfootball
LALIGA,23/02/2026,Deportivo Alavés,Girona FC,2,2,D,LALIGA,2025-26,openfootball
LALIGA,27/02/2026,Levante UD,Deportivo Alavés,2,0,H,LALIGA,2025-26,openfootball
LALIGA,28/02/2026,FC Barcelona,Villarreal CF,4,1,H,LALIGA,2025-26,openfootball
LALIGA,28/02/2026,RCD Mallorca,Real Sociedad de Fútbol,0,1,A,LALIGA,2025-26,openfootball
LALIGA,28/02/2026,Rayo Vallecano de Madrid,Athletic Club,1,1,D,LALIGA,2025-26,openfootball
LALIGA,28/02/2026,Real Oviedo,Club Atlético de Madrid,0,1,A,LALIGA,2025-26,openfootball
LALIGA,01/03/2026,Elche CF,RCD Espanyol de Barcelona,2,2,D,LALIGA,2025-26,openfootball
LALIGA,01/03/2026,Girona FC,RC Celta de Vigo,1,2,A,LALIGA,2025-26,openfootball
LALIGA,01/03/2026,Real Betis Balompié,Sevilla FC,2,2,D,LALIGA,2025-26,openfootball
LALIGA,01/03/2026,Valencia CF,CA Osasuna,1,0,H,LALIGA,2025-26,openfootball
LALIGA,02/03/2026,Real Madrid CF,Getafe CF,0,1,A,LALIGA,2025-26,openfootball
LALIGA,04/03/2026,Rayo Vallecano de Madrid,Real Oviedo,3,0,H,LALIGA,2025-26,openfootball
LALIGA,06/03/2026,RC Celta de Vigo,Real Madrid CF,1,2,A,LALIGA,2025-26,openfootball
LALIGA,07/03/2026,Athletic Club,FC Barcelona,0,1,A,LALIGA,2025-26,openfootball
LALIGA,07/03/2026,CA Osasuna,RCD Mallorca,2,2,D,LALIGA,2025-26,openfootball
LALIGA,07/03/2026,Club Atlético de Madrid,Real Sociedad de Fútbol,3,2,H,LALIGA,2025-26,openfootball
LALIGA,07/03/2026,Levante UD,Girona FC,1,1,D,LALIGA,2025-26,openfootball
LALIGA,08/03/2026,Getafe CF,Real Betis Balompié,2,0,H,LALIGA,2025-26,openfootball
LALIGA,08/03/2026,Sevilla FC,Rayo Vallecano de Madrid,1,1,D,LALIGA,2025-26,openfootball
LALIGA,08/03/2026,Valencia CF,Deportivo Alavés,3,2,H,LALIGA,2025-26,openfootball
LALIGA,08/03/2026,Villarreal CF,Elche CF,2,1,H,LALIGA,2025-26,openfootball
LALIGA,09/03/2026,RCD Espanyol de Barcelona,Real Oviedo,1,1,D,LALIGA,2025-26,openfootball
LALIGA,13/03/2026,Deportivo Alavés,Villarreal CF,1,1,D,LALIGA,2025-26,openfootball
LALIGA,14/03/2026,Club Atlético de Madrid,Getafe CF,1,0,H,LALIGA,2025-26,openfootball
LALIGA,14/03/2026,Girona FC,Athletic Club,3,0,H,LALIGA,2025-26,openfootball
LALIGA,14/03/2026,Real Madrid CF,Elche CF,4,1,H,LALIGA,2025-26,openfootball
LALIGA,14/03/2026,Real Oviedo,Valencia CF,1,0,H,LALIGA,2025-26,openfootball
LALIGA,15/03/2026,FC Barcelona,Sevilla FC,5,2,H,LALIGA,2025-26,openfootball
LALIGA,15/03/2026,RCD Mallorca,RCD Espanyol de Barcelona,2,1,H,LALIGA,2025-26,openfootball
LALIGA,15/03/2026,Real Betis Balompié,RC Celta de Vigo,1,1,D,LALIGA,2025-26,openfootball
LALIGA,15/03/2026,Real Sociedad de Fútbol,CA Osasuna,3,1,H,LALIGA,2025-26,openfootball
LALIGA,16/03/2026,Rayo Vallecano de Madrid,Levante UD,1,1,D,LALIGA,2025-26,openfootball
LALIGA,20/03/2026,Villarreal CF,Real Sociedad de Fútbol,3,1,H,LALIGA,2025-26,openfootball
LALIGA,21/03/2026,CA Osasuna,Girona FC,1,0,H,LALIGA,2025-26,openfootball
LALIGA,21/03/2026,Elche CF,RCD Mallorca,2,1,H,LALIGA,2025-26,openfootball
LALIGA,21/03/2026,Levante UD,Real Oviedo,4,2,H,LALIGA,2025-26,openfootball
LALIGA,21/03/2026,RCD Espanyol de Barcelona,Getafe CF,1,2,A,LALIGA,2025-26,openfootball
LALIGA,21/03/2026,Sevilla FC,Valencia CF,0,2,A,LALIGA,2025-26,openfootball
LALIGA,22/03/2026,Athletic Club,Real Betis Balompié,2,1,H,LALIGA,2025-26,openfootball
LALIGA,22/03/2026,FC Barcelona,Rayo Vallecano de Madrid,1,0,H,LALIGA,2025-26,openfootball
LALIGA,22/03/2026,RC Celta de Vigo,Deportivo Alavés,3,4,A,LALIGA,2025-26,openfootball
LALIGA,22/03/2026,Real Madrid CF,Club Atlético de Madrid,3,2,H,LALIGA,2025-26,openfootball
LALIGA,03/04/2026,Rayo Vallecano de Madrid,Elche CF,1,0,H,LALIGA,2025-26,openfootball
LALIGA,04/04/2026,Club Atlético de Madrid,FC Barcelona,1,2,A,LALIGA,2025-26,openfootball
LALIGA,04/04/2026,RCD Mallorca,Real Madrid CF,2,1,H,LALIGA,2025-26,openfootball
LALIGA,04/04/2026,Real Sociedad de Fútbol,Levante UD,2,0,H,LALIGA,2025-26,openfootball
LALIGA,05/04/2026,Deportivo Alavés,CA Osasuna,2,2,D,LALIGA,2025-26,openfootball
LALIGA,05/04/2026,Getafe CF,Athletic Club,2,0,H,LALIGA,2025-26,openfootball
LALIGA,05/04/2026,Real Oviedo,Sevilla FC,1,0,H,LALIGA,2025-26,openfootball
LALIGA,05/04/2026,Valencia CF,RC Celta de Vigo,2,3,A,LALIGA,2025-26,openfootball
LALIGA,06/04/2026,Girona FC,Villarreal CF,1,0,H,LALIGA,2025-26,openfootball
LALIGA,10/04/2026,Real Madrid CF,Girona FC,1,1,D,LALIGA,2025-26,openfootball
LALIGA,11/04/2026,Elche CF,Valencia CF,1,0,H,LALIGA,2025-26,openfootball
LALIGA,11/04/2026,FC Barcelona,RCD Espanyol de Barcelona,4,1,H,LALIGA,2025-26,openfootball
LALIGA,11/04/2026,Real Sociedad de Fútbol,Deportivo Alavés,3,3,D,LALIGA,2025-26,openfootball
LALIGA,11/04/2026,Sevilla FC,Club Atlético de Madrid,2,1,H,LALIGA,2025-26,openfootball
LALIGA,12/04/2026,Athletic Club,Villarreal CF,1,2,A,LALIGA,2025-26,openfootball
LALIGA,12/04/2026,CA Osasuna,Real Betis Balompié,1,1,D,LALIGA,2025-26,openfootball
LALIGA,12/04/2026,RC Celta de Vigo,Real Oviedo,0,3,A,LALIGA,2025-26,openfootball
LALIGA,12/04/2026,RCD Mallorca,Rayo Vallecano de Madrid,3,0,H,LALIGA,2025-26,openfootball
LALIGA,13/04/2026,Levante UD,Getafe CF,1,0,H,LALIGA,2025-26,openfootball
LALIGA,21/04/2026,Athletic Club,CA Osasuna,1,0,H,LALIGA,2025-26,openfootball
LALIGA,21/04/2026,Girona FC,Real Betis Balompié,2,3,A,LALIGA,2025-26,openfootball
LALIGA,21/04/2026,RCD Mallorca,Valencia CF,1,1,D,LALIGA,2025-26,openfootball
LALIGA,21/04/2026,Real Madrid CF,Deportivo Alavés,2,1,H,LALIGA,2025-26,openfootball
LALIGA,22/04/2026,Elche CF,Club Atlético de Madrid,3,2,H,LALIGA,2025-26,openfootball
LALIGA,22/04/2026,FC Barcelona,RC Celta de Vigo,1,0,H,LALIGA,2025-26,openfootball
LALIGA,22/04/2026,Real Sociedad de Fútbol,Getafe CF,0,1,A,LALIGA,2025-26,openfootball
LALIGA,23/04/2026,Levante UD,Sevilla FC,2,0,H,LALIGA,2025-26,openfootball
LALIGA,23/04/2026,Rayo Vallecano de Madrid,RCD Espanyol de Barcelona,1,0,H,LALIGA,2025-26,openfootball
LALIGA,23/04/2026,Real Oviedo,Villarreal CF,1,1,D,LALIGA,2025-26,openfootball
LALIGA,24/04/2026,Real Betis Balompié,Real Madrid CF,1,1,D,LALIGA,2025-26,openfootball
LALIGA,25/04/2026,Club Atlético de Madrid,Athletic Club,3,2,H,LALIGA,2025-26,openfootball
LALIGA,25/04/2026,Deportivo Alavés,RCD Mallorca,2,1,H,LALIGA,2025-26,openfootball
LALIGA,25/04/2026,Getafe CF,FC Barcelona,0,2,A,LALIGA,2025-26,openfootball
LALIGA,25/04/2026,Valencia CF,Girona FC,2,1,H,LALIGA,2025-26,openfootball
LALIGA,26/04/2026,CA Osasuna,Sevilla FC,2,1,H,LALIGA,2025-26,openfootball
LALIGA,26/04/2026,Rayo Vallecano de Madrid,Real Sociedad de Fútbol,3,3,D,LALIGA,2025-26,openfootball
LALIGA,26/04/2026,Real Oviedo,Elche CF,1,2,A,LALIGA,2025-26,openfootball
LALIGA,26/04/2026,Villarreal CF,RC Celta de Vigo,2,1,H,LALIGA,2025-26,openfootball
LALIGA,01/05/2026,Girona FC,RCD Mallorca,0,1,A,LALIGA,2025-26,openfootball
LALIGA,02/05/2026,CA Osasuna,FC Barcelona,1,2,A,LALIGA,2025-26,openfootball
LALIGA,02/05/2026,Deportivo Alavés,Athletic Club,2,4,A,LALIGA,2025-26,openfootball
LALIGA,02/05/2026,Valencia CF,Club Atlético de Madrid,0,2,A,LALIGA,2025-26,openfootball
LALIGA,02/05/2026,Villarreal CF,Levante UD,5,1,H,LALIGA,2025-26,openfootball
LALIGA,03/05/2026,Getafe CF,Rayo Vallecano de Madrid,0,2,A,LALIGA,2025-26,openfootball
LALIGA,03/05/2026,RC Celta de Vigo,Elche CF,3,1,H,LALIGA,2025-26,openfootball
LALIGA,03/05/2026,RCD Espanyol de Barcelona,Real Madrid CF,0,2,A,LALIGA,2025-26,openfootball
LALIGA,03/05/2026,Real Betis Balompié,Real Oviedo,3,0,H,LALIGA,2025-26,openfootball
LALIGA,04/05/2026,Sevilla FC,Real Sociedad de Fútbol,1,0,H,LALIGA,2025-26,openfootball
LALIGA,08/05/2026,Levante UD,CA Osasuna,3,2,H,LALIGA,2025-26,openfootball
LALIGA,09/05/2026,Club Atlético de Madrid,RC Celta de Vigo,0,1,A,LALIGA,2025-26,openfootball
LALIGA,09/05/2026,Elche CF,Deportivo Alavés,1,1,D,LALIGA,2025-26,openfootball
LALIGA,09/05/2026,Real Sociedad de Fútbol,Real Betis Balompié,2,2,D,LALIGA,2025-26,openfootball
LALIGA,09/05/2026,Sevilla FC,RCD Espanyol de Barcelona,2,1,H,LALIGA,2025-26,openfootball
LALIGA,10/05/2026,Athletic Club,Valencia CF,0,1,A,LALIGA,2025-26,openfootball
LALIGA,10/05/2026,FC Barcelona,Real Madrid CF,2,0,H,LALIGA,2025-26,openfootball
LALIGA,10/05/2026,RCD Mallorca,Villarreal CF,1,1,D,LALIGA,2025-26,openfootball
LALIGA,11/05/2026,Rayo Vallecano de Madrid,Girona FC,1,1,D,LALIGA,2025-26,openfootball
LALIGA,12/05/2026,CA Osasuna,Club Atlético de Madrid,1,2,A,LALIGA,2025-26,openfootball
LALIGA,12/05/2026,RC Celta de Vigo,Levante UD,2,3,A,LALIGA,2025-26,openfootball
LALIGA,12/05/2026,Real Betis Balompié,Elche CF,2,1,H,LALIGA,2025-26,openfootball
LALIGA,13/05/2026,Deportivo Alavés,FC Barcelona,1,0,H,LALIGA,2025-26,openfootball
LALIGA,13/05/2026,Getafe CF,RCD Mallorca,3,1,H,LALIGA,2025-26,openfootball
LALIGA,13/05/2026,RCD Espanyol de Barcelona,Athletic Club,2,0,H,LALIGA,2025-26,openfootball
LALIGA,13/05/2026,Villarreal CF,Sevilla FC,2,3,A,LALIGA,2025-26,openfootball
LALIGA,14/05/2026,Girona FC,Real Sociedad de Fútbol,1,1,D,LALIGA,2025-26,openfootball
LALIGA,14/05/2026,Real Madrid CF,Real Oviedo,2,0,H,LALIGA,2025-26,openfootball
LALIGA,14/05/2026,Valencia CF,Rayo Vallecano de Madrid,1,1,D,LALIGA,2025-26,openfootball
LALIGA,17/05/2026,Athletic Club,RC Celta de Vigo,1,1,D,LALIGA,2025-26,openfootball
LALIGA,17/05/2026,CA Osasuna,RCD Espanyol de Barcelona,1,2,A,LALIGA,2025-26,openfootball
LALIGA,17/05/2026,Club Atlético de Madrid,Girona FC,1,0,H,LALIGA,2025-26,openfootball
LALIGA,17/05/2026,Elche CF,Getafe CF,1,0,H,LALIGA,2025-26,openfootball
LALIGA,17/05/2026,FC Barcelona,Real Betis Balompié,3,1,H,LALIGA,2025-26,openfootball
LALIGA,17/05/2026,Levante UD,RCD Mallorca,2,0,H,LALIGA,2025-26,openfootball
LALIGA,17/05/2026,Rayo Vallecano de Madrid,Villarreal CF,2,0,H,LALIGA,2025-26,openfootball
LALIGA,17/05/2026,Real Oviedo,Deportivo Alavés,0,1,A,LALIGA,2025-26,openfootball
LALIGA,17/05/2026,Real Sociedad de Fútbol,Valencia CF,3,4,A,LALIGA,2025-26,openfootball
LALIGA,17/05/2026,Sevilla FC,Real Madrid CF,0,1,A,LALIGA,2025-26,openfootball
LALIGA,23/05/2026,Deportivo Alavés,Rayo Vallecano de Madrid,1,2,A,LALIGA,2025-26,openfootball
LALIGA,23/05/2026,Getafe CF,CA Osasuna,1,0,H,LALIGA,2025-26,openfootball
LALIGA,23/05/2026,Girona FC,Elche CF,1,1,D,LALIGA,2025-26,openfootball
LALIGA,23/05/2026,RC Celta de Vigo,Sevilla FC,1,0,H,LALIGA,2025-26,openfootball
LALIGA,23/05/2026,RCD Espanyol de Barcelona,Real Sociedad de Fútbol,1,1,D,LALIGA,2025-26,openfootball
LALIGA,23/05/2026,RCD Mallorca,Real Oviedo,3,0,H,LALIGA,2025-26,openfootball
LALIGA,23/05/2026,Real Betis Balompié,Levante UD,2,1,H,LALIGA,2025-26,openfootball
LALIGA,23/05/2026,Real Madrid CF,Athletic Club,4,2,H,LALIGA,2025-26,openfootball
LALIGA,23/05/2026,Valencia CF,FC Barcelona,3,1,H,LALIGA,2025-26,openfootball
LALIGA,24/05/2026,Villarreal CF,Club Atlético de Madrid,5,1,H,LALIGA,2025-26,openfootball
