Div,Date,HomeTeam,AwayTeam,FTHG,FTAG,FTR,source_league,source_season,source_provider
EPL,11/08/2023,Burnley FC,Manchester City FC,0,3,A,EPL,2023-24,openfootball
LALIGA,11/08/2023,Sevilla FC,Valencia CF,1,2,A,LALIGA,2023-24,openfootball
LALIGA,11/08/2023,UD Almería,Rayo Vallecano de Madrid,0,2,A,LALIGA,2023-24,openfootball
EPL,12/08/2023,AFC Bournemouth,West Ham United FC,1,1,D,EPL,2023-24,openfootball
EPL,12/08/2023,Arsenal FC,Nottingham Forest FC,2,1,H,EPL,2023-24,openfootball
EPL,12/08/2023,Brighton & Hove Albion FC,Luton Town FC,4,1,H,EPL,2023-24,openfootball
EPL,12/08/2023,Everton FC,Fulham FC,0,1,A,EPL,2023-24,openfootball
EPL,12/08/2023,Newcastle United FC,Aston Villa FC,5,1,H,EPL,2023-24,openfootball
EPL,12/08/2023,Sheffield United FC,Crystal Palace FC,0,1,A,EPL,2023-24,openfootball
LALIGA,12/08/2023,Athletic Club,Real Madrid CF,0,2,A,LALIGA,2023-24,openfootball
LALIGA,12/08/2023,Real Sociedad de Fútbol,Girona FC,1,1,D,LALIGA,2023-24,openfootball
LALIGA,12/08/2023,UD Las Palmas,RCD Mallorca,1,1,D,LALIGA,2023-24,openfootball
EPL,13/08/2023,Brentford FC,Tottenham Hotspur FC,2,2,D,EPL,2023-24,openfootball
EPL,13/08/2023,Chelsea FC,Liverpool FC,1,1,D,EPL,2023-24,openfootball
LALIGA,13/08/2023,Getafe CF,FC Barcelona,0,0,D,LALIGA,2023-24,openfootball
LALIGA,13/08/2023,RC Celta de Vigo,CA Osasuna,0,2,A,LALIGA,2023-24,openfootball
LALIGA,13/08/2023,Villarreal CF,Real Betis Balompié,1,2,A,LALIGA,2023-24,openfootball
EPL,14/08/2023,Manchester United FC,Wolverhampton Wanderers FC,1,0,H,EPL,2023-24,openfootball
LALIGA,14/08/2023,Club Atlético de Madrid,Granada CF,3,1,H,LALIGA,2023-24,openfootball
LALIGA,14/08/2023,Cádiz CF,Deportivo Alavés,1,0,H,LALIGA,2023-24,openfootball
BUNDESLIGA,18/08/2023,SV Werder Bremen,FC Bayern München,0,4,A,BUNDESLIGA,2023-24,openfootball
EPL,18/08/2023,Nottingham Forest FC,Sheffield United FC,2,1,H,EPL,2023-24,openfootball
LALIGA,18/08/2023,RCD Mallorca,Villarreal CF,0,1,A,LALIGA,2023-24,openfootball
LALIGA,18/08/2023,Valencia CF,UD Las Palmas,1,0,H,LALIGA,2023-24,openfootball
BUNDESLIGA,19/08/2023,Bayer 04 Leverkusen,RB Leipzig,3,2,H,BUNDESLIGA,2023-24,openfootball
BUNDESLIGA,19/08/2023,Borussia Dortmund,1. FC Köln,1,0,H,BUNDESLIGA,2023-24,openfootball
BUNDESLIGA,19/08/2023,FC Augsburg,Borussia Mönchengladbach,4,4,D,BUNDESLIGA,2023-24,openfootball
BUNDESLIGA,19/08/2023,TSG 1899 Hoffenheim,SC Freiburg,1,2,A,BUNDESLIGA,2023-24,openfootball
BUNDESLIGA,19/08/2023,VfB Stuttgart,VfL Bochum 1848,5,0,H,BUNDESLIGA,2023-24,openfootball
BUNDESLIGA,19/08/2023,VfL Wolfsburg,1. FC Heidenheim 1846,2,0,H,BUNDESLIGA,2023-24,openfootball
EPL,19/08/2023,Fulham FC,Brentford FC,0,3,A,EPL,2023-24,openfootball
EPL,19/08/2023,Liverpool FC,AFC Bournemouth,3,1,H,EPL,2023-24,openfootball
EPL,19/08/2023,Manchester City FC,Newcastle United FC,1,0,H,EPL,2023-24,openfootball
EPL,19/08/2023,Tottenham Hotspur FC,Manchester United FC,2,0,H,EPL,2023-24,openfootball
EPL,19/08/2023,Wolverhampton Wanderers FC,Brighton & Hove Albion FC,1,4,A,EPL,2023-24,openfootball
LALIGA,19/08/2023,CA Osasuna,Athletic Club,0,2,A,LALIGA,2023-24,openfootball
LALIGA,19/08/2023,Real Sociedad de Fútbol,RC Celta de Vigo,1,1,D,LALIGA,2023-24,openfootball
LALIGA,19/08/2023,UD Almería,Real Madrid CF,1,3,A,LALIGA,2023-24,openfootball
SERIEA,19/08/2023,Empoli FC,Hellas Verona FC,0,1,A,SERIEA,2023-24,openfootball
SERIEA,19/08/2023,FC Internazionale Milano,AC Monza,2,0,H,SERIEA,2023-24,openfootball
SERIEA,19/08/2023,Frosinone Calcio,SSC Napoli,1,3,A,SERIEA,2023-24,openfootball
SERIEA,19/08/2023,Genoa CFC,ACF Fiorentina,1,4,A,SERIEA,2023-24,openfootball
BUNDESLIGA,20/08/2023,1. FC Union Berlin,1. FSV Mainz 05,4,1,H,BUNDESLIGA,2023-24,openfootball
BUNDESLIGA,20/08/2023,Eintracht Frankfurt,SV Darmstadt 98,1,0,H,BUNDESLIGA,2023-24,openfootball
EPL,20/08/2023,Aston Villa FC,Everton FC,4,0,H,EPL,2023-24,openfootball
EPL,20/08/2023,West Ham United FC,Chelsea FC,3,1,H,EPL,2023-24,openfootball
LALIGA,20/08/2023,FC Barcelona,Cádiz CF,2,0,H,LALIGA,2023-24,openfootball
LALIGA,20/08/2023,Girona FC,Getafe CF,3,0,H,LALIGA,2023-24,openfootball
LALIGA,20/08/2023,Real Betis Balompié,Club Atlético de Madrid,0,0,D,LALIGA,2023-24,openfootball
SERIEA,20/08/2023,AS Roma,US Salernitana 1919,2,2,D,SERIEA,2023-24,openfootball
SERIEA,20/08/2023,US Lecce,SS Lazio,2,1,H,SERIEA,2023-24,openfootball
SERIEA,20/08/2023,US Sassuolo Calcio,Atalanta BC,0,2,A,SERIEA,2023-24,openfootball
SERIEA,20/08/2023,Udinese Calcio,Juventus FC,0,3,A,SERIEA,2023-24,openfootball
EPL,21/08/2023,Crystal Palace FC,Arsenal FC,0,1,A,EPL,2023-24,openfootball
LALIGA,21/08/2023,Deportivo Alavés,Sevilla FC,4,3,H,LALIGA,2023-24,openfootball
LALIGA,21/08/2023,Granada CF,Rayo Vallecano de Madrid,0,2,A,LALIGA,2023-24,openfootball
SERIEA,21/08/2023,Bologna FC 1909,AC Milan,0,2,A,SERIEA,2023-24,openfootball
SERIEA,21/08/2023,Torino FC,Cagliari Calcio,0,0,D,SERIEA,2023-24,openfootball
BUNDESLIGA,25/08/2023,RB Leipzig,VfB Stuttgart,5,1,H,BUNDESLIGA,2023-24,openfootball
EPL,25/08/2023,Chelsea FC,Luton Town FC,3,0,H,EPL,2023-24,openfootball
LALIGA,25/08/2023,RC Celta de Vigo,Real Madrid CF,0,1,A,LALIGA,2023-24,openfootball
LALIGA,25/08/2023,UD Las Palmas,Real Sociedad de Fútbol,0,0,D,LALIGA,2023-24,openfootball
BUNDESLIGA,26/08/2023,1. FC Heidenheim 1846,TSG 1899 Hoffenheim,2,3,A,BUNDESLIGA,2023-24,openfootball
BUNDESLIGA,26/08/2023,1. FC Köln,VfL Wolfsburg,1,2,A,BUNDESLIGA,2023-24,openfootball
BUNDESLIGA,26/08/2023,Borussia Mönchengladbach,Bayer 04 Leverkusen,0,3,A,BUNDESLIGA,2023-24,openfootball
BUNDESLIGA,26/08/2023,SC Freiburg,SV Werder Bremen,1,0,H,BUNDESLIGA,2023-24,openfootball
BUNDESLIGA,26/08/2023,SV Darmstadt 98,1. FC Union Berlin,1,4,A,BUNDESLIGA,2023-24,openfootball
BUNDESLIGA,26/08/2023,VfL Bochum 1848,Borussia Dortmund,1,1,D,BUNDESLIGA,2023-24,openfootball
EPL,26/08/2023,AFC Bournemouth,Tottenham Hotspur FC,0,2,A,EPL,2023-24,openfootball
EPL,26/08/2023,Arsenal FC,Fulham FC,2,2,D,EPL,2023-24,openfootball
EPL,26/08/2023,Brentford FC,Crystal Palace FC,1,1,D,EPL,2023-24,openfootball
EPL,26/08/2023,Brighton & Hove Albion FC,West Ham United FC,1,3,A,EPL,2023-24,openfootball
EPL,26/08/2023,Everton FC,Wolverhampton Wanderers FC,0,1,A,EPL,2023-24,openfootball
EPL,26/08/2023,Manchester United FC,Nottingham Forest FC,3,2,H,EPL,2023-24,openfootball
LALIGA,26/08/2023,Cádiz CF,UD Almería,1,1,D,LALIGA,2023-24,openfootball
LALIGA,26/08/2023,Granada CF,RCD Mallorca,3,2,H,LALIGA,2023-24,openfootball
LALIGA,26/08/2023,Sevilla FC,Girona FC,1,2,A,LALIGA,2023-24,openfootball
SERIEA,26/08/2023,AC Milan,Torino FC,4,1,H,SERIEA,2023-24,openfootball
SERIEA,26/08/2023,AC Monza,Empoli FC,2,0,H,SERIEA,2023-24,openfootball
SERIEA,26/08/2023,Frosinone Calcio,Atalanta BC,2,1,H,SERIEA,2023-24,openfootball
SERIEA,26/08/2023,Hellas Verona FC,AS Roma,2,1,H,SERIEA,2023-24,openfootball
BUNDESLIGA,27/08/2023,1. FSV Mainz 05,Eintracht Frankfurt,1,1,D,BUNDESLIGA,2023-24,openfootball
BUNDESLIGA,27/08/2023,FC Bayern München,FC Augsburg,3,1,H,BUNDESLIGA,2023-24,openfootball
EPL,27/08/2023,Burnley FC,Aston Villa FC,1,3,A,EPL,2023-24,openfootball
EPL,27/08/2023,Newcastle United FC,Liverpool FC,1,2,A,EPL,2023-24,openfootball
EPL,27/08/2023,Sheffield United FC,Manchester City FC,1,2,A,EPL,2023-24,openfootball
LALIGA,27/08/2023,Athletic Club,Real Betis Balompié,4,2,H,LALIGA,2023-24,openfootball
LALIGA,27/08/2023,Valencia CF,CA Osasuna,1,2,A,LALIGA,2023-24,openfootball
LALIGA,27/08/2023,Villarreal CF,FC Barcelona,3,4,A,LALIGA,2023-24,openfootball
SERIEA,27/08/2023,ACF Fiorentina,US Lecce,2,2,D,SERIEA,2023-24,openfootball
SERIEA,27/08/2023,Juventus FC,Bologna FC 1909,1,1,D,SERIEA,2023-24,openfootball
SERIEA,27/08/2023,SS Lazio,Genoa CFC,0,1,A,SERIEA,2023-24,openfootball
SERIEA,27/08/2023,SSC Napoli,US Sassuolo Calcio,2,0,H,SERIEA,2023-24,openfootball
LALIGA,28/08/2023,Getafe CF,Deportivo Alavés,1,0,H,LALIGA,2023-24,openfootball
LALIGA,28/08/2023,Rayo Vallecano de Madrid,Club Atlético de Madrid,0,7,A,LALIGA,2023-24,openfootball
SERIEA,28/08/2023,Cagliari Calcio,FC Internazionale Milano,0,2,A,SERIEA,2023-24,openfootball
SERIEA,28/08/2023,US Salernitana 1919,Udinese Calcio,1,1,D,SERIEA,2023-24,openfootball
BUNDESLIGA,01/09/2023,Borussia Dortmund,1. FC Heidenheim 1846,2,2,D,BUNDESLIGA,2023-24,openfootball
EPL,01/09/2023,Luton Town FC,West Ham United FC,1,2,A,EPL,2023-24,openfootball
LALIGA,01/09/2023,Cádiz CF,Villarreal CF,3,1,H,LALIGA,2023-24,openfootball
LALIGA,01/09/2023,UD Almería,RC Celta de Vigo,2,3,A,LALIGA,2023-24,openfootball
SERIEA,01/09/2023,AS Roma,AC Milan,1,2,A,SERIEA,2023-24,openfootball
SERIEA,01/09/2023,US Sassuolo Calcio,Hellas Verona FC,3,1,H,SERIEA,2023-24,openfootball
BUNDESLIGA,02/09/2023,Bayer 04 Leverkusen,SV Darmstadt 98,5,1,H,BUNDESLIGA,2023-24,openfootball
BUNDESLIGA,02/09/2023,Borussia Mönchengladbach,FC Bayern München,1,2,A,BUNDESLIGA,2023-24,openfootball
BUNDESLIGA,02/09/2023,FC Augsburg,VfL Bochum 1848,2,2,D,BUNDESLIGA,2023-24,openfootball
BUNDESLIGA,02/09/2023,SV Werder Bremen,1. FSV Mainz 05,4,0,H,BUNDESLIGA,2023-24,openfootball
BUNDESLIGA,02/09/2023,TSG 1899 Hoffenheim,VfL Wolfsburg,3,1,H,BUNDESLIGA,2023-24,openfootball
BUNDESLIGA,02/09/2023,VfB Stuttgart,SC Freiburg,5,0,H,BUNDESLIGA,2023-24,openfootball
EPL,02/09/2023,Brentford FC,AFC Bournemouth,2,2,D,EPL,2023-24,openfootball
EPL,02/09/2023,Brighton & Hove Albion FC,Newcastle United FC,3,1,H,EPL,2023-24,openfootball
EPL,02/09/2023,Burnley FC,Tottenham Hotspur FC,2,5,A,EPL,2023-24,openfootball
EPL,02/09/2023,Chelsea FC,Nottingham Forest FC,0,1,A,EPL,2023-24,openfootball
EPL,02/09/2023,Manchester City FC,Fulham FC,5,1,H,EPL,2023-24,openfootball
EPL,02/09/2023,Sheffield United FC,Everton FC,2,2,D,EPL,2023-24,openfootball
LALIGA,02/09/2023,Deportivo Alavés,Valencia CF,1,0,H,LALIGA,2023-24,openfootball
LALIGA,02/09/2023,Real Betis Balompié,Rayo Vallecano de Madrid,1,0,H,LALIGA,2023-24,openfootball
LALIGA,02/09/2023,Real Madrid CF,Getafe CF,2,1,H,LALIGA,2023-24,openfootball
LALIGA,02/09/2023,Real Sociedad de Fútbol,Granada CF,5,3,H,LALIGA,2023-24,openfootball
SERIEA,02/09/2023,Atalanta BC,AC Monza,3,0,H,SERIEA,2023-24,openfootball
SERIEA,02/09/2023,Bologna FC 1909,Cagliari Calcio,2,1,H,SERIEA,2023-24,openfootball
SERIEA,02/09/2023,SSC Napoli,SS Lazio,1,2,A,SERIEA,2023-24,openfootball
SERIEA,02/09/2023,Udinese Calcio,Frosinone Calcio,0,0,D,SERIEA,2023-24,openfootball
BUNDESLIGA,03/09/2023,1. FC Union Berlin,RB Leipzig,0,3,A,BUNDESLIGA,2023-24,openfootball
BUNDESLIGA,03/09/2023,Eintracht Frankfurt,1. FC Köln,1,1,D,BUNDESLIGA,2023-24,openfootball
EPL,03/09/2023,Arsenal FC,Manchester United FC,3,1,H,EPL,2023-24,openfootball
EPL,03/09/2023,Crystal Palace FC,Wolverhampton Wanderers FC,3,2,H,EPL,2023-24,openfootball
EPL,03/09/2023,Liverpool FC,Aston Villa FC,3,0,H,EPL,2023-24,openfootball
LALIGA,03/09/2023,CA Osasuna,FC Barcelona,1,2,A,LALIGA,2023-24,openfootball
LALIGA,03/09/2023,Girona FC,UD Las Palmas,1,0,H,LALIGA,2023-24,openfootball
LALIGA,03/09/2023,RCD Mallorca,Athletic Club,0,0,D,LALIGA,2023-24,openfootball
SERIEA,03/09/2023,Empoli FC,Juventus FC,0,2,A,SERIEA,2023-24,openfootball
SERIEA,03/09/2023,FC Internazionale Milano,ACF Fiorentina,4,0,H,SERIEA,2023-24,openfootball
SERIEA,03/09/2023,Torino FC,Genoa CFC,1,0,H,SERIEA,2023-24,openfootball
SERIEA,03/09/2023,US Lecce,US Salernitana 1919,2,0,H,SERIEA,2023-24,openfootball
BUNDESLIGA,15/09/2023,FC Bayern München,Bayer 04 Leverkusen,2,2,D,BUNDESLIGA,2023-24,openfootball
LALIGA,15/09/2023,Rayo Vallecano de Madrid,Deportivo Alavés,2,0,H,LALIGA,2023-24,openfootball
BUNDESLIGA,16/09/2023,1. FC Köln,TSG 1899 Hoffenheim,1,3,A,BUNDESLIGA,2023-24,openfootball
BUNDESLIGA,16/09/2023,1. FSV Mainz 05,VfB Stuttgart,1,3,A,BUNDESLIGA,2023-24,openfootball
BUNDESLIGA,16/09/2023,RB Leipzig,FC Augsburg,3,0,H,BUNDESLIGA,2023-24,openfootball
BUNDESLIGA,16/09/2023,SC Freiburg,Borussia Dortmund,2,4,A,BUNDESLIGA,2023-24,openfootball
BUNDESLIGA,16/09/2023,VfL Bochum 1848,Eintracht Frankfurt,1,1,D,BUNDESLIGA,2023-24,openfootball
BUNDESLIGA,16/09/2023,VfL Wolfsburg,1. FC Union Berlin,2,1,H,BUNDESLIGA,2023-24,openfootball
EPL,16/09/2023,Aston Villa FC,Crystal Palace FC,3,1,H,EPL,2023-24,openfootball
EPL,16/09/2023,Fulham FC,Luton Town FC,1,0,H,EPL,2023-24,openfootball
EPL,16/09/2023,Manchester United FC,Brighton & Hove Albion FC,1,3,A,EPL,2023-24,openfootball
EPL,16/09/2023,Newcastle United FC,Brentford FC,1,0,H,EPL,2023-24,openfootball
EPL,16/09/2023,Tottenham Hotspur FC,Sheffield United FC,2,1,H,EPL,2023-24,openfootball
EPL,16/09/2023,West Ham United FC,Manchester City FC,1,3,A,EPL,2023-24,openfootball
EPL,16/09/2023,Wolverhampton Wanderers FC,Liverpool FC,1,3,A,EPL,2023-24,openfootball
LALIGA,16/09/2023,Athletic Club,Cádiz CF,3,0,H,LALIGA,2023-24,openfootball
LALIGA,16/09/2023,FC Barcelona,Real Betis Balompié,5,0,H,LALIGA,2023-24,openfootball
LALIGA,16/09/2023,RC Celta de Vigo,RCD Mallorca,0,1,A,LALIGA,2023-24,openfootball
LALIGA,16/09/2023,Valencia CF,Club Atlético de Madrid,3,0,H,LALIGA,2023-24,openfootball
SERIEA,16/09/2023,FC Internazionale Milano,AC Milan,5,1,H,SERIEA,2023-24,openfootball
SERIEA,16/09/2023,Genoa CFC,SSC Napoli,2,2,D,SERIEA,2023-24,openfootball
SERIEA,16/09/2023,Juventus FC,SS Lazio,3,1,H,SERIEA,2023-24,openfootball
BUNDESLIGA,17/09/2023,1. FC Heidenheim 1846,SV Werder Bremen,4,2,H,BUNDESLIGA,2023-24,openfootball
BUNDESLIGA,17/09/2023,SV Darmstadt 98,Borussia Mönchengladbach,3,3,D,BUNDESLIGA,2023-24,openfootball
EPL,17/09/2023,AFC Bournemouth,Chelsea FC,0,0,D,EPL,2023-24,openfootball
EPL,17/09/2023,Everton FC,Arsenal FC,0,1,A,EPL,2023-24,openfootball
LALIGA,17/09/2023,Getafe CF,CA Osasuna,3,2,H,LALIGA,2023-24,openfootball
LALIGA,17/09/2023,Real Madrid CF,Real Sociedad de Fútbol,2,1,H,LALIGA,2023-24,openfootball
LALIGA,17/09/2023,Sevilla FC,UD Las Palmas,1,0,H,LALIGA,2023-24,openfootball
LALIGA,17/09/2023,Villarreal CF,UD Almería,2,1,H,LALIGA,2023-24,openfootball
SERIEA,17/09/2023,AC Monza,US Lecce,1,1,D,SERIEA,2023-24,openfootball
SERIEA,17/09/2023,ACF Fiorentina,Atalanta BC,3,2,H,SERIEA,2023-24,openfootball
SERIEA,17/09/2023,AS Roma,Empoli FC,7,0,H,SERIEA,2023-24,openfootball
SERIEA,17/09/2023,Cagliari Calcio,Udinese Calcio,0,0,D,SERIEA,2023-24,openfootball
SERIEA,17/09/2023,Frosinone Calcio,US Sassuolo Calcio,4,2,H,SERIEA,2023-24,openfootball
EPL,18/09/2023,Nottingham Forest FC,Burnley FC,1,1,D,EPL,2023-24,openfootball
LALIGA,18/09/2023,Granada CF,Girona FC,2,4,A,LALIGA,2023-24,openfootball
SERIEA,18/09/2023,Hellas Verona FC,Bologna FC 1909,0,0,D,SERIEA,2023-24,openfootball
SERIEA,18/09/2023,US Salernitana 1919,Torino FC,0,3,A,SERIEA,2023-24,openfootball
BUNDESLIGA,22/09/2023,VfB Stuttgart,SV Darmstadt 98,3,1,H,BUNDESLIGA,2023-24,openfootball
LALIGA,22/09/2023,Deportivo Alavés,Athletic Club,0,2,A,LALIGA,2023-24,openfootball
SERIEA,22/09/2023,US Lecce,Genoa CFC,1,0,H,SERIEA,2023-24,openfootball
SERIEA,22/09/2023,US Salernitana 1919,Frosinone Calcio,1,1,D,SERIEA,2023-24,openfootball
BUNDESLIGA,23/09/2023,1. FC Union Berlin,TSG 1899 Hoffenheim,0,2,A,BUNDESLIGA,2023-24,openfootball
BUNDESLIGA,23/09/2023,Borussia Dortmund,VfL Wolfsburg,1,0,H,BUNDESLIGA,2023-24,openfootball
BUNDESLIGA,23/09/2023,Borussia Mönchengladbach,RB Leipzig,0,1,A,BUNDESLIGA,2023-24,openfootball
BUNDESLIGA,23/09/2023,FC Augsburg,1. FSV Mainz 05,2,1,H,BUNDESLIGA,2023-24,openfootball
BUNDESLIGA,23/09/2023,FC Bayern München,VfL Bochum 1848,7,0,H,BUNDESLIGA,2023-24,openfootball
BUNDESLIGA,23/09/2023,SV Werder Bremen,1. FC Köln,2,1,H,BUNDESLIGA,2023-24,openfootball
EPL,23/09/2023,Brentford FC,Everton FC,1,3,A,EPL,2023-24,openfootball
EPL,23/09/2023,Burnley FC,Manchester United FC,0,1,A,EPL,2023-24,openfootball
EPL,23/09/2023,Crystal Palace FC,Fulham FC,0,0,D,EPL,2023-24,openfootball
EPL,23/09/2023,Luton Town FC,Wolverhampton Wanderers FC,1,1,D,EPL,2023-24,openfootball
EPL,23/09/2023,Manchester City FC,Nottingham Forest FC,2,0,H,EPL,2023-24,openfootball
LALIGA,23/09/2023,CA Osasuna,Sevilla FC,0,0,D,LALIGA,2023-24,openfootball
LALIGA,23/09/2023,FC Barcelona,RC Celta de Vigo,3,2,H,LALIGA,2023-24,openfootball
LALIGA,23/09/2023,Girona FC,RCD Mallorca,5,3,H,LALIGA,2023-24,openfootball
LALIGA,23/09/2023,UD Almería,Valencia CF,2,2,D,LALIGA,2023-24,openfootball
SERIEA,23/09/2023,AC Milan,Hellas Verona FC,1,0,H,SERIEA,2023-24,openfootball
SERIEA,23/09/2023,SS Lazio,AC Monza,1,1,D,SERIEA,2023-24,openfootball
SERIEA,23/09/2023,US Sassuolo Calcio,Juventus FC,4,2,H,SERIEA,2023-24,openfootball
BUNDESLIGA,24/09/2023,Bayer 04 Leverkusen,1. FC Heidenheim 1846,4,1,H,BUNDESLIGA,2023-24,openfootball
BUNDESLIGA,24/09/2023,Eintracht Frankfurt,SC Freiburg,0,0,D,BUNDESLIGA,2023-24,openfootball
EPL,24/09/2023,Arsenal FC,Tottenham Hotspur FC,2,2,D,EPL,2023-24,openfootball
EPL,24/09/2023,Brighton & Hove Albion FC,AFC Bournemouth,3,1,H,EPL,2023-24,openfootball
EPL,24/09/2023,Chelsea FC,Aston Villa FC,0,1,A,EPL,2023-24,openfootball
EPL,24/09/2023,Liverpool FC,West Ham United FC,3,1,H,EPL,2023-24,openfootball
EPL,24/09/2023,Sheffield United FC,Newcastle United FC,0,8,A,EPL,2023-24,openfootball
LALIGA,24/09/2023,Club Atlético de Madrid,Real Madrid CF,3,1,H,LALIGA,2023-24,openfootball
LALIGA,24/09/2023,Rayo Vallecano de Madrid,Villarreal CF,1,1,D,LALIGA,2023-24,openfootball
LALIGA,24/09/2023,Real Betis Balompié,Cádiz CF,1,1,D,LALIGA,2023-24,openfootball
LALIGA,24/09/2023,Real Sociedad de Fútbol,Getafe CF,4,3,H,LALIGA,2023-24,openfootball
LALIGA,24/09/2023,UD Las Palmas,Granada CF,1,0,H,LALIGA,2023-24,openfootball
SERIEA,24/09/2023,Atalanta BC,Cagliari Calcio,2,0,H,SERIEA,2023-24,openfootball
SERIEA,24/09/2023,Bologna FC 1909,SSC Napoli,0,0,D,SERIEA,2023-24,openfootball
SERIEA,24/09/2023,Empoli FC,FC Internazionale Milano,0,1,A,SERIEA,2023-24,openfootball
SERIEA,24/09/2023,Torino FC,AS Roma,1,1,D,SERIEA,2023-24,openfootball
SERIEA,24/09/2023,Udinese Calcio,ACF Fiorentina,0,2,A,SERIEA,2023-24,openfootball
LALIGA,26/09/2023,RCD Mallorca,FC Barcelona,2,2,D,LALIGA,2023-24,openfootball
LALIGA,26/09/2023,Sevilla FC,UD Almería,5,1,H,LALIGA,2023-24,openfootball
SERIEA,26/09/2023,Juventus FC,US Lecce,1,0,H,SERIEA,2023-24,openfootball
LALIGA,27/09/2023,Athletic Club,Getafe CF,2,2,D,LALIGA,2023-24,openfootball
LALIGA,27/09/2023,Cádiz CF,Rayo Vallecano de Madrid,0,0,D,LALIGA,2023-24,openfootball
LALIGA,27/09/2023,Real Madrid CF,UD Las Palmas,2,0,H,LALIGA,2023-24,openfootball
LALIGA,27/09/2023,Valencia CF,Real Sociedad de Fútbol,0,1,A,LALIGA,2023-24,openfootball
LALIGA,27/09/2023,Villarreal CF,Girona FC,1,2,A,LALIGA,2023-24,openfootball
SERIEA,27/09/2023,Cagliari Calcio,AC Milan,1,3,A,SERIEA,2023-24,openfootball
SERIEA,27/09/2023,Empoli FC,US Salernitana 1919,1,0,H,SERIEA,2023-24,openfootball
SERIEA,27/09/2023,FC Internazionale Milano,US Sassuolo Calcio,1,2,A,SERIEA,2023-24,openfootball
SERIEA,27/09/2023,Hellas Verona FC,Atalanta BC,0,1,A,SERIEA,2023-24,openfootball
SERIEA,27/09/2023,SS Lazio,Torino FC,2,0,H,SERIEA,2023-24,openfootball
SERIEA,27/09/2023,SSC Napoli,Udinese Calcio,4,1,H,SERIEA,2023-24,openfootball
LALIGA,28/09/2023,CA Osasuna,Club Atlético de Madrid,0,2,A,LALIGA,2023-24,openfootball
LALIGA,28/09/2023,Granada CF,Real Betis Balompié,1,1,D,LALIGA,2023-24,openfootball
LALIGA,28/09/2023,RC Celta de Vigo,Deportivo Alavés,1,1,D,LALIGA,2023-24,openfootball
SERIEA,28/09/2023,AC Monza,Bologna FC 1909,0,0,D,SERIEA,2023-24,openfootball
SERIEA,28/09/2023,Frosinone Calcio,ACF Fiorentina,1,1,D,SERIEA,2023-24,openfootball
SERIEA,28/09/2023,Genoa CFC,AS Roma,4,1,H,SERIEA,2023-24,openfootball
BUNDESLIGA,29/09/2023,TSG 1899 Hoffenheim,Borussia Dortmund,1,3,A,BUNDESLIGA,2023-24,openfootball
LALIGA,29/09/2023,FC Barcelona,Sevilla FC,1,0,H,LALIGA,2023-24,openfootball
BUNDESLIGA,30/09/2023,1. FC Heidenheim 1846,1. FC Union Berlin,1,0,H,BUNDESLIGA,2023-24,openfootball
BUNDESLIGA,30/09/2023,1. FC Köln,VfB Stuttgart,0,2,A,BUNDESLIGA,2023-24,openfootball
BUNDESLIGA,30/09/2023,1. FSV Mainz 05,Bayer 04 Leverkusen,0,3,A,BUNDESLIGA,2023-24,openfootball
BUNDESLIGA,30/09/2023,RB Leipzig,FC Bayern München,2,2,D,BUNDESLIGA,2023-24,openfootball
BUNDESLIGA,30/09/2023,VfL Bochum 1848,Borussia Mönchengladbach,1,3,A,BUNDESLIGA,2023-24,openfootball
BUNDESLIGA,30/09/2023,VfL Wolfsburg,Eintracht Frankfurt,2,0,H,BUNDESLIGA,2023-24,openfootball
EPL,30/09/2023,AFC Bournemouth,Arsenal FC,0,4,A,EPL,2023-24,openfootball
EPL,30/09/2023,Aston Villa FC,Brighton & Hove Albion FC,6,1,H,EPL,2023-24,openfootball
EPL,30/09/2023,Everton FC,Luton Town FC,1,2,A,EPL,2023-24,openfootball
EPL,30/09/2023,Manchester United FC,Crystal Palace FC,0,1,A,EPL,2023-24,openfootball
EPL,30/09/2023,Newcastle United FC,Burnley FC,2,0,H,EPL,2023-24,openfootball
EPL,30/09/2023,Tottenham Hotspur FC,Liverpool FC,2,1,H,EPL,2023-24,openfootball
EPL,30/09/2023,West Ham United FC,Sheffield United FC,2,0,H,EPL,2023-24,openfootball
EPL,30/09/2023,Wolverhampton Wanderers FC,Manchester City FC,2,1,H,EPL,2023-24,openfootball
LALIGA,30/09/2023,Getafe CF,Villarreal CF,0,0,D,LALIGA,2023-24,openfootball
LALIGA,30/09/2023,Girona FC,Real Madrid CF,0,3,A,LALIGA,2023-24,openfootball
LALIGA,30/09/2023,Rayo Vallecano de Madrid,RCD Mallorca,2,2,D,LALIGA,2023-24,openfootball
LALIGA,30/09/2023,Real Sociedad de Fútbol,Athletic Club,3,0,H,LALIGA,2023-24,openfootball
SERIEA,30/09/2023,AC Milan,SS Lazio,2,0,H,SERIEA,2023-24,openfootball
SERIEA,30/09/2023,US Lecce,SSC Napoli,0,4,A,SERIEA,2023-24,openfootball
SERIEA,30/09/2023,US Salernitana 1919,FC Internazionale Milano,0,4,A,SERIEA,2023-24,openfootball
BUNDESLIGA,01/10/2023,SC Freiburg,FC Augsburg,2,0,H,BUNDESLIGA,2023-24,openfootball
BUNDESLIGA,01/10/2023,SV Darmstadt 98,SV Werder Bremen,4,2,H,BUNDESLIGA,2023-24,openfootball
EPL,01/10/2023,Nottingham Forest FC,Brentford FC,1,1,D,EPL,2023-24,openfootball
LALIGA,01/10/2023,Club Atlético de Madrid,Cádiz CF,3,2,H,LALIGA,2023-24,openfootball
LALIGA,01/10/2023,Deportivo Alavés,CA Osasuna,0,2,A,LALIGA,2023-24,openfootball
LALIGA,01/10/2023,Real Betis Balompié,Valencia CF,3,0,H,LALIGA,2023-24,openfootball
LALIGA,01/10/2023,UD Almería,Granada CF,3,3,D,LALIGA,2023-24,openfootball
SERIEA,01/10/2023,AS Roma,Frosinone Calcio,2,0,H,SERIEA,2023-24,openfootball
SERIEA,01/10/2023,Atalanta BC,Juventus FC,0,0,D,SERIEA,2023-24,openfootball
SERIEA,01/10/2023,Bologna FC 1909,Empoli FC,3,0,H,SERIEA,2023-24,openfootball
SERIEA,01/10/2023,Udinese Calcio,Genoa CFC,2,2,D,SERIEA,2023-24,openfootball
EPL,02/10/2023,Fulham FC,Chelsea FC,0,2,A,EPL,2023-24,openfootball
LALIGA,02/10/2023,UD Las Palmas,RC Celta de Vigo,2,1,H,LALIGA,2023-24,openfootball
SERIEA,02/10/2023,ACF Fiorentina,Cagliari Calcio,3,0,H,SERIEA,2023-24,openfootball
SERIEA,02/10/2023,Torino FC,Hellas Verona FC,0,0,D,SERIEA,2023-24,openfootball
SERIEA,02/10/2023,US Sassuolo Calcio,AC Monza,0,1,A,SERIEA,2023-24,openfootball
EPL,03/10/2023,Luton Town FC,Burnley FC,1,2,A,EPL,2023-24,openfootball
BUNDESLIGA,06/10/2023,Borussia Mönchengladbach,1. FSV Mainz 05,2,2,D,BUNDESLIGA,2023-24,openfootball
LALIGA,06/10/2023,Athletic Club,UD Almería,3,0,H,LALIGA,2023-24,openfootball
SERIEA,06/10/2023,Empoli FC,Udinese Calcio,0,0,D,SERIEA,2023-24,openfootball
SERIEA,06/10/2023,US Lecce,US Sassuolo Calcio,1,1,D,SERIEA,2023-24,openfootball
BUNDESLIGA,07/10/2023,Borussia Dortmund,1. FC Union Berlin,4,2,H,BUNDESLIGA,2023-24,openfootball
BUNDESLIGA,07/10/2023,FC Augsburg,SV Darmstadt 98,1,2,A,BUNDESLIGA,2023-24,openfootball
BUNDESLIGA,07/10/2023,RB Leipzig,VfL Bochum 1848,0,0,D,BUNDESLIGA,2023-24,openfootball
BUNDESLIGA,07/10/2023,SV Werder Bremen,TSG 1899 Hoffenheim,2,3,A,BUNDESLIGA,2023-24,openfootball
BUNDESLIGA,07/10/2023,VfB Stuttgart,VfL Wolfsburg,3,1,H,BUNDESLIGA,2023-24,openfootball
EPL,07/10/2023,Burnley FC,Chelsea FC,1,4,A,EPL,2023-24,openfootball
EPL,07/10/2023,Crystal Palace FC,Nottingham Forest FC,0,0,D,EPL,2023-24,openfootball
EPL,07/10/2023,Everton FC,AFC Bournemouth,3,0,H,EPL,2023-24,openfootball
EPL,07/10/2023,Fulham FC,Sheffield United FC,3,1,H,EPL,2023-24,openfootball
EPL,07/10/2023,Luton Town FC,Tottenham Hotspur FC,0,1,A,EPL,2023-24,openfootball
EPL,07/10/2023,Manchester United FC,Brentford FC,2,1,H,EPL,2023-24,openfootball
LALIGA,07/10/2023,Cádiz CF,Girona FC,0,1,A,LALIGA,2023-24,openfootball
LALIGA,07/10/2023,RCD Mallorca,Valencia CF,1,1,D,LALIGA,2023-24,openfootball
LALIGA,07/10/2023,Real Madrid CF,CA Osasuna,4,0,H,LALIGA,2023-24,openfootball
LALIGA,07/10/2023,Sevilla FC,Rayo Vallecano de Madrid,2,2,D,LALIGA,2023-24,openfootball
SERIEA,07/10/2023,FC Internazionale Milano,Bologna FC 1909,2,2,D,SERIEA,2023-24,openfootball
SERIEA,07/10/2023,Genoa CFC,AC Milan,0,1,A,SERIEA,2023-24,openfootball
SERIEA,07/10/2023,Juventus FC,Torino FC,2,0,H,SERIEA,2023-24,openfootball
BUNDESLIGA,08/10/2023,Bayer 04 Leverkusen,1. FC Köln,3,0,H,BUNDESLIGA,2023-24,openfootball
BUNDESLIGA,08/10/2023,Eintracht Frankfurt,1. FC Heidenheim 1846,2,0,H,BUNDESLIGA,2023-24,openfootball
BUNDESLIGA,08/10/2023,FC Bayern München,SC Freiburg,3,0,H,BUNDESLIGA,2023-24,openfootball
EPL,08/10/2023,Arsenal FC,Manchester City FC,1,0,H,EPL,2023-24,openfootball
EPL,08/10/2023,Brighton & Hove Albion FC,Liverpool FC,2,2,D,EPL,2023-24,openfootball
EPL,08/10/2023,West Ham United FC,Newcastle United FC,2,2,D,EPL,2023-24,openfootball
EPL,08/10/2023,Wolverhampton Wanderers FC,Aston Villa FC,1,1,D,EPL,2023-24,openfootball
LALIGA,08/10/2023,Club Atlético de Madrid,Real Sociedad de Fútbol,2,1,H,LALIGA,2023-24,openfootball
LALIGA,08/10/2023,Deportivo Alavés,Real Betis Balompié,1,1,D,LALIGA,2023-24,openfootball
LALIGA,08/10/2023,Granada CF,FC Barcelona,2,2,D,LALIGA,2023-24,openfootball
LALIGA,08/10/2023,RC Celta de Vigo,Getafe CF,2,2,D,LALIGA,2023-24,openfootball
LALIGA,08/10/2023,Villarreal CF,UD Las Palmas,1,2,A,LALIGA,2023-24,openfootball
SERIEA,08/10/2023,AC Monza,US Salernitana 1919,3,0,H,SERIEA,2023-24,openfootball
SERIEA,08/10/2023,Cagliari Calcio,AS Roma,1,4,A,SERIEA,2023-24,openfootball
SERIEA,08/10/2023,Frosinone Calcio,Hellas Verona FC,2,1,H,SERIEA,2023-24,openfootball
SERIEA,08/10/2023,SS Lazio,Atalanta BC,3,2,H,SERIEA,2023-24,openfootball
SERIEA,08/10/2023,SSC Napoli,ACF Fiorentina,1,3,A,SERIEA,2023-24,openfootball
BUNDESLIGA,20/10/2023,Borussia Dortmund,SV Werder Bremen,1,0,H,BUNDESLIGA,2023-24,openfootball
LALIGA,20/10/2023,CA Osasuna,Granada CF,2,0,H,LALIGA,2023-24,openfootball
BUNDESLIGA,21/10/2023,1. FC Union Berlin,VfB Stuttgart,0,3,A,BUNDESLIGA,2023-24,openfootball
BUNDESLIGA,21/10/2023,1. FSV Mainz 05,FC Bayern München,1,3,A,BUNDESLIGA,2023-24,openfootball
BUNDESLIGA,21/10/2023,SC Freiburg,VfL Bochum 1848,2,1,H,BUNDESLIGA,2023-24,openfootball
BUNDESLIGA,21/10/2023,SV Darmstadt 98,RB Leipzig,1,3,A,BUNDESLIGA,2023-24,openfootball
BUNDESLIGA,21/10/2023,TSG 1899 Hoffenheim,Eintracht Frankfurt,1,3,A,BUNDESLIGA,2023-24,openfootball
BUNDESLIGA,21/10/2023,VfL Wolfsburg,Bayer 04 Leverkusen,1,2,A,BUNDESLIGA,2023-24,openfootball
EPL,21/10/2023,AFC Bournemouth,Wolverhampton Wanderers FC,1,2,A,EPL,2023-24,openfootball
EPL,21/10/2023,Brentford FC,Burnley FC,3,0,H,EPL,2023-24,openfootball
EPL,21/10/2023,Chelsea FC,Arsenal FC,2,2,D,EPL,2023-24,openfootball
EPL,21/10/2023,Liverpool FC,Everton FC,2,0,H,EPL,2023-24,openfootball
EPL,21/10/2023,Manchester City FC,Brighton & Hove Albion FC,2,1,H,EPL,2023-24,openfootball
EPL,21/10/2023,Newcastle United FC,Crystal Palace FC,4,0,H,EPL,2023-24,openfootball
EPL,21/10/2023,Nottingham Forest FC,Luton Town FC,2,2,D,EPL,2023-24,openfootball
EPL,21/10/2023,Sheffield United FC,Manchester United FC,1,2,A,EPL,2023-24,openfootball
LALIGA,21/10/2023,Getafe CF,Real Betis Balompié,1,1,D,LALIGA,2023-24,openfootball
LALIGA,21/10/2023,RC Celta de Vigo,Club Atlético de Madrid,0,3,A,LALIGA,2023-24,openfootball
LALIGA,21/10/2023,Real Sociedad de Fútbol,RCD Mallorca,1,0,H,LALIGA,2023-24,openfootball
LALIGA,21/10/2023,Sevilla FC,Real Madrid CF,1,1,D,LALIGA,2023-24,openfootball
SERIEA,21/10/2023,Hellas Verona FC,SSC Napoli,1,3,A,SERIEA,2023-24,openfootball
SERIEA,21/10/2023,Torino FC,FC Internazionale Milano,0,3,A,SERIEA,2023-24,openfootball
SERIEA,21/10/2023,US Sassuolo Calcio,SS Lazio,0,2,A,SERIEA,2023-24,openfootball
BUNDESLIGA,22/10/2023,1. FC Heidenheim 1846,FC Augsburg,2,5,A,BUNDESLIGA,2023-24,openfootball
BUNDESLIGA,22/10/2023,1. FC Köln,Borussia Mönchengladbach,3,1,H,BUNDESLIGA,2023-24,openfootball
EPL,22/10/2023,Aston Villa FC,West Ham United FC,4,1,H,EPL,2023-24,openfootball
LALIGA,22/10/2023,FC Barcelona,Athletic Club,1,0,H,LALIGA,2023-24,openfootball
LALIGA,22/10/2023,Girona FC,UD Almería,5,2,H,LALIGA,2023-24,openfootball
LALIGA,22/10/2023,UD Las Palmas,Rayo Vallecano de Madrid,0,1,A,LALIGA,2023-24,openfootball
LALIGA,22/10/2023,Villarreal CF,Deportivo Alavés,1,1,D,LALIGA,2023-24,openfootball
SERIEA,22/10/2023,AC Milan,Juventus FC,0,1,A,SERIEA,2023-24,openfootball
SERIEA,22/10/2023,AS Roma,AC Monza,1,0,H,SERIEA,2023-24,openfootball
SERIEA,22/10/2023,Atalanta BC,Genoa CFC,2,0,H,SERIEA,2023-24,openfootball
SERIEA,22/10/2023,Bologna FC 1909,Frosinone Calcio,2,1,H,SERIEA,2023-24,openfootball
SERIEA,22/10/2023,US Salernitana 1919,Cagliari Calcio,2,2,D,SERIEA,2023-24,openfootball
EPL,23/10/2023,Tottenham Hotspur FC,Fulham FC,2,0,H,EPL,2023-24,openfootball
LALIGA,23/10/2023,Valencia CF,Cádiz CF,2,0,H,LALIGA,2023-24,openfootball
SERIEA,23/10/2023,ACF Fiorentina,Empoli FC,0,2,A,SERIEA,2023-24,openfootball
SERIEA,23/10/2023,Udinese Calcio,US Lecce,1,1,D,SERIEA,2023-24,openfootball
BUNDESLIGA,27/10/2023,VfL Bochum 1848,1. FSV Mainz 05,2,2,D,BUNDESLIGA,2023-24,openfootball
EPL,27/10/2023,Crystal Palace FC,Tottenham Hotspur FC,1,2,A,EPL,2023-24,openfootball
LALIGA,27/10/2023,Girona FC,RC Celta de Vigo,1,0,H,LALIGA,2023-24,openfootball
SERIEA,27/10/2023,Genoa CFC,US Salernitana 1919,1,0,H,SERIEA,2023-24,openfootball
BUNDESLIGA,28/10/2023,Borussia Mönchengladbach,1. FC Heidenheim 1846,2,1,H,BUNDESLIGA,2023-24,openfootball
BUNDESLIGA,28/10/2023,FC Augsburg,VfL Wolfsburg,3,2,H,BUNDESLIGA,2023-24,openfootball
BUNDESLIGA,28/10/2023,FC Bayern München,SV Darmstadt 98,8,0,H,BUNDESLIGA,2023-24,openfootball
BUNDESLIGA,28/10/2023,RB Leipzig,1. FC Köln,6,0,H,BUNDESLIGA,2023-24,openfootball
BUNDESLIGA,28/10/2023,SV Werder Bremen,1. FC Union Berlin,2,0,H,BUNDESLIGA,2023-24,openfootball
BUNDESLIGA,28/10/2023,VfB Stuttgart,TSG 1899 Hoffenheim,2,3,A,BUNDESLIGA,2023-24,openfootball
EPL,28/10/2023,AFC Bournemouth,Burnley FC,2,1,H,EPL,2023-24,openfootball
EPL,28/10/2023,Arsenal FC,Sheffield United FC,5,0,H,EPL,2023-24,openfootball
EPL,28/10/2023,Chelsea FC,Brentford FC,0,2,A,EPL,2023-24,openfootball
EPL,28/10/2023,Wolverhampton Wanderers FC,Newcastle United FC,2,2,D,EPL,2023-24,openfootball
LALIGA,28/10/2023,Cádiz CF,Sevilla FC,2,2,D,LALIGA,2023-24,openfootball
LALIGA,28/10/2023,FC Barcelona,Real Madrid CF,1,2,A,LALIGA,2023-24,openfootball
LALIGA,28/10/2023,RCD Mallorca,Getafe CF,0,0,D,LALIGA,2023-24,openfootball
LALIGA,28/10/2023,UD Almería,UD Las Palmas,1,2,A,LALIGA,2023-24,openfootball
SERIEA,28/10/2023,Juventus FC,Hellas Verona FC,1,0,H,SERIEA,2023-24,openfootball
SERIEA,28/10/2023,US Lecce,Torino FC,0,1,A,SERIEA,2023-24,openfootball
SERIEA,28/10/2023,US Sassuolo Calcio,Bologna FC 1909,1,1,D,SERIEA,2023-24,openfootball
BUNDESLIGA,29/10/2023,Bayer 04 Leverkusen,SC Freiburg,2,1,H,BUNDESLIGA,2023-24,openfootball
BUNDESLIGA,29/10/2023,Eintracht Frankfurt,Borussia Dortmund,3,3,D,BUNDESLIGA,2023-24,openfootball
EPL,29/10/2023,Aston Villa FC,Luton Town FC,3,1,H,EPL,2023-24,openfootball
EPL,29/10/2023,Brighton & Hove Albion FC,Fulham FC,1,1,D,EPL,2023-24,openfootball
EPL,29/10/2023,Liverpool FC,Nottingham Forest FC,3,0,H,EPL,2023-24,openfootball
EPL,29/10/2023,Manchester United FC,Manchester City FC,0,3,A,EPL,2023-24,openfootball
EPL,29/10/2023,West Ham United FC,Everton FC,0,1,A,EPL,2023-24,openfootball
LALIGA,29/10/2023,Athletic Club,Valencia CF,2,2,D,LALIGA,2023-24,openfootball
LALIGA,29/10/2023,Club Atlético de Madrid,Deportivo Alavés,2,1,H,LALIGA,2023-24,openfootball
LALIGA,29/10/2023,Rayo Vallecano de Madrid,Real Sociedad de Fútbol,2,2,D,LALIGA,2023-24,openfootball
LALIGA,29/10/2023,Real Betis Balompié,CA Osasuna,2,1,H,LALIGA,2023-24,openfootball
SERIEA,29/10/2023,AC Monza,Udinese Calcio,1,1,D,SERIEA,2023-24,openfootball
SERIEA,29/10/2023,Cagliari Calcio,Frosinone Calcio,4,3,H,SERIEA,2023-24,openfootball
SERIEA,29/10/2023,FC Internazionale Milano,AS Roma,1,0,H,SERIEA,2023-24,openfootball
SERIEA,29/10/2023,SSC Napoli,AC Milan,2,2,D,SERIEA,2023-24,openfootball
LALIGA,30/10/2023,Granada CF,Villarreal CF,2,3,A,LALIGA,2023-24,openfootball
SERIEA,30/10/2023,Empoli FC,Atalanta BC,0,3,A,SERIEA,2023-24,openfootball
SERIEA,30/10/2023,SS Lazio,ACF Fiorentina,1,0,H,SERIEA,2023-24,openfootball
BUNDESLIGA,03/11/2023,SV Darmstadt 98,VfL Bochum 1848,1,2,A,BUNDESLIGA,2023-24,openfootball
LALIGA,03/11/2023,UD Las Palmas,Club Atlético de Madrid,2,1,H,LALIGA,2023-24,openfootball
SERIEA,03/11/2023,Bologna FC 1909,SS Lazio,1,0,H,SERIEA,2023-24,openfootball
BUNDESLIGA,04/11/2023,1. FC Köln,FC Augsburg,1,1,D,BUNDESLIGA,2023-24,openfootball
BUNDESLIGA,04/11/2023,1. FC Union Berlin,Eintracht Frankfurt,0,3,A,BUNDESLIGA,2023-24,openfootball
BUNDESLIGA,04/11/2023,1. FSV Mainz 05,RB Leipzig,2,0,H,BUNDESLIGA,2023-24,openfootball
BUNDESLIGA,04/11/2023,Borussia Dortmund,FC Bayern München,0,4,A,BUNDESLIGA,2023-24,openfootball
BUNDESLIGA,04/11/2023,SC Freiburg,Borussia Mönchengladbach,3,3,D,BUNDESLIGA,2023-24,openfootball
BUNDESLIGA,04/11/2023,TSG 1899 Hoffenheim,Bayer 04 Leverkusen,2,3,A,BUNDESLIGA,2023-24,openfootball
EPL,04/11/2023,Brentford FC,West Ham United FC,3,2,H,EPL,2023-24,openfootball
EPL,04/11/2023,Burnley FC,Crystal Palace FC,0,2,A,EPL,2023-24,openfootball
EPL,04/11/2023,Everton FC,Brighton & Hove Albion FC,1,1,D,EPL,2023-24,openfootball
EPL,04/11/2023,Fulham FC,Manchester United FC,0,1,A,EPL,2023-24,openfootball
EPL,04/11/2023,Manchester City FC,AFC Bournemouth,6,1,H,EPL,2023-24,openfootball
EPL,04/11/2023,Newcastle United FC,Arsenal FC,1,0,H,EPL,2023-24,openfootball
EPL,04/11/2023,Sheffield United FC,Wolverhampton Wanderers FC,2,1,H,EPL,2023-24,openfootball
LALIGA,04/11/2023,CA Osasuna,Girona FC,2,4,A,LALIGA,2023-24,openfootball
LALIGA,04/11/2023,RC Celta de Vigo,Sevilla FC,1,1,D,LALIGA,2023-24,openfootball
LALIGA,04/11/2023,Real Betis Balompié,RCD Mallorca,2,0,H,LALIGA,2023-24,openfootball
LALIGA,04/11/2023,Real Sociedad de Fútbol,FC Barcelona,0,1,A,LALIGA,2023-24,openfootball
SERIEA,04/11/2023,AC Milan,Udinese Calcio,0,1,A,SERIEA,2023-24,openfootball
SERIEA,04/11/2023,Atalanta BC,FC Internazionale Milano,1,2,A,SERIEA,2023-24,openfootball
SERIEA,04/11/2023,US Salernitana 1919,SSC Napoli,0,2,A,SERIEA,2023-24,openfootball
BUNDESLIGA,05/11/2023,1. FC Heidenheim 1846,VfB Stuttgart,2,0,H,BUNDESLIGA,2023-24,openfootball
BUNDESLIGA,05/11/2023,VfL Wolfsburg,SV Werder Bremen,2,2,D,BUNDESLIGA,2023-24,openfootball
EPL,05/11/2023,Luton Town FC,Liverpool FC,1,1,D,EPL,2023-24,openfootball
EPL,05/11/2023,Nottingham Forest FC,Aston Villa FC,2,0,H,EPL,2023-24,openfootball
LALIGA,05/11/2023,Deportivo Alavés,UD Almería,1,0,H,LALIGA,2023-24,openfootball
LALIGA,05/11/2023,Real Madrid CF,Rayo Vallecano de Madrid,0,0,D,LALIGA,2023-24,openfootball
LALIGA,05/11/2023,Valencia CF,Granada CF,1,0,H,LALIGA,2023-24,openfootball
LALIGA,05/11/2023,Villarreal CF,Athletic Club,2,3,A,LALIGA,2023-24,openfootball
SERIEA,05/11/2023,ACF Fiorentina,Juventus FC,0,1,A,SERIEA,2023-24,openfootball
SERIEA,05/11/2023,AS Roma,US Lecce,2,1,H,SERIEA,2023-24,openfootball
SERIEA,05/11/2023,Cagliari Calcio,Genoa CFC,2,1,H,SERIEA,2023-24,openfootball
SERIEA,05/11/2023,Hellas Verona FC,AC Monza,1,3,A,SERIEA,2023-24,openfootball
EPL,06/11/2023,Tottenham Hotspur FC,Chelsea FC,1,4,A,EPL,2023-24,openfootball
LALIGA,06/11/2023,Getafe CF,Cádiz CF,1,0,H,LALIGA,2023-24,openfootball
SERIEA,06/11/2023,Frosinone Calcio,Empoli FC,2,1,H,SERIEA,2023-24,openfootball
SERIEA,06/11/2023,Torino FC,US Sassuolo Calcio,2,1,H,SERIEA,2023-24,openfootball
BUNDESLIGA,10/11/2023,Borussia Mönchengladbach,VfL Wolfsburg,4,0,H,BUNDESLIGA,2023-24,openfootball
LALIGA,10/11/2023,Athletic Club,RC Celta de Vigo,4,3,H,LALIGA,2023-24,openfootball
SERIEA,10/11/2023,Genoa CFC,Hellas Verona FC,1,0,H,SERIEA,2023-24,openfootball
SERIEA,10/11/2023,US Sassuolo Calcio,US Salernitana 1919,2,2,D,SERIEA,2023-24,openfootball
BUNDESLIGA,11/11/2023,FC Augsburg,TSG 1899 Hoffenheim,1,1,D,BUNDESLIGA,2023-24,openfootball
BUNDESLIGA,11/11/2023,FC Bayern München,1. FC Heidenheim 1846,4,2,H,BUNDESLIGA,2023-24,openfootball
BUNDESLIGA,11/11/2023,SV Darmstadt 98,1. FSV Mainz 05,0,0,D,BUNDESLIGA,2023-24,openfootball
BUNDESLIGA,11/11/2023,VfB Stuttgart,Borussia Dortmund,2,1,H,BUNDESLIGA,2023-24,openfootball
BUNDESLIGA,11/11/2023,VfL Bochum 1848,1. FC Köln,1,1,D,BUNDESLIGA,2023-24,openfootball
EPL,11/11/2023,AFC Bournemouth,Newcastle United FC,2,0,H,EPL,2023-24,openfootball
EPL,11/11/2023,Arsenal FC,Burnley FC,3,1,H,EPL,2023-24,openfootball
EPL,11/11/2023,Crystal Palace FC,Everton FC,2,3,A,EPL,2023-24,openfootball
EPL,11/11/2023,Manchester United FC,Luton Town FC,1,0,H,EPL,2023-24,openfootball
EPL,11/11/2023,Wolverhampton Wanderers FC,Tottenham Hotspur FC,2,1,H,EPL,2023-24,openfootball
LALIGA,11/11/2023,CA Osasuna,UD Las Palmas,1,1,D,LALIGA,2023-24,openfootball
LALIGA,11/11/2023,Granada CF,Getafe CF,1,1,D,LALIGA,2023-24,openfootball
LALIGA,11/11/2023,Rayo Vallecano de Madrid,Girona FC,1,2,A,LALIGA,2023-24,openfootball
LALIGA,11/11/2023,Real Madrid CF,Valencia CF,5,1,H,LALIGA,2023-24,openfootball
LALIGA,11/11/2023,UD Almería,Real Sociedad de Fútbol,1,3,A,LALIGA,2023-24,openfootball
SERIEA,11/11/2023,AC Monza,Torino FC,1,1,D,SERIEA,2023-24,openfootball
SERIEA,11/11/2023,Juventus FC,Cagliari Calcio,2,1,H,SERIEA,2023-24,openfootball
SERIEA,11/11/2023,US Lecce,AC Milan,2,2,D,SERIEA,2023-24,openfootball
BUNDESLIGA,12/11/2023,Bayer 04 Leverkusen,1. FC Union Berlin,4,0,H,BUNDESLIGA,2023-24,openfootball
BUNDESLIGA,12/11/2023,RB Leipzig,SC Freiburg,3,1,H,BUNDESLIGA,2023-24,openfootball
BUNDESLIGA,12/11/2023,SV Werder Bremen,Eintracht Frankfurt,2,2,D,BUNDESLIGA,2023-24,openfootball
EPL,12/11/2023,Aston Villa FC,Fulham FC,3,1,H,EPL,2023-24,openfootball
EPL,12/11/2023,Brighton & Hove Albion FC,Sheffield United FC,1,1,D,EPL,2023-24,openfootball
EPL,12/11/2023,Chelsea FC,Manchester City FC,4,4,D,EPL,2023-24,openfootball
EPL,12/11/2023,Liverpool FC,Brentford FC,3,0,H,EPL,2023-24,openfootball
EPL,12/11/2023,West Ham United FC,Nottingham Forest FC,3,2,H,EPL,2023-24,openfootball
LALIGA,12/11/2023,Club Atlético de Madrid,Villarreal CF,3,1,H,LALIGA,2023-24,openfootball
LALIGA,12/11/2023,FC Barcelona,Deportivo Alavés,2,1,H,LALIGA,2023-24,openfootball
LALIGA,12/11/2023,Sevilla FC,Real Betis Balompié,1,1,D,LALIGA,2023-24,openfootball
SERIEA,12/11/2023,ACF Fiorentina,Bologna FC 1909,2,1,H,SERIEA,2023-24,openfootball
SERIEA,12/11/2023,FC Internazionale Milano,Frosinone Calcio,2,0,H,SERIEA,2023-24,openfootball
SERIEA,12/11/2023,SS Lazio,AS Roma,0,0,D,SERIEA,2023-24,openfootball
SERIEA,12/11/2023,SSC Napoli,Empoli FC,0,1,A,SERIEA,2023-24,openfootball
SERIEA,12/11/2023,Udinese Calcio,Atalanta BC,1,1,D,SERIEA,2023-24,openfootball
BUNDESLIGA,24/11/2023,1. FC Köln,FC Bayern München,0,1,A,BUNDESLIGA,2023-24,openfootball
LALIGA,24/11/2023,Deportivo Alavés,Granada CF,3,1,H,LALIGA,2023-24,openfootball
BUNDESLIGA,25/11/2023,1. FC Union Berlin,FC Augsburg,1,1,D,BUNDESLIGA,2023-24,openfootball
BUNDESLIGA,25/11/2023,Borussia Dortmund,Borussia Mönchengladbach,4,2,H,BUNDESLIGA,2023-24,openfootball
BUNDESLIGA,25/11/2023,Eintracht Frankfurt,VfB Stuttgart,1,2,A,BUNDESLIGA,2023-24,openfootball
BUNDESLIGA,25/11/2023,SC Freiburg,SV Darmstadt 98,1,1,D,BUNDESLIGA,2023-24,openfootball
BUNDESLIGA,25/11/2023,SV Werder Bremen,Bayer 04 Leverkusen,0,3,A,BUNDESLIGA,2023-24,openfootball
BUNDESLIGA,25/11/2023,VfL Wolfsburg,RB Leipzig,2,1,H,BUNDESLIGA,2023-24,openfootball
EPL,25/11/2023,Brentford FC,Arsenal FC,0,1,A,EPL,2023-24,openfootball
EPL,25/11/2023,Burnley FC,West Ham United FC,1,2,A,EPL,2023-24,openfootball
EPL,25/11/2023,Luton Town FC,Crystal Palace FC,2,1,H,EPL,2023-24,openfootball
EPL,25/11/2023,Manchester City FC,Liverpool FC,1,1,D,EPL,2023-24,openfootball
EPL,25/11/2023,Newcastle United FC,Chelsea FC,4,1,H,EPL,2023-24,openfootball
EPL,25/11/2023,Nottingham Forest FC,Brighton & Hove Albion FC,2,3,A,EPL,2023-24,openfootball
EPL,25/11/2023,Sheffield United FC,AFC Bournemouth,1,3,A,EPL,2023-24,openfootball
LALIGA,25/11/2023,Club Atlético de Madrid,RCD Mallorca,1,0,H,LALIGA,2023-24,openfootball
LALIGA,25/11/2023,Getafe CF,UD Almería,2,1,H,LALIGA,2023-24,openfootball
LALIGA,25/11/2023,Rayo Vallecano de Madrid,FC Barcelona,1,1,D,LALIGA,2023-24,openfootball
LALIGA,25/11/2023,Valencia CF,RC Celta de Vigo,0,0,D,LALIGA,2023-24,openfootball
SERIEA,25/11/2023,AC Milan,ACF Fiorentina,1,0,H,SERIEA,2023-24,openfootball
SERIEA,25/11/2023,Atalanta BC,SSC Napoli,1,2,A,SERIEA,2023-24,openfootball
SERIEA,25/11/2023,US Salernitana 1919,SS Lazio,2,1,H,SERIEA,2023-24,openfootball
BUNDESLIGA,26/11/2023,1. FC Heidenheim 1846,VfL Bochum 1848,0,0,D,BUNDESLIGA,2023-24,openfootball
BUNDESLIGA,26/11/2023,TSG 1899 Hoffenheim,1. FSV Mainz 05,1,1,D,BUNDESLIGA,2023-24,openfootball
EPL,26/11/2023,Everton FC,Manchester United FC,0,3,A,EPL,2023-24,openfootball
EPL,26/11/2023,Tottenham Hotspur FC,Aston Villa FC,1,2,A,EPL,2023-24,openfootball
LALIGA,26/11/2023,Cádiz CF,Real Madrid CF,0,3,A,LALIGA,2023-24,openfootball
LALIGA,26/11/2023,Real Betis Balompié,UD Las Palmas,1,0,H,LALIGA,2023-24,openfootball
LALIGA,26/11/2023,Real Sociedad de Fútbol,Sevilla FC,2,1,H,LALIGA,2023-24,openfootball
LALIGA,26/11/2023,Villarreal CF,CA Osasuna,3,1,H,LALIGA,2023-24,openfootball
SERIEA,26/11/2023,AS Roma,Udinese Calcio,3,1,H,SERIEA,2023-24,openfootball
SERIEA,26/11/2023,Cagliari Calcio,AC Monza,1,1,D,SERIEA,2023-24,openfootball
SERIEA,26/11/2023,Empoli FC,US Sassuolo Calcio,3,4,A,SERIEA,2023-24,openfootball
SERIEA,26/11/2023,Frosinone Calcio,Genoa CFC,2,1,H,SERIEA,2023-24,openfootball
SERIEA,26/11/2023,Juventus FC,FC Internazionale Milano,1,1,D,SERIEA,2023-24,openfootball
EPL,27/11/2023,Fulham FC,Wolverhampton Wanderers FC,3,2,H,EPL,2023-24,openfootball
LALIGA,27/11/2023,Girona FC,Athletic Club,1,1,D,LALIGA,2023-24,openfootball
SERIEA,27/11/2023,Bologna FC 1909,Torino FC,2,0,H,SERIEA,2023-24,openfootball
SERIEA,27/11/2023,Hellas Verona FC,US Lecce,2,2,D,SERIEA,2023-24,openfootball
LALIGA,29/11/2023,RCD Mallorca,Cádiz CF,1,1,D,LALIGA,2023-24,openfootball
BUNDESLIGA,01/12/2023,SV Darmstadt 98,1. FC Köln,0,1,A,BUNDESLIGA,2023-24,openfootball
LALIGA,01/12/2023,UD Las Palmas,Getafe CF,2,0,H,LALIGA,2023-24,openfootball
SERIEA,01/12/2023,AC Monza,Juventus FC,1,2,A,SERIEA,2023-24,openfootball
BUNDESLIGA,02/12/2023,Borussia Mönchengladbach,TSG 1899 Hoffenheim,2,1,H,BUNDESLIGA,2023-24,openfootball
BUNDESLIGA,02/12/2023,RB Leipzig,1. FC Heidenheim 1846,2,1,H,BUNDESLIGA,2023-24,openfootball
BUNDESLIGA,02/12/2023,VfB Stuttgart,SV Werder Bremen,2,0,H,BUNDESLIGA,2023-24,openfootball
BUNDESLIGA,02/12/2023,VfL Bochum 1848,VfL Wolfsburg,3,1,H,BUNDESLIGA,2023-24,openfootball
EPL,02/12/2023,Arsenal FC,Wolverhampton Wanderers FC,2,1,H,EPL,2023-24,openfootball
EPL,02/12/2023,Brentford FC,Luton Town FC,3,1,H,EPL,2023-24,openfootball
EPL,02/12/2023,Burnley FC,Sheffield United FC,5,0,H,EPL,2023-24,openfootball
EPL,02/12/2023,Newcastle United FC,Manchester United FC,1,0,H,EPL,2023-24,openfootball
EPL,02/12/2023,Nottingham Forest FC,Everton FC,0,1,A,EPL,2023-24,openfootball
LALIGA,02/12/2023,Athletic Club,Rayo Vallecano de Madrid,4,0,H,LALIGA,2023-24,openfootball
LALIGA,02/12/2023,CA Osasuna,Real Sociedad de Fútbol,1,1,D,LALIGA,2023-24,openfootball
LALIGA,02/12/2023,Girona FC,Valencia CF,2,1,H,LALIGA,2023-24,openfootball
LALIGA,02/12/2023,Real Madrid CF,Granada CF,2,0,H,LALIGA,2023-24,openfootball
SERIEA,02/12/2023,AC Milan,Frosinone Calcio,3,1,H,SERIEA,2023-24,openfootball
SERIEA,02/12/2023,Genoa CFC,Empoli FC,1,1,D,SERIEA,2023-24,openfootball
SERIEA,02/12/2023,SS Lazio,Cagliari Calcio,1,0,H,SERIEA,2023-24,openfootball
BUNDESLIGA,03/12/2023,1. FSV Mainz 05,SC Freiburg,0,1,A,BUNDESLIGA,2023-24,openfootball
BUNDESLIGA,03/12/2023,Bayer 04 Leverkusen,Borussia Dortmund,1,1,D,BUNDESLIGA,2023-24,openfootball
BUNDESLIGA,03/12/2023,FC Augsburg,Eintracht Frankfurt,2,1,H,BUNDESLIGA,2023-24,openfootball
EPL,03/12/2023,AFC Bournemouth,Aston Villa FC,2,2,D,EPL,2023-24,openfootball
EPL,03/12/2023,Chelsea FC,Brighton & Hove Albion FC,3,2,H,EPL,2023-24,openfootball
EPL,03/12/2023,Liverpool FC,Fulham FC,4,3,H,EPL,2023-24,openfootball
EPL,03/12/2023,Manchester City FC,Tottenham Hotspur FC,3,3,D,EPL,2023-24,openfootball
EPL,03/12/2023,West Ham United FC,Crystal Palace FC,1,1,D,EPL,2023-24,openfootball
LALIGA,03/12/2023,FC Barcelona,Club Atlético de Madrid,1,0,H,LALIGA,2023-24,openfootball
LALIGA,03/12/2023,RCD Mallorca,Deportivo Alavés,0,0,D,LALIGA,2023-24,openfootball
LALIGA,03/12/2023,Sevilla FC,Villarreal CF,1,1,D,LALIGA,2023-24,openfootball
LALIGA,03/12/2023,UD Almería,Real Betis Balompié,0,0,D,LALIGA,2023-24,openfootball
SERIEA,03/12/2023,ACF Fiorentina,US Salernitana 1919,3,0,H,SERIEA,2023-24,openfootball
SERIEA,03/12/2023,SSC Napoli,FC Internazionale Milano,0,3,A,SERIEA,2023-24,openfootball
SERIEA,03/12/2023,US Lecce,Bologna FC 1909,1,1,D,SERIEA,2023-24,openfootball
SERIEA,03/12/2023,US Sassuolo Calcio,AS Roma,1,2,A,SERIEA,2023-24,openfootball
SERIEA,03/12/2023,Udinese Calcio,Hellas Verona FC,3,3,D,SERIEA,2023-24,openfootball
LALIGA,04/12/2023,RC Celta de Vigo,Cádiz CF,1,1,D,LALIGA,2023-24,openfootball
SERIEA,04/12/2023,Torino FC,Atalanta BC,3,0,H,SERIEA,2023-24,openfootball
EPL,05/12/2023,Luton Town FC,Arsenal FC,3,4,A,EPL,2023-24,openfootball
EPL,05/12/2023,Wolverhampton Wanderers FC,Burnley FC,1,0,H,EPL,2023-24,openfootball
EPL,06/12/2023,Aston Villa FC,Manchester City FC,1,0,H,EPL,2023-24,openfootball
EPL,06/12/2023,Brighton & Hove Albion FC,Brentford FC,2,1,H,EPL,2023-24,openfootball
EPL,06/12/2023,Crystal Palace FC,AFC Bournemouth,0,2,A,EPL,2023-24,openfootball
EPL,06/12/2023,Fulham FC,Nottingham Forest FC,5,0,H,EPL,2023-24,openfootball
EPL,06/12/2023,Manchester United FC,Chelsea FC,2,1,H,EPL,2023-24,openfootball
EPL,06/12/2023,Sheffield United FC,Liverpool FC,0,2,A,EPL,2023-24,openfootball
EPL,07/12/2023,Everton FC,Newcastle United FC,3,0,H,EPL,2023-24,openfootball
EPL,07/12/2023,Tottenham Hotspur FC,West Ham United FC,1,2,A,EPL,2023-24,openfootball
BUNDESLIGA,08/12/2023,TSG 1899 Hoffenheim,VfL Bochum 1848,3,1,H,BUNDESLIGA,2023-24,openfootball
LALIGA,08/12/2023,Getafe CF,Valencia CF,1,0,H,LALIGA,2023-24,openfootball
SERIEA,08/12/2023,Juventus FC,SSC Napoli,1,0,H,SERIEA,2023-24,openfootball
BUNDESLIGA,09/12/2023,1. FC Heidenheim 1846,SV Darmstadt 98,3,2,H,BUNDESLIGA,2023-24,openfootball
BUNDESLIGA,09/12/2023,1. FC Union Berlin,Borussia Mönchengladbach,3,1,H,BUNDESLIGA,2023-24,openfootball
BUNDESLIGA,09/12/2023,Borussia Dortmund,RB Leipzig,2,3,A,BUNDESLIGA,2023-24,openfootball
BUNDESLIGA,09/12/2023,Eintracht Frankfurt,FC Bayern München,5,1,H,BUNDESLIGA,2023-24,openfootball
BUNDESLIGA,09/12/2023,SV Werder Bremen,FC Augsburg,2,0,H,BUNDESLIGA,2023-24,openfootball
BUNDESLIGA,09/12/2023,VfL Wolfsburg,SC Freiburg,0,1,A,BUNDESLIGA,2023-24,openfootball
EPL,09/12/2023,Aston Villa FC,Arsenal FC,1,0,H,EPL,2023-24,openfootball
EPL,09/12/2023,Brighton & Hove Albion FC,Burnley FC,1,1,D,EPL,2023-24,openfootball
EPL,09/12/2023,Crystal Palace FC,Liverpool FC,1,2,A,EPL,2023-24,openfootball
EPL,09/12/2023,Manchester United FC,AFC Bournemouth,0,3,A,EPL,2023-24,openfootball
EPL,09/12/2023,Sheffield United FC,Brentford FC,1,0,H,EPL,2023-24,openfootball
EPL,09/12/2023,Wolverhampton Wanderers FC,Nottingham Forest FC,1,1,D,EPL,2023-24,openfootball
LALIGA,09/12/2023,Deportivo Alavés,UD Las Palmas,0,1,A,LALIGA,2023-24,openfootball
LALIGA,09/12/2023,RCD Mallorca,Sevilla FC,1,0,H,LALIGA,2023-24,openfootball
LALIGA,09/12/2023,Real Betis Balompié,Real Madrid CF,1,1,D,LALIGA,2023-24,openfootball
LALIGA,09/12/2023,Villarreal CF,Real Sociedad de Fútbol,0,3,A,LALIGA,2023-24,openfootball
SERIEA,09/12/2023,Atalanta BC,AC Milan,3,2,H,SERIEA,2023-24,openfootball
SERIEA,09/12/2023,FC Internazionale Milano,Udinese Calcio,4,0,H,SERIEA,2023-24,openfootball
SERIEA,09/12/2023,Hellas Verona FC,SS Lazio,1,1,D,SERIEA,2023-24,openfootball
BUNDESLIGA,10/12/2023,1. FC Köln,1. FSV Mainz 05,0,0,D,BUNDESLIGA,2023-24,openfootball
BUNDESLIGA,10/12/2023,VfB Stuttgart,Bayer 04 Leverkusen,1,1,D,BUNDESLIGA,2023-24,openfootball
EPL,10/12/2023,Everton FC,Chelsea FC,2,0,H,EPL,2023-24,openfootball
EPL,10/12/2023,Fulham FC,West Ham United FC,5,0,H,EPL,2023-24,openfootball
EPL,10/12/2023,Luton Town FC,Manchester City FC,1,2,A,EPL,2023-24,openfootball
EPL,10/12/2023,Tottenham Hotspur FC,Newcastle United FC,4,1,H,EPL,2023-24,openfootball
LALIGA,10/12/2023,Club Atlético de Madrid,UD Almería,2,1,H,LALIGA,2023-24,openfootball
LALIGA,10/12/2023,Cádiz CF,CA Osasuna,1,1,D,LALIGA,2023-24,openfootball
LALIGA,10/12/2023,FC Barcelona,Girona FC,2,4,A,LALIGA,2023-24,openfootball
SERIEA,10/12/2023,AC Monza,Genoa CFC,1,0,H,SERIEA,2023-24,openfootball
SERIEA,10/12/2023,AS Roma,ACF Fiorentina,1,1,D,SERIEA,2023-24,openfootball
SERIEA,10/12/2023,Frosinone Calcio,Torino FC,0,0,D,SERIEA,2023-24,openfootball
SERIEA,10/12/2023,US Salernitana 1919,Bologna FC 1909,1,2,A,SERIEA,2023-24,openfootball
LALIGA,11/12/2023,Granada CF,Athletic Club,1,1,D,LALIGA,2023-24,openfootball
LALIGA,11/12/2023,Rayo Vallecano de Madrid,RC Celta de Vigo,0,0,D,LALIGA,2023-24,openfootball
SERIEA,11/12/2023,Cagliari Calcio,US Sassuolo Calcio,2,1,H,SERIEA,2023-24,openfootball
SERIEA,11/12/2023,Empoli FC,US Lecce,1,1,D,SERIEA,2023-24,openfootball
BUNDESLIGA,15/12/2023,Borussia Mönchengladbach,SV Werder Bremen,2,2,D,BUNDESLIGA,2023-24,openfootball
EPL,15/12/2023,Nottingham Forest FC,Tottenham Hotspur FC,0,2,A,EPL,2023-24,openfootball
LALIGA,15/12/2023,CA Osasuna,Rayo Vallecano de Madrid,1,0,H,LALIGA,2023-24,openfootball
SERIEA,15/12/2023,Genoa CFC,Juventus FC,1,1,D,SERIEA,2023-24,openfootball
BUNDESLIGA,16/12/2023,1. FSV Mainz 05,1. FC Heidenheim 1846,0,1,A,BUNDESLIGA,2023-24,openfootball
BUNDESLIGA,16/12/2023,FC Augsburg,Borussia Dortmund,1,1,D,BUNDESLIGA,2023-24,openfootball
BUNDESLIGA,16/12/2023,RB Leipzig,TSG 1899 Hoffenheim,3,1,H,BUNDESLIGA,2023-24,openfootball
BUNDESLIGA,16/12/2023,SV Darmstadt 98,VfL Wolfsburg,0,1,A,BUNDESLIGA,2023-24,openfootball
BUNDESLIGA,16/12/2023,VfL Bochum 1848,1. FC Union Berlin,3,0,H,BUNDESLIGA,2023-24,openfootball
EPL,16/12/2023,Burnley FC,Everton FC,0,2,A,EPL,2023-24,openfootball
EPL,16/12/2023,Chelsea FC,Sheffield United FC,2,0,H,EPL,2023-24,openfootball
EPL,16/12/2023,Manchester City FC,Crystal Palace FC,2,2,D,EPL,2023-24,openfootball
EPL,16/12/2023,Newcastle United FC,Fulham FC,3,0,H,EPL,2023-24,openfootball
LALIGA,16/12/2023,Athletic Club,Club Atlético de Madrid,2,0,H,LALIGA,2023-24,openfootball
LALIGA,16/12/2023,RC Celta de Vigo,Granada CF,1,0,H,LALIGA,2023-24,openfootball
LALIGA,16/12/2023,Sevilla FC,Getafe CF,0,3,A,LALIGA,2023-24,openfootball
LALIGA,16/12/2023,Valencia CF,FC Barcelona,1,1,D,LALIGA,2023-24,openfootball
SERIEA,16/12/2023,SSC Napoli,Cagliari Calcio,2,1,H,SERIEA,2023-24,openfootball
SERIEA,16/12/2023,Torino FC,Empoli FC,1,0,H,SERIEA,2023-24,openfootball
SERIEA,16/12/2023,US Lecce,Frosinone Calcio,2,1,H,SERIEA,2023-24,openfootball
BUNDESLIGA,17/12/2023,Bayer 04 Leverkusen,Eintracht Frankfurt,3,0,H,BUNDESLIGA,2023-24,openfootball
BUNDESLIGA,17/12/2023,FC Bayern München,VfB Stuttgart,3,0,H,BUNDESLIGA,2023-24,openfootball
BUNDESLIGA,17/12/2023,SC Freiburg,1. FC Köln,2,0,H,BUNDESLIGA,2023-24,openfootball
EPL,17/12/2023,Arsenal FC,Brighton & Hove Albion FC,2,0,H,EPL,2023-24,openfootball
EPL,17/12/2023,Brentford FC,Aston Villa FC,1,2,A,EPL,2023-24,openfootball
EPL,17/12/2023,Liverpool FC,Manchester United FC,0,0,D,EPL,2023-24,openfootball
EPL,17/12/2023,West Ham United FC,Wolverhampton Wanderers FC,3,0,H,EPL,2023-24,openfootball
LALIGA,17/12/2023,Real Madrid CF,Villarreal CF,4,1,H,LALIGA,2023-24,openfootball
LALIGA,17/12/2023,Real Sociedad de Fútbol,Real Betis Balompié,0,0,D,LALIGA,2023-24,openfootball
LALIGA,17/12/2023,UD Almería,RCD Mallorca,0,0,D,LALIGA,2023-24,openfootball
LALIGA,17/12/2023,UD Las Palmas,Cádiz CF,1,1,D,LALIGA,2023-24,openfootball
SERIEA,17/12/2023,AC Milan,AC Monza,3,0,H,SERIEA,2023-24,openfootball
SERIEA,17/12/2023,ACF Fiorentina,Hellas Verona FC,1,0,H,SERIEA,2023-24,openfootball
SERIEA,17/12/2023,Bologna FC 1909,AS Roma,2,0,H,SERIEA,2023-24,openfootball
SERIEA,17/12/2023,SS Lazio,FC Internazionale Milano,0,2,A,SERIEA,2023-24,openfootball
SERIEA,17/12/2023,Udinese Calcio,US Sassuolo Calcio,2,2,D,SERIEA,2023-24,openfootball
LALIGA,18/12/2023,Girona FC,Deportivo Alavés,3,0,H,LALIGA,2023-24,openfootball
SERIEA,18/12/2023,Atalanta BC,US Salernitana 1919,4,1,H,SERIEA,2023-24,openfootball
BUNDESLIGA,19/12/2023,Borussia Dortmund,1. FSV Mainz 05,1,1,D,BUNDESLIGA,2023-24,openfootball
BUNDESLIGA,19/12/2023,SV Werder Bremen,RB Leipzig,1,1,D,BUNDESLIGA,2023-24,openfootball
BUNDESLIGA,19/12/2023,TSG 1899 Hoffenheim,SV Darmstadt 98,3,3,D,BUNDESLIGA,2023-24,openfootball
LALIGA,19/12/2023,Club Atlético de Madrid,Getafe CF,3,3,D,LALIGA,2023-24,openfootball
LALIGA,19/12/2023,Granada CF,Sevilla FC,0,3,A,LALIGA,2023-24,openfootball
LALIGA,19/12/2023,Rayo Vallecano de Madrid,Valencia CF,0,1,A,LALIGA,2023-24,openfootball
BUNDESLIGA,20/12/2023,1. FC Heidenheim 1846,SC Freiburg,3,2,H,BUNDESLIGA,2023-24,openfootball
BUNDESLIGA,20/12/2023,1. FC Union Berlin,1. FC Köln,2,0,H,BUNDESLIGA,2023-24,openfootball
BUNDESLIGA,20/12/2023,Bayer 04 Leverkusen,VfL Bochum 1848,4,0,H,BUNDESLIGA,2023-24,openfootball
BUNDESLIGA,20/12/2023,Eintracht Frankfurt,Borussia Mönchengladbach,2,1,H,BUNDESLIGA,2023-24,openfootball
BUNDESLIGA,20/12/2023,VfB Stuttgart,FC Augsburg,3,0,H,BUNDESLIGA,2023-24,openfootball
BUNDESLIGA,20/12/2023,VfL Wolfsburg,FC Bayern München,1,2,A,BUNDESLIGA,2023-24,openfootball
LALIGA,20/12/2023,Athletic Club,UD Las Palmas,1,0,H,LALIGA,2023-24,openfootball
LALIGA,20/12/2023,FC Barcelona,UD Almería,3,2,H,LALIGA,2023-24,openfootball
LALIGA,20/12/2023,Villarreal CF,RC Celta de Vigo,3,2,H,LALIGA,2023-24,openfootball
EPL,21/12/2023,Crystal Palace FC,Brighton & Hove Albion FC,1,1,D,EPL,2023-24,openfootball
LALIGA,21/12/2023,Cádiz CF,Real Sociedad de Fútbol,0,0,D,LALIGA,2023-24,openfootball
LALIGA,21/12/2023,Deportivo Alavés,Real Madrid CF,0,1,A,LALIGA,2023-24,openfootball
LALIGA,21/12/2023,RCD Mallorca,CA Osasuna,3,2,H,LALIGA,2023-24,openfootball
LALIGA,21/12/2023,Real Betis Balompié,Girona FC,1,1,D,LALIGA,2023-24,openfootball
EPL,22/12/2023,Aston Villa FC,Sheffield United FC,1,1,D,EPL,2023-24,openfootball
SERIEA,22/12/2023,AC Monza,ACF Fiorentina,0,1,A,SERIEA,2023-24,openfootball
SERIEA,22/12/2023,Empoli FC,SS Lazio,0,2,A,SERIEA,2023-24,openfootball
SERIEA,22/12/2023,US Salernitana 1919,AC Milan,2,2,D,SERIEA,2023-24,openfootball
SERIEA,22/12/2023,US Sassuolo Calcio,Genoa CFC,1,2,A,SERIEA,2023-24,openfootball
EPL,23/12/2023,Fulham FC,Burnley FC,0,2,A,EPL,2023-24,openfootball
EPL,23/12/2023,Liverpool FC,Arsenal FC,1,1,D,EPL,2023-24,openfootball
EPL,23/12/2023,Luton Town FC,Newcastle United FC,1,0,H,EPL,2023-24,openfootball
EPL,23/12/2023,Nottingham Forest FC,AFC Bournemouth,2,3,A,EPL,2023-24,openfootball
EPL,23/12/2023,Tottenham Hotspur FC,Everton FC,2,1,H,EPL,2023-24,openfootball
EPL,23/12/2023,West Ham United FC,Manchester United FC,2,0,H,EPL,2023-24,openfootball
LALIGA,23/12/2023,Club Atlético de Madrid,Sevilla FC,1,0,H,LALIGA,2023-24,openfootball
SERIEA,23/12/2023,AS Roma,SSC Napoli,2,0,H,SERIEA,2023-24,openfootball
SERIEA,23/12/2023,Bologna FC 1909,Atalanta BC,1,0,H,SERIEA,2023-24,openfootball
SERIEA,23/12/2023,FC Internazionale Milano,US Lecce,2,0,H,SERIEA,2023-24,openfootball
SERIEA,23/12/2023,Frosinone Calcio,Juventus FC,1,2,A,SERIEA,2023-24,openfootball
SERIEA,23/12/2023,Hellas Verona FC,Cagliari Calcio,2,0,H,SERIEA,2023-24,openfootball
SERIEA,23/12/2023,Torino FC,Udinese Calcio,1,1,D,SERIEA,2023-24,openfootball
EPL,24/12/2023,Wolverhampton Wanderers FC,Chelsea FC,2,1,H,EPL,2023-24,openfootball
EPL,26/12/2023,AFC Bournemouth,Fulham FC,3,0,H,EPL,2023-24,openfootball
EPL,26/12/2023,Burnley FC,Liverpool FC,0,2,A,EPL,2023-24,openfootball
EPL,26/12/2023,Manchester United FC,Aston Villa FC,3,2,H,EPL,2023-24,openfootball
EPL,26/12/2023,Newcastle United FC,Nottingham Forest FC,1,3,A,EPL,2023-24,openfootball
EPL,26/12/2023,Sheffield United FC,Luton Town FC,2,3,A,EPL,2023-24,openfootball
EPL,27/12/2023,Brentford FC,Wolverhampton Wanderers FC,1,4,A,EPL,2023-24,openfootball
EPL,27/12/2023,Chelsea FC,Crystal Palace FC,2,1,H,EPL,2023-24,openfootball
EPL,27/12/2023,Everton FC,Manchester City FC,1,3,A,EPL,2023-24,openfootball
EPL,28/12/2023,Arsenal FC,West Ham United FC,0,2,A,EPL,2023-24,openfootball
EPL,28/12/2023,Brighton & Hove Albion FC,Tottenham Hotspur FC,4,2,H,EPL,2023-24,openfootball
SERIEA,29/12/2023,ACF Fiorentina,Torino FC,1,0,H,SERIEA,2023-24,openfootball
SERIEA,29/12/2023,Genoa CFC,FC Internazionale Milano,1,1,D,SERIEA,2023-24,openfootball
SERIEA,29/12/2023,SS Lazio,Frosinone Calcio,3,1,H,SERIEA,2023-24,openfootball
SERIEA,29/12/2023,SSC Napoli,AC Monza,0,0,D,SERIEA,2023-24,openfootball
EPL,30/12/2023,Aston Villa FC,Burnley FC,3,2,H,EPL,2023-24,openfootball
EPL,30/12/2023,Crystal Palace FC,Brentford FC,3,1,H,EPL,2023-24,openfootball
EPL,30/12/2023,Luton Town FC,Chelsea FC,2,3,A,EPL,2023-24,openfootball
EPL,30/12/2023,Manchester City FC,Sheffield United FC,2,0,H,EPL,2023-24,openfootball
EPL,30/12/2023,Nottingham Forest FC,Manchester United FC,2,1,H,EPL,2023-24,openfootball
EPL,30/12/2023,Wolverhampton Wanderers FC,Everton FC,3,0,H,EPL,2023-24,openfootball
SERIEA,30/12/2023,AC Milan,US Sassuolo Calcio,1,0,H,SERIEA,2023-24,openfootball
SERIEA,30/12/2023,Atalanta BC,US Lecce,1,0,H,SERIEA,2023-24,openfootball
SERIEA,30/12/2023,Cagliari Calcio,Empoli FC,0,0,D,SERIEA,2023-24,openfootball
SERIEA,30/12/2023,Hellas Verona FC,US Salernitana 1919,0,1,A,SERIEA,2023-24,openfootball
SERIEA,30/12/2023,Juventus FC,AS Roma,1,0,H,SERIEA,2023-24,openfootball
SERIEA,30/12/2023,Udinese Calcio,Bologna FC 1909,3,0,H,SERIEA,2023-24,openfootball
EPL,31/12/2023,Fulham FC,Arsenal FC,2,1,H,EPL,2023-24,openfootball
EPL,31/12/2023,Tottenham Hotspur FC,AFC Bournemouth,3,1,H,EPL,2023-24,openfootball
EPL,01/01/2024,Liverpool FC,Newcastle United FC,4,2,H,EPL,2023-24,openfootball
EPL,02/01/2024,West Ham United FC,Brighton & Hove Albion FC,0,0,D,EPL,2023-24,openfootball
LALIGA,02/01/2024,Getafe CF,Rayo Vallecano de Madrid,0,2,A,LALIGA,2023-24,openfootball
LALIGA,02/01/2024,Real Sociedad de Fútbol,Deportivo Alavés,1,1,D,LALIGA,2023-24,openfootball
LALIGA,02/01/2024,Valencia CF,Villarreal CF,3,1,H,LALIGA,2023-24,openfootball
LALIGA,03/01/2024,Girona FC,Club Atlético de Madrid,4,3,H,LALIGA,2023-24,openfootball
LALIGA,03/01/2024,Granada CF,Cádiz CF,2,0,H,LALIGA,2023-24,openfootball
LALIGA,03/01/2024,RC Celta de Vigo,Real Betis Balompié,2,1,H,LALIGA,2023-24,openfootball
LALIGA,03/01/2024,Real Madrid CF,RCD Mallorca,1,0,H,LALIGA,2023-24,openfootball
LALIGA,04/01/2024,CA Osasuna,UD Almería,1,0,H,LALIGA,2023-24,openfootball
LALIGA,04/01/2024,Sevilla FC,Athletic Club,0,2,A,LALIGA,2023-24,openfootball
LALIGA,04/01/2024,UD Las Palmas,FC Barcelona,1,2,A,LALIGA,2023-24,openfootball
SERIEA,05/01/2024,Bologna FC 1909,Genoa CFC,1,1,D,SERIEA,2023-24,openfootball
SERIEA,06/01/2024,FC Internazionale Milano,Hellas Verona FC,2,1,H,SERIEA,2023-24,openfootball
SERIEA,06/01/2024,Frosinone Calcio,AC Monza,2,3,A,SERIEA,2023-24,openfootball
SERIEA,06/01/2024,US Lecce,Cagliari Calcio,1,1,D,SERIEA,2023-24,openfootball
SERIEA,06/01/2024,US Sassuolo Calcio,ACF Fiorentina,1,0,H,SERIEA,2023-24,openfootball
SERIEA,07/01/2024,AS Roma,Atalanta BC,1,1,D,SERIEA,2023-24,openfootball
SERIEA,07/01/2024,Empoli FC,AC Milan,0,3,A,SERIEA,2023-24,openfootball
SERIEA,07/01/2024,Torino FC,SSC Napoli,3,0,H,SERIEA,2023-24,openfootball
SERIEA,07/01/2024,US Salernitana 1919,Juventus FC,1,2,A,SERIEA,2023-24,openfootball
SERIEA,07/01/2024,Udinese Calcio,SS Lazio,1,2,A,SERIEA,2023-24,openfootball
BUNDESLIGA,12/01/2024,FC Bayern München,TSG 1899 Hoffenheim,3,0,H,BUNDESLIGA,2023-24,openfootball
EPL,12/01/2024,Burnley FC,Luton Town FC,1,1,D,EPL,2023-24,openfootball
LALIGA,12/01/2024,Sevilla FC,Deportivo Alavés,2,3,A,LALIGA,2023-24,openfootball
BUNDESLIGA,13/01/2024,1. FC Köln,1. FC Heidenheim 1846,1,1,D,BUNDESLIGA,2023-24,openfootball
BUNDESLIGA,13/01/2024,1. FSV Mainz 05,VfL Wolfsburg,1,1,D,BUNDESLIGA,2023-24,openfootball
BUNDESLIGA,13/01/2024,FC Augsburg,Bayer 04 Leverkusen,0,1,A,BUNDESLIGA,2023-24,openfootball
BUNDESLIGA,13/01/2024,RB Leipzig,Eintracht Frankfurt,0,1,A,BUNDESLIGA,2023-24,openfootball
BUNDESLIGA,13/01/2024,SC Freiburg,1. FC Union Berlin,0,0,D,BUNDESLIGA,2023-24,openfootball
BUNDESLIGA,13/01/2024,SV Darmstadt 98,Borussia Dortmund,0,3,A,BUNDESLIGA,2023-24,openfootball
EPL,13/01/2024,Chelsea FC,Fulham FC,1,0,H,EPL,2023-24,openfootball
EPL,13/01/2024,Newcastle United FC,Manchester City FC,2,3,A,EPL,2023-24,openfootball
LALIGA,13/01/2024,Athletic Club,Real Sociedad de Fútbol,2,1,H,LALIGA,2023-24,openfootball
LALIGA,13/01/2024,RCD Mallorca,RC Celta de Vigo,1,1,D,LALIGA,2023-24,openfootball
LALIGA,13/01/2024,Real Betis Balompié,Granada CF,1,0,H,LALIGA,2023-24,openfootball
LALIGA,13/01/2024,UD Las Palmas,Villarreal CF,3,0,H,LALIGA,2023-24,openfootball
SERIEA,13/01/2024,AC Monza,FC Internazionale Milano,1,5,A,SERIEA,2023-24,openfootball
SERIEA,13/01/2024,Genoa CFC,Torino FC,0,0,D,SERIEA,2023-24,openfootball
SERIEA,13/01/2024,Hellas Verona FC,Empoli FC,2,1,H,SERIEA,2023-24,openfootball
SERIEA,13/01/2024,SSC Napoli,US Salernitana 1919,2,1,H,SERIEA,2023-24,openfootball
BUNDESLIGA,14/01/2024,Borussia Mönchengladbach,VfB Stuttgart,3,1,H,BUNDESLIGA,2023-24,openfootball
BUNDESLIGA,14/01/2024,VfL Bochum 1848,SV Werder Bremen,1,1,D,BUNDESLIGA,2023-24,openfootball
EPL,14/01/2024,Everton FC,Aston Villa FC,0,0,D,EPL,2023-24,openfootball
EPL,14/01/2024,Manchester United FC,Tottenham Hotspur FC,2,2,D,EPL,2023-24,openfootball
LALIGA,14/01/2024,Cádiz CF,Valencia CF,1,4,A,LALIGA,2023-24,openfootball
LALIGA,14/01/2024,UD Almería,Girona FC,0,0,D,LALIGA,2023-24,openfootball
SERIEA,14/01/2024,AC Milan,AS Roma,3,1,H,SERIEA,2023-24,openfootball
SERIEA,14/01/2024,ACF Fiorentina,Udinese Calcio,2,2,D,SERIEA,2023-24,openfootball
SERIEA,14/01/2024,Cagliari Calcio,Bologna FC 1909,2,1,H,SERIEA,2023-24,openfootball
SERIEA,14/01/2024,SS Lazio,US Lecce,1,0,H,SERIEA,2023-24,openfootball
SERIEA,15/01/2024,Atalanta BC,Frosinone Calcio,5,0,H,SERIEA,2023-24,openfootball
SERIEA,16/01/2024,Juventus FC,US Sassuolo Calcio,3,0,H,SERIEA,2023-24,openfootball
LALIGA,19/01/2024,Deportivo Alavés,Cádiz CF,1,0,H,LALIGA,2023-24,openfootball
BUNDESLIGA,20/01/2024,1. FC Heidenheim 1846,VfL Wolfsburg,1,1,D,BUNDESLIGA,2023-24,openfootball
BUNDESLIGA,20/01/2024,1. FC Köln,Borussia Dortmund,0,4,A,BUNDESLIGA,2023-24,openfootball
BUNDESLIGA,20/01/2024,RB Leipzig,Bayer 04 Leverkusen,2,3,A,BUNDESLIGA,2023-24,openfootball
BUNDESLIGA,20/01/2024,SC Freiburg,TSG 1899 Hoffenheim,3,2,H,BUNDESLIGA,2023-24,openfootball
BUNDESLIGA,20/01/2024,SV Darmstadt 98,Eintracht Frankfurt,2,2,D,BUNDESLIGA,2023-24,openfootball
BUNDESLIGA,20/01/2024,VfL Bochum 1848,VfB Stuttgart,1,0,H,BUNDESLIGA,2023-24,openfootball
EPL,20/01/2024,Arsenal FC,Crystal Palace FC,5,0,H,EPL,2023-24,openfootball
EPL,20/01/2024,Brentford FC,Nottingham Forest FC,3,2,H,EPL,2023-24,openfootball
LALIGA,20/01/2024,RC Celta de Vigo,Real Sociedad de Fútbol,0,1,A,LALIGA,2023-24,openfootball
LALIGA,20/01/2024,Rayo Vallecano de Madrid,UD Las Palmas,0,2,A,LALIGA,2023-24,openfootball
LALIGA,20/01/2024,Valencia CF,Athletic Club,1,0,H,LALIGA,2023-24,openfootball
LALIGA,20/01/2024,Villarreal CF,RCD Mallorca,1,1,D,LALIGA,2023-24,openfootball
SERIEA,20/01/2024,AS Roma,Hellas Verona FC,2,1,H,SERIEA,2023-24,openfootball
SERIEA,20/01/2024,Udinese Calcio,AC Milan,2,3,A,SERIEA,2023-24,openfootball
BUNDESLIGA,21/01/2024,Borussia Mönchengladbach,FC Augsburg,1,2,A,BUNDESLIGA,2023-24,openfootball
BUNDESLIGA,21/01/2024,FC Bayern München,SV Werder Bremen,0,1,A,BUNDESLIGA,2023-24,openfootball
EPL,21/01/2024,AFC Bournemouth,Liverpool FC,0,4,A,EPL,2023-24,openfootball
EPL,21/01/2024,Sheffield United FC,West Ham United FC,2,2,D,EPL,2023-24,openfootball
LALIGA,21/01/2024,CA Osasuna,Getafe CF,3,2,H,LALIGA,2023-24,openfootball
LALIGA,21/01/2024,Girona FC,Sevilla FC,5,1,H,LALIGA,2023-24,openfootball
LALIGA,21/01/2024,Real Betis Balompié,FC Barcelona,2,4,A,LALIGA,2023-24,openfootball
LALIGA,21/01/2024,Real Madrid CF,UD Almería,3,2,H,LALIGA,2023-24,openfootball
SERIEA,21/01/2024,Empoli FC,AC Monza,3,0,H,SERIEA,2023-24,openfootball
SERIEA,21/01/2024,Frosinone Calcio,Cagliari Calcio,3,1,H,SERIEA,2023-24,openfootball
SERIEA,21/01/2024,US Lecce,Juventus FC,0,3,A,SERIEA,2023-24,openfootball
SERIEA,21/01/2024,US Salernitana 1919,Genoa CFC,1,2,A,SERIEA,2023-24,openfootball
EPL,22/01/2024,Brighton & Hove Albion FC,Wolverhampton Wanderers FC,0,0,D,EPL,2023-24,openfootball
LALIGA,22/01/2024,Granada CF,Club Atlético de Madrid,0,1,A,LALIGA,2023-24,openfootball
BUNDESLIGA,24/01/2024,FC Bayern München,1. FC Union Berlin,1,0,H,BUNDESLIGA,2023-24,openfootball
BUNDESLIGA,26/01/2024,Eintracht Frankfurt,1. FSV Mainz 05,1,0,H,BUNDESLIGA,2023-24,openfootball
LALIGA,26/01/2024,UD Almería,Deportivo Alavés,0,3,A,LALIGA,2023-24,openfootball
SERIEA,26/01/2024,Cagliari Calcio,Torino FC,1,2,A,SERIEA,2023-24,openfootball
BUNDESLIGA,27/01/2024,Bayer 04 Leverkusen,Borussia Mönchengladbach,0,0,D,BUNDESLIGA,2023-24,openfootball
BUNDESLIGA,27/01/2024,FC Augsburg,FC Bayern München,2,3,A,BUNDESLIGA,2023-24,openfootball
BUNDESLIGA,27/01/2024,SV Werder Bremen,SC Freiburg,3,1,H,BUNDESLIGA,2023-24,openfootball
BUNDESLIGA,27/01/2024,TSG 1899 Hoffenheim,1. FC Heidenheim 1846,1,1,D,BUNDESLIGA,2023-24,openfootball
BUNDESLIGA,27/01/2024,VfB Stuttgart,RB Leipzig,5,2,H,BUNDESLIGA,2023-24,openfootball
BUNDESLIGA,27/01/2024,VfL Wolfsburg,1. FC Köln,1,1,D,BUNDESLIGA,2023-24,openfootball
LALIGA,27/01/2024,FC Barcelona,Villarreal CF,3,5,A,LALIGA,2023-24,openfootball
LALIGA,27/01/2024,RCD Mallorca,Real Betis Balompié,0,1,A,LALIGA,2023-24,openfootball
LALIGA,27/01/2024,Real Sociedad de Fútbol,Rayo Vallecano de Madrid,0,0,D,LALIGA,2023-24,openfootball
LALIGA,27/01/2024,UD Las Palmas,Real Madrid CF,1,2,A,LALIGA,2023-24,openfootball
SERIEA,27/01/2024,AC Milan,Bologna FC 1909,2,2,D,SERIEA,2023-24,openfootball
SERIEA,27/01/2024,Atalanta BC,Udinese Calcio,2,0,H,SERIEA,2023-24,openfootball
SERIEA,27/01/2024,Juventus FC,Empoli FC,1,1,D,SERIEA,2023-24,openfootball
BUNDESLIGA,28/01/2024,1. FC Union Berlin,SV Darmstadt 98,1,0,H,BUNDESLIGA,2023-24,openfootball
BUNDESLIGA,28/01/2024,Borussia Dortmund,VfL Bochum 1848,3,1,H,BUNDESLIGA,2023-24,openfootball
LALIGA,28/01/2024,Club Atlético de Madrid,Valencia CF,2,0,H,LALIGA,2023-24,openfootball
LALIGA,28/01/2024,Cádiz CF,Athletic Club,0,0,D,LALIGA,2023-24,openfootball
LALIGA,28/01/2024,RC Celta de Vigo,Girona FC,0,1,A,LALIGA,2023-24,openfootball
LALIGA,28/01/2024,Sevilla FC,CA Osasuna,1,1,D,LALIGA,2023-24,openfootball
SERIEA,28/01/2024,AC Monza,US Sassuolo Calcio,1,0,H,SERIEA,2023-24,openfootball
SERIEA,28/01/2024,ACF Fiorentina,FC Internazionale Milano,0,1,A,SERIEA,2023-24,openfootball
SERIEA,28/01/2024,Genoa CFC,US Lecce,2,1,H,SERIEA,2023-24,openfootball
SERIEA,28/01/2024,Hellas Verona FC,Frosinone Calcio,1,1,D,SERIEA,2023-24,openfootball
SERIEA,28/01/2024,SS Lazio,SSC Napoli,0,0,D,SERIEA,2023-24,openfootball
LALIGA,29/01/2024,Getafe CF,Granada CF,2,0,H,LALIGA,2023-24,openfootball
SERIEA,29/01/2024,US Salernitana 1919,AS Roma,1,2,A,SERIEA,2023-24,openfootball
EPL,30/01/2024,Aston Villa FC,Newcastle United FC,1,3,A,EPL,2023-24,openfootball
EPL,30/01/2024,Crystal Palace FC,Sheffield United FC,3,2,H,EPL,2023-24,openfootball
EPL,30/01/2024,Fulham FC,Everton FC,0,0,D,EPL,2023-24,openfootball
EPL,30/01/2024,Luton Town FC,Brighton & Hove Albion FC,4,0,H,EPL,2023-24,openfootball
EPL,30/01/2024,Nottingham Forest FC,Arsenal FC,1,2,A,EPL,2023-24,openfootball
EPL,31/01/2024,Liverpool FC,Chelsea FC,4,1,H,EPL,2023-24,openfootball
EPL,31/01/2024,Manchester City FC,Burnley FC,3,1,H,EPL,2023-24,openfootball
EPL,31/01/2024,Tottenham Hotspur FC,Brentford FC,3,2,H,EPL,2023-24,openfootball
LALIGA,31/01/2024,Club Atlético de Madrid,Rayo Vallecano de Madrid,2,1,H,LALIGA,2023-24,openfootball
LALIGA,31/01/2024,FC Barcelona,CA Osasuna,1,0,H,LALIGA,2023-24,openfootball
EPL,01/02/2024,West Ham United FC,AFC Bournemouth,1,1,D,EPL,2023-24,openfootball
EPL,01/02/2024,Wolverhampton Wanderers FC,Manchester United FC,3,4,A,EPL,2023-24,openfootball
LALIGA,01/02/2024,Getafe CF,Real Madrid CF,0,2,A,LALIGA,2023-24,openfootball
BUNDESLIGA,02/02/2024,1. FC Heidenheim 1846,Borussia Dortmund,0,0,D,BUNDESLIGA,2023-24,openfootball
LALIGA,02/02/2024,Athletic Club,RCD Mallorca,4,0,H,LALIGA,2023-24,openfootball
SERIEA,02/02/2024,US Lecce,ACF Fiorentina,3,2,H,SERIEA,2023-24,openfootball
BUNDESLIGA,03/02/2024,1. FC Köln,Eintracht Frankfurt,2,0,H,BUNDESLIGA,2023-24,openfootball
BUNDESLIGA,03/02/2024,1. FSV Mainz 05,SV Werder Bremen,0,1,A,BUNDESLIGA,2023-24,openfootball
BUNDESLIGA,03/02/2024,FC Bayern München,Borussia Mönchengladbach,3,1,H,BUNDESLIGA,2023-24,openfootball
BUNDESLIGA,03/02/2024,SC Freiburg,VfB Stuttgart,1,3,A,BUNDESLIGA,2023-24,openfootball
BUNDESLIGA,03/02/2024,SV Darmstadt 98,Bayer 04 Leverkusen,0,2,A,BUNDESLIGA,2023-24,openfootball
BUNDESLIGA,03/02/2024,VfL Bochum 1848,FC Augsburg,1,1,D,BUNDESLIGA,2023-24,openfootball
EPL,03/02/2024,Brighton & Hove Albion FC,Crystal Palace FC,4,1,H,EPL,2023-24,openfootball
EPL,03/02/2024,Burnley FC,Fulham FC,2,2,D,EPL,2023-24,openfootball
EPL,03/02/2024,Everton FC,Tottenham Hotspur FC,2,2,D,EPL,2023-24,openfootball
EPL,03/02/2024,Newcastle United FC,Luton Town FC,4,4,D,EPL,2023-24,openfootball
EPL,03/02/2024,Sheffield United FC,Aston Villa FC,0,5,A,EPL,2023-24,openfootball
LALIGA,03/02/2024,Deportivo Alavés,FC Barcelona,1,3,A,LALIGA,2023-24,openfootball
LALIGA,03/02/2024,Girona FC,Real Sociedad de Fútbol,0,0,D,LALIGA,2023-24,openfootball
LALIGA,03/02/2024,Granada CF,UD Las Palmas,1,1,D,LALIGA,2023-24,openfootball
LALIGA,03/02/2024,Valencia CF,UD Almería,2,1,H,LALIGA,2023-24,openfootball
SERIEA,03/02/2024,Bologna FC 1909,US Sassuolo Calcio,4,2,H,SERIEA,2023-24,openfootball
SERIEA,03/02/2024,Empoli FC,Genoa CFC,0,0,D,SERIEA,2023-24,openfootball
SERIEA,03/02/2024,Frosinone Calcio,AC Milan,2,3,A,SERIEA,2023-24,openfootball
SERIEA,03/02/2024,Udinese Calcio,AC Monza,0,0,D,SERIEA,2023-24,openfootball
BUNDESLIGA,04/02/2024,RB Leipzig,1. FC Union Berlin,2,0,H,BUNDESLIGA,2023-24,openfootball
BUNDESLIGA,04/02/2024,VfL Wolfsburg,TSG 1899 Hoffenheim,2,2,D,BUNDESLIGA,2023-24,openfootball
EPL,04/02/2024,AFC Bournemouth,Nottingham Forest FC,1,1,D,EPL,2023-24,openfootball
EPL,04/02/2024,Arsenal FC,Liverpool FC,3,1,H,EPL,2023-24,openfootball
EPL,04/02/2024,Chelsea FC,Wolverhampton Wanderers FC,2,4,A,EPL,2023-24,openfootball
EPL,04/02/2024,Manchester United FC,West Ham United FC,3,0,H,EPL,2023-24,openfootball
LALIGA,04/02/2024,CA Osasuna,RC Celta de Vigo,0,3,A,LALIGA,2023-24,openfootball
LALIGA,04/02/2024,Real Betis Balompié,Getafe CF,1,1,D,LALIGA,2023-24,openfootball
LALIGA,04/02/2024,Real Madrid CF,Club Atlético de Madrid,1,1,D,LALIGA,2023-24,openfootball
LALIGA,04/02/2024,Villarreal CF,Cádiz CF,0,0,D,LALIGA,2023-24,openfootball
SERIEA,04/02/2024,Atalanta BC,SS Lazio,3,1,H,SERIEA,2023-24,openfootball
SERIEA,04/02/2024,FC Internazionale Milano,Juventus FC,1,0,H,SERIEA,2023-24,openfootball
SERIEA,04/02/2024,SSC Napoli,Hellas Verona FC,2,1,H,SERIEA,2023-24,openfootball
SERIEA,04/02/2024,Torino FC,US Salernitana 1919,0,0,D,SERIEA,2023-24,openfootball
EPL,05/02/2024,Brentford FC,Manchester City FC,1,3,A,EPL,2023-24,openfootball
LALIGA,05/02/2024,Rayo Vallecano de Madrid,Sevilla FC,1,2,A,LALIGA,2023-24,openfootball
SERIEA,05/02/2024,AS Roma,Cagliari Calcio,4,0,H,SERIEA,2023-24,openfootball
BUNDESLIGA,07/02/2024,1. FSV Mainz 05,1. FC Union Berlin,1,1,D,BUNDESLIGA,2023-24,openfootball
BUNDESLIGA,09/02/2024,Borussia Dortmund,SC Freiburg,3,0,H,BUNDESLIGA,2023-24,openfootball
LALIGA,09/02/2024,Cádiz CF,Real Betis Balompié,0,2,A,LALIGA,2023-24,openfootball
SERIEA,09/02/2024,US Salernitana 1919,Empoli FC,1,3,A,SERIEA,2023-24,openfootball
BUNDESLIGA,10/02/2024,1. FC Union Berlin,VfL Wolfsburg,1,0,H,BUNDESLIGA,2023-24,openfootball
BUNDESLIGA,10/02/2024,Bayer 04 Leverkusen,FC Bayern München,3,0,H,BUNDESLIGA,2023-24,openfootball
BUNDESLIGA,10/02/2024,Borussia Mönchengladbach,SV Darmstadt 98,0,0,D,BUNDESLIGA,2023-24,openfootball
BUNDESLIGA,10/02/2024,Eintracht Frankfurt,VfL Bochum 1848,1,1,D,BUNDESLIGA,2023-24,openfootball
BUNDESLIGA,10/02/2024,FC Augsburg,RB Leipzig,2,2,D,BUNDESLIGA,2023-24,openfootball
BUNDESLIGA,10/02/2024,SV Werder Bremen,1. FC Heidenheim 1846,1,2,A,BUNDESLIGA,2023-24,openfootball
EPL,10/02/2024,Fulham FC,AFC Bournemouth,3,1,H,EPL,2023-24,openfootball
EPL,10/02/2024,Liverpool FC,Burnley FC,3,1,H,EPL,2023-24,openfootball
EPL,10/02/2024,Luton Town FC,Sheffield United FC,1,3,A,EPL,2023-24,openfootball
EPL,10/02/2024,Manchester City FC,Everton FC,2,0,H,EPL,2023-24,openfootball
EPL,10/02/2024,Nottingham Forest FC,Newcastle United FC,2,3,A,EPL,2023-24,openfootball
EPL,10/02/2024,Tottenham Hotspur FC,Brighton & Hove Albion FC,2,1,H,EPL,2023-24,openfootball
EPL,10/02/2024,Wolverhampton Wanderers FC,Brentford FC,0,2,A,EPL,2023-24,openfootball
LALIGA,10/02/2024,Deportivo Alavés,Villarreal CF,1,1,D,LALIGA,2023-24,openfootball
LALIGA,10/02/2024,Real Madrid CF,Girona FC,4,0,H,LALIGA,2023-24,openfootball
LALIGA,10/02/2024,Real Sociedad de Fútbol,CA Osasuna,0,1,A,LALIGA,2023-24,openfootball
LALIGA,10/02/2024,UD Las Palmas,Valencia CF,2,0,H,LALIGA,2023-24,openfootball
SERIEA,10/02/2024,AS Roma,FC Internazionale Milano,2,4,A,SERIEA,2023-24,openfootball
SERIEA,10/02/2024,Cagliari Calcio,SS Lazio,1,3,A,SERIEA,2023-24,openfootball
SERIEA,10/02/2024,US Sassuolo Calcio,Torino FC,1,1,D,SERIEA,2023-24,openfootball
BUNDESLIGA,11/02/2024,TSG 1899 Hoffenheim,1. FC Köln,1,1,D,BUNDESLIGA,2023-24,openfootball
BUNDESLIGA,11/02/2024,VfB Stuttgart,1. FSV Mainz 05,3,1,H,BUNDESLIGA,2023-24,openfootball
EPL,11/02/2024,Aston Villa FC,Manchester United FC,1,2,A,EPL,2023-24,openfootball
EPL,11/02/2024,West Ham United FC,Arsenal FC,0,6,A,EPL,2023-24,openfootball
LALIGA,11/02/2024,FC Barcelona,Granada CF,3,3,D,LALIGA,2023-24,openfootball
LALIGA,11/02/2024,Getafe CF,RC Celta de Vigo,3,2,H,LALIGA,2023-24,openfootball
LALIGA,11/02/2024,RCD Mallorca,Rayo Vallecano de Madrid,2,1,H,LALIGA,2023-24,openfootball
LALIGA,11/02/2024,Sevilla FC,Club Atlético de Madrid,1,0,H,LALIGA,2023-24,openfootball
SERIEA,11/02/2024,AC Milan,SSC Napoli,1,0,H,SERIEA,2023-24,openfootball
SERIEA,11/02/2024,AC Monza,Hellas Verona FC,0,0,D,SERIEA,2023-24,openfootball
SERIEA,11/02/2024,ACF Fiorentina,Frosinone Calcio,5,1,H,SERIEA,2023-24,openfootball
SERIEA,11/02/2024,Bologna FC 1909,US Lecce,4,0,H,SERIEA,2023-24,openfootball
SERIEA,11/02/2024,Genoa CFC,Atalanta BC,1,4,A,SERIEA,2023-24,openfootball
EPL,12/02/2024,Crystal Palace FC,Chelsea FC,1,3,A,EPL,2023-24,openfootball
LALIGA,12/02/2024,UD Almería,Athletic Club,0,0,D,LALIGA,2023-24,openfootball
SERIEA,12/02/2024,Juventus FC,Udinese Calcio,0,1,A,SERIEA,2023-24,openfootball
SERIEA,14/02/2024,Bologna FC 1909,ACF Fiorentina,2,0,H,SERIEA,2023-24,openfootball
BUNDESLIGA,16/02/2024,1. FC Köln,SV Werder Bremen,0,1,A,BUNDESLIGA,2023-24,openfootball
LALIGA,16/02/2024,Villarreal CF,Getafe CF,1,1,D,LALIGA,2023-24,openfootball
SERIEA,16/02/2024,FC Internazionale Milano,US Salernitana 1919,4,0,H,SERIEA,2023-24,openfootball
SERIEA,16/02/2024,Torino FC,US Lecce,2,0,H,SERIEA,2023-24,openfootball
BUNDESLIGA,17/02/2024,1. FC Heidenheim 1846,Bayer 04 Leverkusen,1,2,A,BUNDESLIGA,2023-24,openfootball
BUNDESLIGA,17/02/2024,1. FSV Mainz 05,FC Augsburg,1,0,H,BUNDESLIGA,2023-24,openfootball
BUNDESLIGA,17/02/2024,RB Leipzig,Borussia Mönchengladbach,2,0,H,BUNDESLIGA,2023-24,openfootball
BUNDESLIGA,17/02/2024,SV Darmstadt 98,VfB Stuttgart,1,2,A,BUNDESLIGA,2023-24,openfootball
BUNDESLIGA,17/02/2024,TSG 1899 Hoffenheim,1. FC Union Berlin,0,1,A,BUNDESLIGA,2023-24,openfootball
BUNDESLIGA,17/02/2024,VfL Wolfsburg,Borussia Dortmund,1,1,D,BUNDESLIGA,2023-24,openfootball
EPL,17/02/2024,Brentford FC,Liverpool FC,1,4,A,EPL,2023-24,openfootball
EPL,17/02/2024,Burnley FC,Arsenal FC,0,5,A,EPL,2023-24,openfootball
EPL,17/02/2024,Fulham FC,Aston Villa FC,1,2,A,EPL,2023-24,openfootball
EPL,17/02/2024,Manchester City FC,Chelsea FC,1,1,D,EPL,2023-24,openfootball
EPL,17/02/2024,Newcastle United FC,AFC Bournemouth,2,2,D,EPL,2023-24,openfootball
EPL,17/02/2024,Nottingham Forest FC,West Ham United FC,2,0,H,EPL,2023-24,openfootball
EPL,17/02/2024,Tottenham Hotspur FC,Wolverhampton Wanderers FC,1,2,A,EPL,2023-24,openfootball
LALIGA,17/02/2024,CA Osasuna,Cádiz CF,2,0,H,LALIGA,2023-24,openfootball
LALIGA,17/02/2024,Club Atlético de Madrid,UD Las Palmas,5,0,H,LALIGA,2023-24,openfootball
LALIGA,17/02/2024,RC Celta de Vigo,FC Barcelona,1,2,A,LALIGA,2023-24,openfootball
LALIGA,17/02/2024,Valencia CF,Sevilla FC,0,0,D,LALIGA,2023-24,openfootball
SERIEA,17/02/2024,Atalanta BC,US Sassuolo Calcio,3,0,H,SERIEA,2023-24,openfootball
SERIEA,17/02/2024,Hellas Verona FC,Juventus FC,2,2,D,SERIEA,2023-24,openfootball
SERIEA,17/02/2024,SSC Napoli,Genoa CFC,1,1,D,SERIEA,2023-24,openfootball
BUNDESLIGA,18/02/2024,SC Freiburg,Eintracht Frankfurt,3,3,D,BUNDESLIGA,2023-24,openfootball
BUNDESLIGA,18/02/2024,VfL Bochum 1848,FC Bayern München,3,2,H,BUNDESLIGA,2023-24,openfootball
EPL,18/02/2024,Luton Town FC,Manchester United FC,1,2,A,EPL,2023-24,openfootball
EPL,18/02/2024,Sheffield United FC,Brighton & Hove Albion FC,0,5,A,EPL,2023-24,openfootball
LALIGA,18/02/2024,Granada CF,UD Almería,1,1,D,LALIGA,2023-24,openfootball
LALIGA,18/02/2024,RCD Mallorca,Real Sociedad de Fútbol,1,2,A,LALIGA,2023-24,openfootball
LALIGA,18/02/2024,Rayo Vallecano de Madrid,Real Madrid CF,1,1,D,LALIGA,2023-24,openfootball
LALIGA,18/02/2024,Real Betis Balompié,Deportivo Alavés,0,0,D,LALIGA,2023-24,openfootball
SERIEA,18/02/2024,AC Monza,AC Milan,4,2,H,SERIEA,2023-24,openfootball
SERIEA,18/02/2024,Empoli FC,ACF Fiorentina,1,1,D,SERIEA,2023-24,openfootball
SERIEA,18/02/2024,Frosinone Calcio,AS Roma,0,3,A,SERIEA,2023-24,openfootball
SERIEA,18/02/2024,SS Lazio,Bologna FC 1909,1,2,A,SERIEA,2023-24,openfootball
SERIEA,18/02/2024,Udinese Calcio,Cagliari Calcio,1,1,D,SERIEA,2023-24,openfootball
EPL,19/02/2024,Everton FC,Crystal Palace FC,1,1,D,EPL,2023-24,openfootball
LALIGA,19/02/2024,Athletic Club,Girona FC,3,2,H,LALIGA,2023-24,openfootball
EPL,20/02/2024,Manchester City FC,Brentford FC,1,0,H,EPL,2023-24,openfootball
EPL,21/02/2024,Liverpool FC,Luton Town FC,4,1,H,EPL,2023-24,openfootball
SERIEA,22/02/2024,Torino FC,SS Lazio,0,2,A,SERIEA,2023-24,openfootball
BUNDESLIGA,23/02/2024,Bayer 04 Leverkusen,1. FSV Mainz 05,2,1,H,BUNDESLIGA,2023-24,openfootball
LALIGA,23/02/2024,Real Sociedad de Fútbol,Villarreal CF,1,3,A,LALIGA,2023-24,openfootball
SERIEA,23/02/2024,Bologna FC 1909,Hellas Verona FC,2,0,H,SERIEA,2023-24,openfootball
BUNDESLIGA,24/02/2024,1. FC Union Berlin,1. FC Heidenheim 1846,2,2,D,BUNDESLIGA,2023-24,openfootball
BUNDESLIGA,24/02/2024,Borussia Mönchengladbach,VfL Bochum 1848,5,2,H,BUNDESLIGA,2023-24,openfootball
BUNDESLIGA,24/02/2024,FC Bayern München,RB Leipzig,2,1,H,BUNDESLIGA,2023-24,openfootball
BUNDESLIGA,24/02/2024,SV Werder Bremen,SV Darmstadt 98,1,1,D,BUNDESLIGA,2023-24,openfootball
BUNDESLIGA,24/02/2024,VfB Stuttgart,1. FC Köln,1,1,D,BUNDESLIGA,2023-24,openfootball
EPL,24/02/2024,AFC Bournemouth,Manchester City FC,0,1,A,EPL,2023-24,openfootball
EPL,24/02/2024,Arsenal FC,Newcastle United FC,4,1,H,EPL,2023-24,openfootball
EPL,24/02/2024,Aston Villa FC,Nottingham Forest FC,4,2,H,EPL,2023-24,openfootball
EPL,24/02/2024,Brighton & Hove Albion FC,Everton FC,1,1,D,EPL,2023-24,openfootball
EPL,24/02/2024,Crystal Palace FC,Burnley FC,3,0,H,EPL,2023-24,openfootball
EPL,24/02/2024,Manchester United FC,Fulham FC,1,2,A,EPL,2023-24,openfootball
LALIGA,24/02/2024,Deportivo Alavés,RCD Mallorca,1,1,D,LALIGA,2023-24,openfootball
LALIGA,24/02/2024,FC Barcelona,Getafe CF,4,0,H,LALIGA,2023-24,openfootball
LALIGA,24/02/2024,UD Almería,Club Atlético de Madrid,2,2,D,LALIGA,2023-24,openfootball
SERIEA,24/02/2024,Genoa CFC,Udinese Calcio,2,0,H,SERIEA,2023-24,openfootball
SERIEA,24/02/2024,US Salernitana 1919,AC Monza,0,2,A,SERIEA,2023-24,openfootball
SERIEA,24/02/2024,US Sassuolo Calcio,Empoli FC,2,3,A,SERIEA,2023-24,openfootball
BUNDESLIGA,25/02/2024,Borussia Dortmund,TSG 1899 Hoffenheim,2,3,A,BUNDESLIGA,2023-24,openfootball
BUNDESLIGA,25/02/2024,Eintracht Frankfurt,VfL Wolfsburg,2,2,D,BUNDESLIGA,2023-24,openfootball
BUNDESLIGA,25/02/2024,FC Augsburg,SC Freiburg,2,1,H,BUNDESLIGA,2023-24,openfootball
EPL,25/02/2024,Wolverhampton Wanderers FC,Sheffield United FC,1,0,H,EPL,2023-24,openfootball
LALIGA,25/02/2024,Cádiz CF,RC Celta de Vigo,2,2,D,LALIGA,2023-24,openfootball
LALIGA,25/02/2024,Real Betis Balompié,Athletic Club,3,1,H,LALIGA,2023-24,openfootball
LALIGA,25/02/2024,Real Madrid CF,Sevilla FC,1,0,H,LALIGA,2023-24,openfootball
LALIGA,25/02/2024,UD Las Palmas,CA Osasuna,1,1,D,LALIGA,2023-24,openfootball
SERIEA,25/02/2024,AC Milan,Atalanta BC,1,1,D,SERIEA,2023-24,openfootball
SERIEA,25/02/2024,Cagliari Calcio,SSC Napoli,1,1,D,SERIEA,2023-24,openfootball
SERIEA,25/02/2024,Juventus FC,Frosinone Calcio,3,2,H,SERIEA,2023-24,openfootball
SERIEA,25/02/2024,US Lecce,FC Internazionale Milano,0,4,A,SERIEA,2023-24,openfootball
EPL,26/02/2024,West Ham United FC,Brentford FC,4,2,H,EPL,2023-24,openfootball
LALIGA,26/02/2024,Girona FC,Rayo Vallecano de Madrid,3,0,H,LALIGA,2023-24,openfootball
SERIEA,26/02/2024,ACF Fiorentina,SS Lazio,2,1,H,SERIEA,2023-24,openfootball
SERIEA,26/02/2024,AS Roma,Torino FC,3,2,H,SERIEA,2023-24,openfootball
SERIEA,28/02/2024,FC Internazionale Milano,Atalanta BC,4,0,H,SERIEA,2023-24,openfootball
SERIEA,28/02/2024,US Sassuolo Calcio,SSC Napoli,1,6,A,SERIEA,2023-24,openfootball
BUNDESLIGA,01/03/2024,SC Freiburg,FC Bayern München,2,2,D,BUNDESLIGA,2023-24,openfootball
LALIGA,01/03/2024,RC Celta de Vigo,UD Almería,1,0,H,LALIGA,2023-24,openfootball
SERIEA,01/03/2024,SS Lazio,AC Milan,0,1,A,SERIEA,2023-24,openfootball
BUNDESLIGA,02/03/2024,1. FC Heidenheim 1846,Eintracht Frankfurt,1,2,A,BUNDESLIGA,2023-24,openfootball
BUNDESLIGA,02/03/2024,1. FC Union Berlin,Borussia Dortmund,0,2,A,BUNDESLIGA,2023-24,openfootball
BUNDESLIGA,02/03/2024,1. FSV Mainz 05,Borussia Mönchengladbach,1,1,D,BUNDESLIGA,2023-24,openfootball
BUNDESLIGA,02/03/2024,SV Darmstadt 98,FC Augsburg,0,6,A,BUNDESLIGA,2023-24,openfootball
BUNDESLIGA,02/03/2024,VfL Bochum 1848,RB Leipzig,1,4,A,BUNDESLIGA,2023-24,openfootball
BUNDESLIGA,02/03/2024,VfL Wolfsburg,VfB Stuttgart,2,3,A,BUNDESLIGA,2023-24,openfootball
EPL,02/03/2024,Brentford FC,Chelsea FC,2,2,D,EPL,2023-24,openfootball
EPL,02/03/2024,Everton FC,West Ham United FC,1,3,A,EPL,2023-24,openfootball
EPL,02/03/2024,Fulham FC,Brighton & Hove Albion FC,3,0,H,EPL,2023-24,openfootball
EPL,02/03/2024,Luton Town FC,Aston Villa FC,2,3,A,EPL,2023-24,openfootball
EPL,02/03/2024,Newcastle United FC,Wolverhampton Wanderers FC,3,0,H,EPL,2023-24,openfootball
EPL,02/03/2024,Nottingham Forest FC,Liverpool FC,0,1,A,EPL,2023-24,openfootball
EPL,02/03/2024,Tottenham Hotspur FC,Crystal Palace FC,3,1,H,EPL,2023-24,openfootball
LALIGA,02/03/2024,Getafe CF,UD Las Palmas,3,3,D,LALIGA,2023-24,openfootball
LALIGA,02/03/2024,Rayo Vallecano de Madrid,Cádiz CF,1,1,D,LALIGA,2023-24,openfootball
LALIGA,02/03/2024,Sevilla FC,Real Sociedad de Fútbol,3,2,H,LALIGA,2023-24,openfootball
LALIGA,02/03/2024,Valencia CF,Real Madrid CF,2,2,D,LALIGA,2023-24,openfootball
SERIEA,02/03/2024,AC Monza,AS Roma,1,4,A,SERIEA,2023-24,openfootball
SERIEA,02/03/2024,Torino FC,ACF Fiorentina,0,0,D,SERIEA,2023-24,openfootball
SERIEA,02/03/2024,Udinese Calcio,US Salernitana 1919,1,1,D,SERIEA,2023-24,openfootball
BUNDESLIGA,03/03/2024,1. FC Köln,Bayer 04 Leverkusen,0,2,A,BUNDESLIGA,2023-24,openfootball
BUNDESLIGA,03/03/2024,TSG 1899 Hoffenheim,SV Werder Bremen,2,1,H,BUNDESLIGA,2023-24,openfootball
EPL,03/03/2024,Burnley FC,AFC Bournemouth,0,2,A,EPL,2023-24,openfootball
EPL,03/03/2024,Manchester City FC,Manchester United FC,3,1,H,EPL,2023-24,openfootball
LALIGA,03/03/2024,Athletic Club,FC Barcelona,0,0,D,LALIGA,2023-24,openfootball
LALIGA,03/03/2024,Club Atlético de Madrid,Real Betis Balompié,2,1,H,LALIGA,2023-24,openfootball
LALIGA,03/03/2024,RCD Mallorca,Girona FC,1,0,H,LALIGA,2023-24,openfootball
LALIGA,03/03/2024,Villarreal CF,Granada CF,5,1,H,LALIGA,2023-24,openfootball
SERIEA,03/03/2024,Atalanta BC,Bologna FC 1909,1,2,A,SERIEA,2023-24,openfootball
SERIEA,03/03/2024,Empoli FC,Cagliari Calcio,0,1,A,SERIEA,2023-24,openfootball
SERIEA,03/03/2024,Frosinone Calcio,US Lecce,1,1,D,SERIEA,2023-24,openfootball
SERIEA,03/03/2024,Hellas Verona FC,US Sassuolo Calcio,1,0,H,SERIEA,2023-24,openfootball
SERIEA,03/03/2024,SSC Napoli,Juventus FC,2,1,H,SERIEA,2023-24,openfootball
EPL,04/03/2024,Sheffield United FC,Arsenal FC,0,6,A,EPL,2023-24,openfootball
LALIGA,04/03/2024,CA Osasuna,Deportivo Alavés,1,0,H,LALIGA,2023-24,openfootball
SERIEA,04/03/2024,FC Internazionale Milano,Genoa CFC,2,1,H,SERIEA,2023-24,openfootball
BUNDESLIGA,08/03/2024,VfB Stuttgart,1. FC Union Berlin,2,0,H,BUNDESLIGA,2023-24,openfootball
LALIGA,08/03/2024,FC Barcelona,RCD Mallorca,1,0,H,LALIGA,2023-24,openfootball
SERIEA,08/03/2024,SSC Napoli,Torino FC,1,1,D,SERIEA,2023-24,openfootball
BUNDESLIGA,09/03/2024,Borussia Mönchengladbach,1. FC Köln,3,3,D,BUNDESLIGA,2023-24,openfootball
BUNDESLIGA,09/03/2024,FC Augsburg,1. FC Heidenheim 1846,1,0,H,BUNDESLIGA,2023-24,openfootball
BUNDESLIGA,09/03/2024,FC Bayern München,1. FSV Mainz 05,8,1,H,BUNDESLIGA,2023-24,openfootball
BUNDESLIGA,09/03/2024,RB Leipzig,SV Darmstadt 98,2,0,H,BUNDESLIGA,2023-24,openfootball
BUNDESLIGA,09/03/2024,SV Werder Bremen,Borussia Dortmund,1,2,A,BUNDESLIGA,2023-24,openfootball
EPL,09/03/2024,AFC Bournemouth,Sheffield United FC,2,2,D,EPL,2023-24,openfootball
EPL,09/03/2024,Arsenal FC,Brentford FC,2,1,H,EPL,2023-24,openfootball
EPL,09/03/2024,Crystal Palace FC,Luton Town FC,1,1,D,EPL,2023-24,openfootball
EPL,09/03/2024,Manchester United FC,Everton FC,2,0,H,EPL,2023-24,openfootball
EPL,09/03/2024,Wolverhampton Wanderers FC,Fulham FC,2,1,H,EPL,2023-24,openfootball
LALIGA,09/03/2024,Cádiz CF,Club Atlético de Madrid,2,0,H,LALIGA,2023-24,openfootball
LALIGA,09/03/2024,Girona FC,CA Osasuna,2,0,H,LALIGA,2023-24,openfootball
LALIGA,09/03/2024,Granada CF,Real Sociedad de Fútbol,2,3,A,LALIGA,2023-24,openfootball
LALIGA,09/03/2024,Valencia CF,Getafe CF,1,0,H,LALIGA,2023-24,openfootball
SERIEA,09/03/2024,Bologna FC 1909,FC Internazionale Milano,0,1,A,SERIEA,2023-24,openfootball
SERIEA,09/03/2024,Cagliari Calcio,US Salernitana 1919,4,2,H,SERIEA,2023-24,openfootball
SERIEA,09/03/2024,Genoa CFC,AC Monza,2,3,A,SERIEA,2023-24,openfootball
SERIEA,09/03/2024,US Sassuolo Calcio,Frosinone Calcio,1,0,H,SERIEA,2023-24,openfootball
BUNDESLIGA,10/03/2024,Bayer 04 Leverkusen,VfL Wolfsburg,2,0,H,BUNDESLIGA,2023-24,openfootball
BUNDESLIGA,10/03/2024,Eintracht Frankfurt,TSG 1899 Hoffenheim,3,1,H,BUNDESLIGA,2023-24,openfootball
BUNDESLIGA,10/03/2024,VfL Bochum 1848,SC Freiburg,1,2,A,BUNDESLIGA,2023-24,openfootball
EPL,10/03/2024,Aston Villa FC,Tottenham Hotspur FC,0,4,A,EPL,2023-24,openfootball
EPL,10/03/2024,Brighton & Hove Albion FC,Nottingham Forest FC,1,0,H,EPL,2023-24,openfootball
EPL,10/03/2024,Liverpool FC,Manchester City FC,1,1,D,EPL,2023-24,openfootball
EPL,10/03/2024,West Ham United FC,Burnley FC,2,2,D,EPL,2023-24,openfootball
LALIGA,10/03/2024,Deportivo Alavés,Rayo Vallecano de Madrid,1,0,H,LALIGA,2023-24,openfootball
LALIGA,10/03/2024,Real Betis Balompié,Villarreal CF,2,3,A,LALIGA,2023-24,openfootball
LALIGA,10/03/2024,Real Madrid CF,RC Celta de Vigo,4,0,H,LALIGA,2023-24,openfootball
LALIGA,10/03/2024,UD Las Palmas,Athletic Club,0,2,A,LALIGA,2023-24,openfootball
SERIEA,10/03/2024,AC Milan,Empoli FC,1,0,H,SERIEA,2023-24,openfootball
SERIEA,10/03/2024,ACF Fiorentina,AS Roma,2,2,D,SERIEA,2023-24,openfootball
SERIEA,10/03/2024,Juventus FC,Atalanta BC,2,2,D,SERIEA,2023-24,openfootball
SERIEA,10/03/2024,US Lecce,Hellas Verona FC,0,1,A,SERIEA,2023-24,openfootball
EPL,11/03/2024,Chelsea FC,Newcastle United FC,3,2,H,EPL,2023-24,openfootball
LALIGA,11/03/2024,UD Almería,Sevilla FC,2,2,D,LALIGA,2023-24,openfootball
SERIEA,11/03/2024,SS Lazio,Udinese Calcio,1,2,A,SERIEA,2023-24,openfootball
EPL,13/03/2024,AFC Bournemouth,Luton Town FC,4,3,H,EPL,2023-24,openfootball
BUNDESLIGA,15/03/2024,1. FC Köln,RB Leipzig,1,5,A,BUNDESLIGA,2023-24,openfootball
LALIGA,15/03/2024,Real Sociedad de Fútbol,Cádiz CF,2,0,H,LALIGA,2023-24,openfootball
SERIEA,15/03/2024,Empoli FC,Bologna FC 1909,0,1,A,SERIEA,2023-24,openfootball
BUNDESLIGA,16/03/2024,1. FC Heidenheim 1846,Borussia Mönchengladbach,1,1,D,BUNDESLIGA,2023-24,openfootball
BUNDESLIGA,16/03/2024,1. FC Union Berlin,SV Werder Bremen,2,1,H,BUNDESLIGA,2023-24,openfootball
BUNDESLIGA,16/03/2024,1. FSV Mainz 05,VfL Bochum 1848,2,0,H,BUNDESLIGA,2023-24,openfootball
BUNDESLIGA,16/03/2024,SV Darmstadt 98,FC Bayern München,2,5,A,BUNDESLIGA,2023-24,openfootball
BUNDESLIGA,16/03/2024,TSG 1899 Hoffenheim,VfB Stuttgart,0,3,A,BUNDESLIGA,2023-24,openfootball
BUNDESLIGA,16/03/2024,VfL Wolfsburg,FC Augsburg,1,3,A,BUNDESLIGA,2023-24,openfootball
EPL,16/03/2024,Burnley FC,Brentford FC,2,1,H,EPL,2023-24,openfootball
EPL,16/03/2024,Fulham FC,Tottenham Hotspur FC,3,0,H,EPL,2023-24,openfootball
EPL,16/03/2024,Luton Town FC,Nottingham Forest FC,1,1,D,EPL,2023-24,openfootball
LALIGA,16/03/2024,Athletic Club,Deportivo Alavés,2,0,H,LALIGA,2023-24,openfootball
LALIGA,16/03/2024,CA Osasuna,Real Madrid CF,2,4,A,LALIGA,2023-24,openfootball
LALIGA,16/03/2024,Getafe CF,Girona FC,1,0,H,LALIGA,2023-24,openfootball
LALIGA,16/03/2024,RCD Mallorca,Granada CF,1,0,H,LALIGA,2023-24,openfootball
SERIEA,16/03/2024,AC Monza,Cagliari Calcio,1,0,H,SERIEA,2023-24,openfootball
SERIEA,16/03/2024,Frosinone Calcio,SS Lazio,2,3,A,SERIEA,2023-24,openfootball
SERIEA,16/03/2024,US Salernitana 1919,US Lecce,0,1,A,SERIEA,2023-24,openfootball
SERIEA,16/03/2024,Udinese Calcio,Torino FC,0,2,A,SERIEA,2023-24,openfootball
BUNDESLIGA,17/03/2024,Borussia Dortmund,Eintracht Frankfurt,3,1,H,BUNDESLIGA,2023-24,openfootball
BUNDESLIGA,17/03/2024,SC Freiburg,Bayer 04 Leverkusen,2,3,A,BUNDESLIGA,2023-24,openfootball
EPL,17/03/2024,West Ham United FC,Aston Villa FC,1,1,D,EPL,2023-24,openfootball
LALIGA,17/03/2024,Club Atlético de Madrid,FC Barcelona,0,3,A,LALIGA,2023-24,openfootball
LALIGA,17/03/2024,Rayo Vallecano de Madrid,Real Betis Balompié,2,0,H,LALIGA,2023-24,openfootball
LALIGA,17/03/2024,Sevilla FC,RC Celta de Vigo,1,2,A,LALIGA,2023-24,openfootball
LALIGA,17/03/2024,UD Las Palmas,UD Almería,0,1,A,LALIGA,2023-24,openfootball
LALIGA,17/03/2024,Villarreal CF,Valencia CF,1,0,H,LALIGA,2023-24,openfootball
SERIEA,17/03/2024,AS Roma,US Sassuolo Calcio,1,0,H,SERIEA,2023-24,openfootball
SERIEA,17/03/2024,FC Internazionale Milano,SSC Napoli,1,1,D,SERIEA,2023-24,openfootball
SERIEA,17/03/2024,Hellas Verona FC,AC Milan,1,3,A,SERIEA,2023-24,openfootball
SERIEA,17/03/2024,Juventus FC,Genoa CFC,0,0,D,SERIEA,2023-24,openfootball
LALIGA,29/03/2024,Cádiz CF,Granada CF,1,0,H,LALIGA,2023-24,openfootball
BUNDESLIGA,30/03/2024,Bayer 04 Leverkusen,TSG 1899 Hoffenheim,2,1,H,BUNDESLIGA,2023-24,openfootball
BUNDESLIGA,30/03/2024,Borussia Mönchengladbach,SC Freiburg,0,3,A,BUNDESLIGA,2023-24,openfootball
BUNDESLIGA,30/03/2024,Eintracht Frankfurt,1. FC Union Berlin,0,0,D,BUNDESLIGA,2023-24,openfootball
BUNDESLIGA,30/03/2024,FC Bayern München,Borussia Dortmund,0,2,A,BUNDESLIGA,2023-24,openfootball
BUNDESLIGA,30/03/2024,RB Leipzig,1. FSV Mainz 05,0,0,D,BUNDESLIGA,2023-24,openfootball
BUNDESLIGA,30/03/2024,SV Werder Bremen,VfL Wolfsburg,0,2,A,BUNDESLIGA,2023-24,openfootball
EPL,30/03/2024,AFC Bournemouth,Everton FC,2,1,H,EPL,2023-24,openfootball
EPL,30/03/2024,Aston Villa FC,Wolverhampton Wanderers FC,2,0,H,EPL,2023-24,openfootball
EPL,30/03/2024,Brentford FC,Manchester United FC,1,1,D,EPL,2023-24,openfootball
EPL,30/03/2024,Chelsea FC,Burnley FC,2,2,D,EPL,2023-24,openfootball
EPL,30/03/2024,Newcastle United FC,West Ham United FC,4,3,H,EPL,2023-24,openfootball
EPL,30/03/2024,Nottingham Forest FC,Crystal Palace FC,1,1,D,EPL,2023-24,openfootball
EPL,30/03/2024,Sheffield United FC,Fulham FC,3,3,D,EPL,2023-24,openfootball
EPL,30/03/2024,Tottenham Hotspur FC,Luton Town FC,2,1,H,EPL,2023-24,openfootball
LALIGA,30/03/2024,FC Barcelona,UD Las Palmas,1,0,H,LALIGA,2023-24,openfootball
LALIGA,30/03/2024,Getafe CF,Sevilla FC,0,1,A,LALIGA,2023-24,openfootball
LALIGA,30/03/2024,UD Almería,CA Osasuna,0,3,A,LALIGA,2023-24,openfootball
LALIGA,30/03/2024,Valencia CF,RCD Mallorca,0,0,D,LALIGA,2023-24,openfootball
SERIEA,30/03/2024,ACF Fiorentina,AC Milan,1,2,A,SERIEA,2023-24,openfootball
SERIEA,30/03/2024,Genoa CFC,Frosinone Calcio,1,1,D,SERIEA,2023-24,openfootball
SERIEA,30/03/2024,SS Lazio,Juventus FC,1,0,H,SERIEA,2023-24,openfootball
SERIEA,30/03/2024,SSC Napoli,Atalanta BC,0,3,A,SERIEA,2023-24,openfootball
SERIEA,30/03/2024,Torino FC,AC Monza,1,0,H,SERIEA,2023-24,openfootball
BUNDESLIGA,31/03/2024,FC Augsburg,1. FC Köln,1,1,D,BUNDESLIGA,2023-24,openfootball
BUNDESLIGA,31/03/2024,VfB Stuttgart,1. FC Heidenheim 1846,3,3,D,BUNDESLIGA,2023-24,openfootball
BUNDESLIGA,31/03/2024,VfL Bochum 1848,SV Darmstadt 98,2,2,D,BUNDESLIGA,2023-24,openfootball
EPL,31/03/2024,Liverpool FC,Brighton & Hove Albion FC,2,1,H,EPL,2023-24,openfootball
EPL,31/03/2024,Manchester City FC,Arsenal FC,0,0,D,EPL,2023-24,openfootball
LALIGA,31/03/2024,Deportivo Alavés,Real Sociedad de Fútbol,0,1,A,LALIGA,2023-24,openfootball
LALIGA,31/03/2024,Girona FC,Real Betis Balompié,3,2,H,LALIGA,2023-24,openfootball
LALIGA,31/03/2024,RC Celta de Vigo,Rayo Vallecano de Madrid,0,0,D,LALIGA,2023-24,openfootball
LALIGA,31/03/2024,Real Madrid CF,Athletic Club,2,0,H,LALIGA,2023-24,openfootball
LALIGA,01/04/2024,Villarreal CF,Club Atlético de Madrid,1,2,A,LALIGA,2023-24,openfootball
SERIEA,01/04/2024,Bologna FC 1909,US Salernitana 1919,3,0,H,SERIEA,2023-24,openfootball
SERIEA,01/04/2024,Cagliari Calcio,Hellas Verona FC,1,1,D,SERIEA,2023-24,openfootball
SERIEA,01/04/2024,FC Internazionale Milano,Empoli FC,2,0,H,SERIEA,2023-24,openfootball
SERIEA,01/04/2024,US Lecce,AS Roma,0,0,D,SERIEA,2023-24,openfootball
SERIEA,01/04/2024,US Sassuolo Calcio,Udinese Calcio,1,1,D,SERIEA,2023-24,openfootball
EPL,02/04/2024,AFC Bournemouth,Crystal Palace FC,1,0,H,EPL,2023-24,openfootball
EPL,02/04/2024,Burnley FC,Wolverhampton Wanderers FC,1,1,D,EPL,2023-24,openfootball
EPL,02/04/2024,Newcastle United FC,Everton FC,1,1,D,EPL,2023-24,openfootball
EPL,02/04/2024,Nottingham Forest FC,Fulham FC,3,1,H,EPL,2023-24,openfootball
EPL,02/04/2024,West Ham United FC,Tottenham Hotspur FC,1,1,D,EPL,2023-24,openfootball
EPL,03/04/2024,Arsenal FC,Luton Town FC,2,0,H,EPL,2023-24,openfootball
EPL,03/04/2024,Brentford FC,Brighton & Hove Albion FC,0,0,D,EPL,2023-24,openfootball
EPL,03/04/2024,Manchester City FC,Aston Villa FC,4,1,H,EPL,2023-24,openfootball
EPL,04/04/2024,Chelsea FC,Manchester United FC,4,3,H,EPL,2023-24,openfootball
EPL,04/04/2024,Liverpool FC,Sheffield United FC,3,1,H,EPL,2023-24,openfootball
LALIGA,04/04/2024,Granada CF,Valencia CF,0,1,A,LALIGA,2023-24,openfootball
BUNDESLIGA,05/04/2024,Eintracht Frankfurt,SV Werder Bremen,1,1,D,BUNDESLIGA,2023-24,openfootball
SERIEA,05/04/2024,US Salernitana 1919,US Sassuolo Calcio,2,2,D,SERIEA,2023-24,openfootball
BUNDESLIGA,06/04/2024,1. FC Heidenheim 1846,FC Bayern München,3,2,H,BUNDESLIGA,2023-24,openfootball
BUNDESLIGA,06/04/2024,1. FC Köln,VfL Bochum 1848,2,1,H,BUNDESLIGA,2023-24,openfootball
BUNDESLIGA,06/04/2024,1. FC Union Berlin,Bayer 04 Leverkusen,0,1,A,BUNDESLIGA,2023-24,openfootball
BUNDESLIGA,06/04/2024,1. FSV Mainz 05,SV Darmstadt 98,4,0,H,BUNDESLIGA,2023-24,openfootball
BUNDESLIGA,06/04/2024,Borussia Dortmund,VfB Stuttgart,0,1,A,BUNDESLIGA,2023-24,openfootball
BUNDESLIGA,06/04/2024,SC Freiburg,RB Leipzig,1,4,A,BUNDESLIGA,2023-24,openfootball
EPL,06/04/2024,Aston Villa FC,Brentford FC,3,3,D,EPL,2023-24,openfootball
EPL,06/04/2024,Brighton & Hove Albion FC,Arsenal FC,0,3,A,EPL,2023-24,openfootball
EPL,06/04/2024,Crystal Palace FC,Manchester City FC,2,4,A,EPL,2023-24,openfootball
EPL,06/04/2024,Everton FC,Burnley FC,1,0,H,EPL,2023-24,openfootball
EPL,06/04/2024,Fulham FC,Newcastle United FC,0,1,A,EPL,2023-24,openfootball
EPL,06/04/2024,Luton Town FC,AFC Bournemouth,2,1,H,EPL,2023-24,openfootball
EPL,06/04/2024,Wolverhampton Wanderers FC,West Ham United FC,1,2,A,EPL,2023-24,openfootball
SERIEA,06/04/2024,AC Milan,US Lecce,3,0,H,SERIEA,2023-24,openfootball
SERIEA,06/04/2024,AS Roma,SS Lazio,1,0,H,SERIEA,2023-24,openfootball
SERIEA,06/04/2024,Empoli FC,Torino FC,3,2,H,SERIEA,2023-24,openfootball
BUNDESLIGA,07/04/2024,TSG 1899 Hoffenheim,FC Augsburg,3,1,H,BUNDESLIGA,2023-24,openfootball
BUNDESLIGA,07/04/2024,VfL Wolfsburg,Borussia Mönchengladbach,1,3,A,BUNDESLIGA,2023-24,openfootball
EPL,07/04/2024,Manchester United FC,Liverpool FC,2,2,D,EPL,2023-24,openfootball
EPL,07/04/2024,Sheffield United FC,Chelsea FC,2,2,D,EPL,2023-24,openfootball
EPL,07/04/2024,Tottenham Hotspur FC,Nottingham Forest FC,3,1,H,EPL,2023-24,openfootball
SERIEA,07/04/2024,AC Monza,SSC Napoli,2,4,A,SERIEA,2023-24,openfootball
SERIEA,07/04/2024,Cagliari Calcio,Atalanta BC,2,1,H,SERIEA,2023-24,openfootball
SERIEA,07/04/2024,Frosinone Calcio,Bologna FC 1909,0,0,D,SERIEA,2023-24,openfootball
SERIEA,07/04/2024,Hellas Verona FC,Genoa CFC,1,2,A,SERIEA,2023-24,openfootball
SERIEA,07/04/2024,Juventus FC,ACF Fiorentina,1,0,H,SERIEA,2023-24,openfootball
SERIEA,08/04/2024,Udinese Calcio,FC Internazionale Milano,1,2,A,SERIEA,2023-24,openfootball
BUNDESLIGA,12/04/2024,FC Augsburg,1. FC Union Berlin,2,0,H,BUNDESLIGA,2023-24,openfootball
LALIGA,12/04/2024,Real Betis Balompié,RC Celta de Vigo,2,1,H,LALIGA,2023-24,openfootball
SERIEA,12/04/2024,SS Lazio,US Salernitana 1919,4,1,H,SERIEA,2023-24,openfootball
BUNDESLIGA,13/04/2024,1. FSV Mainz 05,TSG 1899 Hoffenheim,4,1,H,BUNDESLIGA,2023-24,openfootball
BUNDESLIGA,13/04/2024,Borussia Mönchengladbach,Borussia Dortmund,1,2,A,BUNDESLIGA,2023-24,openfootball
BUNDESLIGA,13/04/2024,FC Bayern München,1. FC Köln,2,0,H,BUNDESLIGA,2023-24,openfootball
BUNDESLIGA,13/04/2024,RB Leipzig,VfL Wolfsburg,3,0,H,BUNDESLIGA,2023-24,openfootball
BUNDESLIGA,13/04/2024,VfB Stuttgart,Eintracht Frankfurt,3,0,H,BUNDESLIGA,2023-24,openfootball
BUNDESLIGA,13/04/2024,VfL Bochum 1848,1. FC Heidenheim 1846,1,1,D,BUNDESLIGA,2023-24,openfootball
EPL,13/04/2024,AFC Bournemouth,Manchester United FC,2,2,D,EPL,2023-24,openfootball
EPL,13/04/2024,Brentford FC,Sheffield United FC,2,0,H,EPL,2023-24,openfootball
EPL,13/04/2024,Burnley FC,Brighton & Hove Albion FC,1,1,D,EPL,2023-24,openfootball
EPL,13/04/2024,Manchester City FC,Luton Town FC,5,1,H,EPL,2023-24,openfootball
EPL,13/04/2024,Newcastle United FC,Tottenham Hotspur FC,4,0,H,EPL,2023-24,openfootball
EPL,13/04/2024,Nottingham Forest FC,Wolverhampton Wanderers FC,2,2,D,EPL,2023-24,openfootball
LALIGA,13/04/2024,Club Atlético de Madrid,Girona FC,3,1,H,LALIGA,2023-24,openfootball
LALIGA,13/04/2024,Cádiz CF,FC Barcelona,0,1,A,LALIGA,2023-24,openfootball
LALIGA,13/04/2024,RCD Mallorca,Real Madrid CF,0,1,A,LALIGA,2023-24,openfootball
LALIGA,13/04/2024,Rayo Vallecano de Madrid,Getafe CF,0,0,D,LALIGA,2023-24,openfootball
SERIEA,13/04/2024,Bologna FC 1909,AC Monza,0,0,D,SERIEA,2023-24,openfootball
SERIEA,13/04/2024,Torino FC,Juventus FC,0,0,D,SERIEA,2023-24,openfootball
SERIEA,13/04/2024,US Lecce,Empoli FC,1,0,H,SERIEA,2023-24,openfootball
BUNDESLIGA,14/04/2024,Bayer 04 Leverkusen,SV Werder Bremen,5,0,H,BUNDESLIGA,2023-24,openfootball
BUNDESLIGA,14/04/2024,SV Darmstadt 98,SC Freiburg,0,1,A,BUNDESLIGA,2023-24,openfootball
EPL,14/04/2024,Arsenal FC,Aston Villa FC,0,2,A,EPL,2023-24,openfootball
EPL,14/04/2024,Liverpool FC,Crystal Palace FC,0,1,A,EPL,2023-24,openfootball
EPL,14/04/2024,West Ham United FC,Fulham FC,0,2,A,EPL,2023-24,openfootball
LALIGA,14/04/2024,Athletic Club,Villarreal CF,1,1,D,LALIGA,2023-24,openfootball
LALIGA,14/04/2024,Granada CF,Deportivo Alavés,2,0,H,LALIGA,2023-24,openfootball
LALIGA,14/04/2024,Real Sociedad de Fútbol,UD Almería,2,2,D,LALIGA,2023-24,openfootball
LALIGA,14/04/2024,UD Las Palmas,Sevilla FC,0,2,A,LALIGA,2023-24,openfootball
SERIEA,14/04/2024,FC Internazionale Milano,Cagliari Calcio,2,2,D,SERIEA,2023-24,openfootball
SERIEA,14/04/2024,SSC Napoli,Frosinone Calcio,2,2,D,SERIEA,2023-24,openfootball
SERIEA,14/04/2024,US Sassuolo Calcio,AC Milan,3,3,D,SERIEA,2023-24,openfootball
EPL,15/04/2024,Chelsea FC,Everton FC,6,0,H,EPL,2023-24,openfootball
LALIGA,15/04/2024,CA Osasuna,Valencia CF,0,1,A,LALIGA,2023-24,openfootball
SERIEA,15/04/2024,ACF Fiorentina,Genoa CFC,1,1,D,SERIEA,2023-24,openfootball
SERIEA,15/04/2024,Atalanta BC,Hellas Verona FC,2,2,D,SERIEA,2023-24,openfootball
BUNDESLIGA,19/04/2024,Eintracht Frankfurt,FC Augsburg,3,1,H,BUNDESLIGA,2023-24,openfootball
LALIGA,19/04/2024,Athletic Club,Granada CF,1,1,D,LALIGA,2023-24,openfootball
SERIEA,19/04/2024,Cagliari Calcio,Juventus FC,2,2,D,SERIEA,2023-24,openfootball
SERIEA,19/04/2024,Genoa CFC,SS Lazio,0,1,A,SERIEA,2023-24,openfootball
BUNDESLIGA,20/04/2024,1. FC Heidenheim 1846,RB Leipzig,1,2,A,BUNDESLIGA,2023-24,openfootball
BUNDESLIGA,20/04/2024,1. FC Köln,SV Darmstadt 98,0,2,A,BUNDESLIGA,2023-24,openfootball
BUNDESLIGA,20/04/2024,1. FC Union Berlin,FC Bayern München,1,5,A,BUNDESLIGA,2023-24,openfootball
BUNDESLIGA,20/04/2024,TSG 1899 Hoffenheim,Borussia Mönchengladbach,4,3,H,BUNDESLIGA,2023-24,openfootball
BUNDESLIGA,20/04/2024,VfL Wolfsburg,VfL Bochum 1848,1,0,H,BUNDESLIGA,2023-24,openfootball
EPL,20/04/2024,Luton Town FC,Brentford FC,1,5,A,EPL,2023-24,openfootball
EPL,20/04/2024,Sheffield United FC,Burnley FC,1,4,A,EPL,2023-24,openfootball
EPL,20/04/2024,Wolverhampton Wanderers FC,Arsenal FC,0,2,A,EPL,2023-24,openfootball
LALIGA,20/04/2024,Girona FC,Cádiz CF,4,1,H,LALIGA,2023-24,openfootball
LALIGA,20/04/2024,RC Celta de Vigo,UD Las Palmas,4,1,H,LALIGA,2023-24,openfootball
LALIGA,20/04/2024,Rayo Vallecano de Madrid,CA Osasuna,2,1,H,LALIGA,2023-24,openfootball
LALIGA,20/04/2024,Valencia CF,Real Betis Balompié,1,2,A,LALIGA,2023-24,openfootball
SERIEA,20/04/2024,Empoli FC,SSC Napoli,1,0,H,SERIEA,2023-24,openfootball
SERIEA,20/04/2024,Hellas Verona FC,Udinese Calcio,1,0,H,SERIEA,2023-24,openfootball
BUNDESLIGA,21/04/2024,Borussia Dortmund,Bayer 04 Leverkusen,1,1,D,BUNDESLIGA,2023-24,openfootball
BUNDESLIGA,21/04/2024,SC Freiburg,1. FSV Mainz 05,1,1,D,BUNDESLIGA,2023-24,openfootball
BUNDESLIGA,21/04/2024,SV Werder Bremen,VfB Stuttgart,2,1,H,BUNDESLIGA,2023-24,openfootball
EPL,21/04/2024,Aston Villa FC,AFC Bournemouth,3,1,H,EPL,2023-24,openfootball
EPL,21/04/2024,Crystal Palace FC,West Ham United FC,5,2,H,EPL,2023-24,openfootball
EPL,21/04/2024,Everton FC,Nottingham Forest FC,2,0,H,EPL,2023-24,openfootball
EPL,21/04/2024,Fulham FC,Liverpool FC,1,3,A,EPL,2023-24,openfootball
LALIGA,21/04/2024,Deportivo Alavés,Club Atlético de Madrid,2,0,H,LALIGA,2023-24,openfootball
LALIGA,21/04/2024,Getafe CF,Real Sociedad de Fútbol,1,1,D,LALIGA,2023-24,openfootball
LALIGA,21/04/2024,Real Madrid CF,FC Barcelona,3,2,H,LALIGA,2023-24,openfootball
LALIGA,21/04/2024,UD Almería,Villarreal CF,1,2,A,LALIGA,2023-24,openfootball
SERIEA,21/04/2024,AC Monza,Atalanta BC,1,2,A,SERIEA,2023-24,openfootball
SERIEA,21/04/2024,Torino FC,Frosinone Calcio,0,0,D,SERIEA,2023-24,openfootball
SERIEA,21/04/2024,US Salernitana 1919,ACF Fiorentina,0,2,A,SERIEA,2023-24,openfootball
SERIEA,21/04/2024,US Sassuolo Calcio,US Lecce,0,3,A,SERIEA,2023-24,openfootball
LALIGA,22/04/2024,Sevilla FC,RCD Mallorca,2,1,H,LALIGA,2023-24,openfootball
SERIEA,22/04/2024,AC Milan,FC Internazionale Milano,1,2,A,SERIEA,2023-24,openfootball
SERIEA,22/04/2024,AS Roma,Bologna FC 1909,1,3,A,SERIEA,2023-24,openfootball
EPL,23/04/2024,Arsenal FC,Chelsea FC,5,0,H,EPL,2023-24,openfootball
EPL,24/04/2024,Crystal Palace FC,Newcastle United FC,2,0,H,EPL,2023-24,openfootball
EPL,24/04/2024,Everton FC,Liverpool FC,2,0,H,EPL,2023-24,openfootball
EPL,24/04/2024,Manchester United FC,Sheffield United FC,4,2,H,EPL,2023-24,openfootball
EPL,24/04/2024,Wolverhampton Wanderers FC,AFC Bournemouth,0,1,A,EPL,2023-24,openfootball
EPL,25/04/2024,Brighton & Hove Albion FC,Manchester City FC,0,4,A,EPL,2023-24,openfootball
SERIEA,25/04/2024,Udinese Calcio,AS Roma,1,2,A,SERIEA,2023-24,openfootball
BUNDESLIGA,26/04/2024,VfL Bochum 1848,TSG 1899 Hoffenheim,3,2,H,BUNDESLIGA,2023-24,openfootball
LALIGA,26/04/2024,Real Sociedad de Fútbol,Real Madrid CF,0,1,A,LALIGA,2023-24,openfootball
SERIEA,26/04/2024,Frosinone Calcio,US Salernitana 1919,3,0,H,SERIEA,2023-24,openfootball
BUNDESLIGA,27/04/2024,Bayer 04 Leverkusen,VfB Stuttgart,2,2,D,BUNDESLIGA,2023-24,openfootball
BUNDESLIGA,27/04/2024,FC Augsburg,SV Werder Bremen,0,3,A,BUNDESLIGA,2023-24,openfootball
BUNDESLIGA,27/04/2024,FC Bayern München,Eintracht Frankfurt,2,1,H,BUNDESLIGA,2023-24,openfootball
BUNDESLIGA,27/04/2024,RB Leipzig,Borussia Dortmund,4,1,H,BUNDESLIGA,2023-24,openfootball
BUNDESLIGA,27/04/2024,SC Freiburg,VfL Wolfsburg,1,2,A,BUNDESLIGA,2023-24,openfootball
EPL,27/04/2024,Aston Villa FC,Chelsea FC,2,2,D,EPL,2023-24,openfootball
EPL,27/04/2024,Everton FC,Brentford FC,1,0,H,EPL,2023-24,openfootball
EPL,27/04/2024,Fulham FC,Crystal Palace FC,1,1,D,EPL,2023-24,openfootball
EPL,27/04/2024,Manchester United FC,Burnley FC,1,1,D,EPL,2023-24,openfootball
EPL,27/04/2024,Newcastle United FC,Sheffield United FC,5,1,H,EPL,2023-24,openfootball
EPL,27/04/2024,West Ham United FC,Liverpool FC,2,2,D,EPL,2023-24,openfootball
EPL,27/04/2024,Wolverhampton Wanderers FC,Luton Town FC,2,1,H,EPL,2023-24,openfootball
LALIGA,27/04/2024,Club Atlético de Madrid,Athletic Club,3,1,H,LALIGA,2023-24,openfootball
LALIGA,27/04/2024,Deportivo Alavés,RC Celta de Vigo,3,0,H,LALIGA,2023-24,openfootball
LALIGA,27/04/2024,UD Almería,Getafe CF,1,3,A,LALIGA,2023-24,openfootball
LALIGA,27/04/2024,UD Las Palmas,Girona FC,0,2,A,LALIGA,2023-24,openfootball
SERIEA,27/04/2024,Juventus FC,AC Milan,0,0,D,SERIEA,2023-24,openfootball
SERIEA,27/04/2024,SS Lazio,Hellas Verona FC,1,0,H,SERIEA,2023-24,openfootball
SERIEA,27/04/2024,US Lecce,AC Monza,1,1,D,SERIEA,2023-24,openfootball
BUNDESLIGA,28/04/2024,1. FSV Mainz 05,1. FC Köln,1,1,D,BUNDESLIGA,2023-24,openfootball
BUNDESLIGA,28/04/2024,Borussia Mönchengladbach,1. FC Union Berlin,0,0,D,BUNDESLIGA,2023-24,openfootball
BUNDESLIGA,28/04/2024,SV Darmstadt 98,1. FC Heidenheim 1846,0,1,A,BUNDESLIGA,2023-24,openfootball
EPL,28/04/2024,AFC Bournemouth,Brighton & Hove Albion FC,3,0,H,EPL,2023-24,openfootball
EPL,28/04/2024,Nottingham Forest FC,Manchester City FC,0,2,A,EPL,2023-24,openfootball
EPL,28/04/2024,Tottenham Hotspur FC,Arsenal FC,2,3,A,EPL,2023-24,openfootball
LALIGA,28/04/2024,Cádiz CF,RCD Mallorca,1,1,D,LALIGA,2023-24,openfootball
LALIGA,28/04/2024,Granada CF,CA Osasuna,3,0,H,LALIGA,2023-24,openfootball
LALIGA,28/04/2024,Real Betis Balompié,Sevilla FC,1,1,D,LALIGA,2023-24,openfootball
LALIGA,28/04/2024,Villarreal CF,Rayo Vallecano de Madrid,3,0,H,LALIGA,2023-24,openfootball
SERIEA,28/04/2024,ACF Fiorentina,US Sassuolo Calcio,5,1,H,SERIEA,2023-24,openfootball
SERIEA,28/04/2024,Atalanta BC,Empoli FC,2,0,H,SERIEA,2023-24,openfootball
SERIEA,28/04/2024,Bologna FC 1909,Udinese Calcio,1,1,D,SERIEA,2023-24,openfootball
SERIEA,28/04/2024,FC Internazionale Milano,Torino FC,2,0,H,SERIEA,2023-24,openfootball
SERIEA,28/04/2024,SSC Napoli,AS Roma,2,2,D,SERIEA,2023-24,openfootball
LALIGA,29/04/2024,FC Barcelona,Valencia CF,4,2,H,LALIGA,2023-24,openfootball
SERIEA,29/04/2024,Genoa CFC,Cagliari Calcio,3,0,H,SERIEA,2023-24,openfootball
EPL,02/05/2024,Chelsea FC,Tottenham Hotspur FC,2,0,H,EPL,2023-24,openfootball
BUNDESLIGA,03/05/2024,TSG 1899 Hoffenheim,RB Leipzig,1,1,D,BUNDESLIGA,2023-24,openfootball
EPL,03/05/2024,Luton Town FC,Everton FC,1,1,D,EPL,2023-24,openfootball
LALIGA,03/05/2024,Getafe CF,Athletic Club,0,2,A,LALIGA,2023-24,openfootball
SERIEA,03/05/2024,Torino FC,Bologna FC 1909,0,0,D,SERIEA,2023-24,openfootball
BUNDESLIGA,04/05/2024,1. FC Köln,SC Freiburg,0,0,D,BUNDESLIGA,2023-24,openfootball
BUNDESLIGA,04/05/2024,Borussia Dortmund,FC Augsburg,5,1,H,BUNDESLIGA,2023-24,openfootball
BUNDESLIGA,04/05/2024,SV Werder Bremen,Borussia Mönchengladbach,2,2,D,BUNDESLIGA,2023-24,openfootball
BUNDESLIGA,04/05/2024,VfB Stuttgart,FC Bayern München,3,1,H,BUNDESLIGA,2023-24,openfootball
BUNDESLIGA,04/05/2024,VfL Wolfsburg,SV Darmstadt 98,3,0,H,BUNDESLIGA,2023-24,openfootball
EPL,04/05/2024,Arsenal FC,AFC Bournemouth,3,0,H,EPL,2023-24,openfootball
EPL,04/05/2024,Brentford FC,Fulham FC,0,0,D,EPL,2023-24,openfootball
EPL,04/05/2024,Burnley FC,Newcastle United FC,1,4,A,EPL,2023-24,openfootball
EPL,04/05/2024,Manchester City FC,Wolverhampton Wanderers FC,5,1,H,EPL,2023-24,openfootball
EPL,04/05/2024,Sheffield United FC,Nottingham Forest FC,1,3,A,EPL,2023-24,openfootball
LALIGA,04/05/2024,Girona FC,FC Barcelona,4,2,H,LALIGA,2023-24,openfootball
LALIGA,04/05/2024,RCD Mallorca,Club Atlético de Madrid,0,1,A,LALIGA,2023-24,openfootball
LALIGA,04/05/2024,Real Madrid CF,Cádiz CF,3,0,H,LALIGA,2023-24,openfootball
LALIGA,04/05/2024,Real Sociedad de Fútbol,UD Las Palmas,2,0,H,LALIGA,2023-24,openfootball
SERIEA,04/05/2024,AC Monza,SS Lazio,2,2,D,SERIEA,2023-24,openfootball
SERIEA,04/05/2024,US Sassuolo Calcio,FC Internazionale Milano,1,0,H,SERIEA,2023-24,openfootball
BUNDESLIGA,05/05/2024,1. FC Heidenheim 1846,1. FSV Mainz 05,1,1,D,BUNDESLIGA,2023-24,openfootball
BUNDESLIGA,05/05/2024,1. FC Union Berlin,VfL Bochum 1848,3,4,A,BUNDESLIGA,2023-24,openfootball
BUNDESLIGA,05/05/2024,Eintracht Frankfurt,Bayer 04 Leverkusen,1,5,A,BUNDESLIGA,2023-24,openfootball
EPL,05/05/2024,Brighton & Hove Albion FC,Aston Villa FC,1,0,H,EPL,2023-24,openfootball
EPL,05/05/2024,Chelsea FC,West Ham United FC,5,0,H,EPL,2023-24,openfootball
EPL,05/05/2024,Liverpool FC,Tottenham Hotspur FC,4,2,H,EPL,2023-24,openfootball
LALIGA,05/05/2024,CA Osasuna,Real Betis Balompié,0,2,A,LALIGA,2023-24,openfootball
LALIGA,05/05/2024,RC Celta de Vigo,Villarreal CF,3,2,H,LALIGA,2023-24,openfootball
LALIGA,05/05/2024,Rayo Vallecano de Madrid,UD Almería,0,1,A,LALIGA,2023-24,openfootball
LALIGA,05/05/2024,Sevilla FC,Granada CF,3,0,H,LALIGA,2023-24,openfootball
LALIGA,05/05/2024,Valencia CF,Deportivo Alavés,0,1,A,LALIGA,2023-24,openfootball
SERIEA,05/05/2024,AC Milan,Genoa CFC,3,3,D,SERIEA,2023-24,openfootball
SERIEA,05/05/2024,AS Roma,Juventus FC,1,1,D,SERIEA,2023-24,openfootball
SERIEA,05/05/2024,Cagliari Calcio,US Lecce,1,1,D,SERIEA,2023-24,openfootball
SERIEA,05/05/2024,Empoli FC,Frosinone Calcio,0,0,D,SERIEA,2023-24,openfootball
SERIEA,05/05/2024,Hellas Verona FC,ACF Fiorentina,2,1,H,SERIEA,2023-24,openfootball
EPL,06/05/2024,Crystal Palace FC,Manchester United FC,4,0,H,EPL,2023-24,openfootball
SERIEA,06/05/2024,US Salernitana 1919,Atalanta BC,1,2,A,SERIEA,2023-24,openfootball
SERIEA,06/05/2024,Udinese Calcio,SSC Napoli,1,1,D,SERIEA,2023-24,openfootball
BUNDESLIGA,10/05/2024,FC Augsburg,VfB Stuttgart,0,1,A,BUNDESLIGA,2023-24,openfootball
LALIGA,10/05/2024,Deportivo Alavés,Girona FC,2,2,D,LALIGA,2023-24,openfootball
SERIEA,10/05/2024,Frosinone Calcio,FC Internazionale Milano,0,5,A,SERIEA,2023-24,openfootball
BUNDESLIGA,11/05/2024,1. FC Köln,1. FC Union Berlin,3,2,H,BUNDESLIGA,2023-24,openfootball
BUNDESLIGA,11/05/2024,1. FSV Mainz 05,Borussia Dortmund,3,0,H,BUNDESLIGA,2023-24,openfootball
BUNDESLIGA,11/05/2024,Borussia Mönchengladbach,Eintracht Frankfurt,1,1,D,BUNDESLIGA,2023-24,openfootball
BUNDESLIGA,11/05/2024,RB Leipzig,SV Werder Bremen,1,1,D,BUNDESLIGA,2023-24,openfootball
BUNDESLIGA,11/05/2024,SC Freiburg,1. FC Heidenheim 1846,1,1,D,BUNDESLIGA,2023-24,openfootball
EPL,11/05/2024,AFC Bournemouth,Brentford FC,1,2,A,EPL,2023-24,openfootball
EPL,11/05/2024,Everton FC,Sheffield United FC,1,0,H,EPL,2023-24,openfootball
EPL,11/05/2024,Fulham FC,Manchester City FC,0,4,A,EPL,2023-24,openfootball
EPL,11/05/2024,Newcastle United FC,Brighton & Hove Albion FC,1,1,D,EPL,2023-24,openfootball
EPL,11/05/2024,Nottingham Forest FC,Chelsea FC,2,3,A,EPL,2023-24,openfootball
EPL,11/05/2024,Tottenham Hotspur FC,Burnley FC,2,1,H,EPL,2023-24,openfootball
EPL,11/05/2024,West Ham United FC,Luton Town FC,3,1,H,EPL,2023-24,openfootball
EPL,11/05/2024,Wolverhampton Wanderers FC,Crystal Palace FC,1,3,A,EPL,2023-24,openfootball
LALIGA,11/05/2024,Athletic Club,CA Osasuna,2,2,D,LALIGA,2023-24,openfootball
LALIGA,11/05/2024,Granada CF,Real Madrid CF,0,4,A,LALIGA,2023-24,openfootball
LALIGA,11/05/2024,RCD Mallorca,UD Las Palmas,1,0,H,LALIGA,2023-24,openfootball
LALIGA,11/05/2024,Villarreal CF,Sevilla FC,3,2,H,LALIGA,2023-24,openfootball
SERIEA,11/05/2024,AC Milan,Cagliari Calcio,5,1,H,SERIEA,2023-24,openfootball
SERIEA,11/05/2024,SSC Napoli,Bologna FC 1909,0,2,A,SERIEA,2023-24,openfootball
BUNDESLIGA,12/05/2024,FC Bayern München,VfL Wolfsburg,2,0,H,BUNDESLIGA,2023-24,openfootball
BUNDESLIGA,12/05/2024,SV Darmstadt 98,TSG 1899 Hoffenheim,0,6,A,BUNDESLIGA,2023-24,openfootball
BUNDESLIGA,12/05/2024,VfL Bochum 1848,Bayer 04 Leverkusen,0,5,A,BUNDESLIGA,2023-24,openfootball
EPL,12/05/2024,Manchester United FC,Arsenal FC,0,1,A,EPL,2023-24,openfootball
LALIGA,12/05/2024,Club Atlético de Madrid,RC Celta de Vigo,1,0,H,LALIGA,2023-24,openfootball
LALIGA,12/05/2024,Cádiz CF,Getafe CF,1,0,H,LALIGA,2023-24,openfootball
LALIGA,12/05/2024,Real Betis Balompié,UD Almería,3,2,H,LALIGA,2023-24,openfootball
LALIGA,12/05/2024,Valencia CF,Rayo Vallecano de Madrid,0,0,D,LALIGA,2023-24,openfootball
SERIEA,12/05/2024,Atalanta BC,AS Roma,2,1,H,SERIEA,2023-24,openfootball
SERIEA,12/05/2024,Genoa CFC,US Sassuolo Calcio,2,1,H,SERIEA,2023-24,openfootball
SERIEA,12/05/2024,Hellas Verona FC,Torino FC,1,2,A,SERIEA,2023-24,openfootball
SERIEA,12/05/2024,Juventus FC,US Salernitana 1919,1,1,D,SERIEA,2023-24,openfootball
SERIEA,12/05/2024,SS Lazio,Empoli FC,2,0,H,SERIEA,2023-24,openfootball
EPL,13/05/2024,Aston Villa FC,Liverpool FC,3,3,D,EPL,2023-24,openfootball
LALIGA,13/05/2024,FC Barcelona,Real Sociedad de Fútbol,2,0,H,LALIGA,2023-24,openfootball
SERIEA,13/05/2024,ACF Fiorentina,AC Monza,2,1,H,SERIEA,2023-24,openfootball
SERIEA,13/05/2024,US Lecce,Udinese Calcio,0,2,A,SERIEA,2023-24,openfootball
EPL,14/05/2024,Tottenham Hotspur FC,Manchester City FC,0,2,A,EPL,2023-24,openfootball
LALIGA,14/05/2024,CA Osasuna,RCD Mallorca,1,1,D,LALIGA,2023-24,openfootball
LALIGA,14/05/2024,Girona FC,Villarreal CF,0,1,A,LALIGA,2023-24,openfootball
LALIGA,14/05/2024,Real Madrid CF,Deportivo Alavés,5,0,H,LALIGA,2023-24,openfootball
EPL,15/05/2024,Brighton & Hove Albion FC,Chelsea FC,1,2,A,EPL,2023-24,openfootball
EPL,15/05/2024,Manchester United FC,Newcastle United FC,3,2,H,EPL,2023-24,openfootball
LALIGA,15/05/2024,Getafe CF,Club Atlético de Madrid,0,3,A,LALIGA,2023-24,openfootball
LALIGA,15/05/2024,RC Celta de Vigo,Athletic Club,2,1,H,LALIGA,2023-24,openfootball
LALIGA,15/05/2024,Rayo Vallecano de Madrid,Granada CF,2,1,H,LALIGA,2023-24,openfootball
LALIGA,15/05/2024,Sevilla FC,Cádiz CF,0,1,A,LALIGA,2023-24,openfootball
LALIGA,16/05/2024,Real Sociedad de Fútbol,Valencia CF,1,0,H,LALIGA,2023-24,openfootball
LALIGA,16/05/2024,UD Almería,FC Barcelona,0,2,A,LALIGA,2023-24,openfootball
LALIGA,16/05/2024,UD Las Palmas,Real Betis Balompié,2,2,D,LALIGA,2023-24,openfootball
SERIEA,17/05/2024,ACF Fiorentina,SSC Napoli,2,2,D,SERIEA,2023-24,openfootball
BUNDESLIGA,18/05/2024,1. FC Heidenheim 1846,1. FC Köln,4,1,H,BUNDESLIGA,2023-24,openfootball
BUNDESLIGA,18/05/2024,1. FC Union Berlin,SC Freiburg,2,1,H,BUNDESLIGA,2023-24,openfootball
BUNDESLIGA,18/05/2024,Bayer 04 Leverkusen,FC Augsburg,2,1,H,BUNDESLIGA,2023-24,openfootball
BUNDESLIGA,18/05/2024,Borussia Dortmund,SV Darmstadt 98,4,0,H,BUNDESLIGA,2023-24,openfootball
BUNDESLIGA,18/05/2024,Eintracht Frankfurt,RB Leipzig,2,2,D,BUNDESLIGA,2023-24,openfootball
BUNDESLIGA,18/05/2024,SV Werder Bremen,VfL Bochum 1848,4,1,H,BUNDESLIGA,2023-24,openfootball
BUNDESLIGA,18/05/2024,TSG 1899 Hoffenheim,FC Bayern München,4,2,H,BUNDESLIGA,2023-24,openfootball
BUNDESLIGA,18/05/2024,VfB Stuttgart,Borussia Mönchengladbach,4,0,H,BUNDESLIGA,2023-24,openfootball
BUNDESLIGA,18/05/2024,VfL Wolfsburg,1. FSV Mainz 05,1,3,A,BUNDESLIGA,2023-24,openfootball
LALIGA,18/05/2024,Deportivo Alavés,Getafe CF,1,0,H,LALIGA,2023-24,openfootball
SERIEA,18/05/2024,Torino FC,AC Milan,3,1,H,SERIEA,2023-24,openfootball
SERIEA,18/05/2024,US Lecce,Atalanta BC,0,2,A,SERIEA,2023-24,openfootball
EPL,19/05/2024,Arsenal FC,Everton FC,2,1,H,EPL,2023-24,openfootball
EPL,19/05/2024,Brentford FC,Newcastle United FC,2,4,A,EPL,2023-24,openfootball
EPL,19/05/2024,Brighton & Hove Albion FC,Manchester United FC,0,2,A,EPL,2023-24,openfootball
EPL,19/05/2024,Burnley FC,Nottingham Forest FC,1,2,A,EPL,2023-24,openfootball
EPL,19/05/2024,Chelsea FC,AFC Bournemouth,2,1,H,EPL,2023-24,openfootball
EPL,19/05/2024,Crystal Palace FC,Aston Villa FC,5,0,H,EPL,2023-24,openfootball
EPL,19/05/2024,Liverpool FC,Wolverhampton Wanderers FC,2,0,H,EPL,2023-24,openfootball
EPL,19/05/2024,Luton Town FC,Fulham FC,2,4,A,EPL,2023-24,openfootball
EPL,19/05/2024,Manchester City FC,West Ham United FC,3,1,H,EPL,2023-24,openfootball
EPL,19/05/2024,Sheffield United FC,Tottenham Hotspur FC,0,3,A,EPL,2023-24,openfootball
LALIGA,19/05/2024,Athletic Club,Sevilla FC,2,0,H,LALIGA,2023-24,openfootball
LALIGA,19/05/2024,Club Atlético de Madrid,CA Osasuna,1,4,A,LALIGA,2023-24,openfootball
LALIGA,19/05/2024,Cádiz CF,UD Las Palmas,0,0,D,LALIGA,2023-24,openfootball
LALIGA,19/05/2024,FC Barcelona,Rayo Vallecano de Madrid,3,0,H,LALIGA,2023-24,openfootball
LALIGA,19/05/2024,Granada CF,RC Celta de Vigo,1,2,A,LALIGA,2023-24,openfootball
LALIGA,19/05/2024,RCD Mallorca,UD Almería,2,2,D,LALIGA,2023-24,openfootball
LALIGA,19/05/2024,Real Betis Balompié,Real Sociedad de Fútbol,0,2,A,LALIGA,2023-24,openfootball
LALIGA,19/05/2024,Valencia CF,Girona FC,1,3,A,LALIGA,2023-24,openfootball
LALIGA,19/05/2024,Villarreal CF,Real Madrid CF,4,4,D,LALIGA,2023-24,openfootball
SERIEA,19/05/2024,AC Monza,Frosinone Calcio,0,1,A,SERIEA,2023-24,openfootball
SERIEA,19/05/2024,AS Roma,Genoa CFC,1,0,H,SERIEA,2023-24,openfootball
SERIEA,19/05/2024,FC Internazionale Milano,SS Lazio,1,1,D,SERIEA,2023-24,openfootball
SERIEA,19/05/2024,US Sassuolo Calcio,Cagliari Calcio,0,2,A,SERIEA,2023-24,openfootball
SERIEA,19/05/2024,Udinese Calcio,Empoli FC,1,1,D,SERIEA,2023-24,openfootball
SERIEA,20/05/2024,Bologna FC 1909,Juventus FC,3,3,D,SERIEA,2023-24,openfootball
SERIEA,20/05/2024,US Salernitana 1919,Hellas Verona FC,1,2,A,SERIEA,2023-24,openfootball
SERIEA,23/05/2024,Cagliari Calcio,ACF Fiorentina,2,3,A,SERIEA,2023-24,openfootball
LALIGA,24/05/2024,Girona FC,Granada CF,7,0,H,LALIGA,2023-24,openfootball
SERIEA,24/05/2024,Genoa CFC,Bologna FC 1909,2,0,H,SERIEA,2023-24,openfootball
LALIGA,25/05/2024,CA Osasuna,Villarreal CF,1,1,D,LALIGA,2023-24,openfootball
LALIGA,25/05/2024,Rayo Vallecano de Madrid,Athletic Club,0,1,A,LALIGA,2023-24,openfootball
LALIGA,25/05/2024,Real Madrid CF,Real Betis Balompié,0,0,D,LALIGA,2023-24,openfootball
LALIGA,25/05/2024,Real Sociedad de Fútbol,Club Atlético de Madrid,0,2,A,LALIGA,2023-24,openfootball
LALIGA,25/05/2024,UD Almería,Cádiz CF,6,1,H,LALIGA,2023-24,openfootball
SERIEA,25/05/2024,AC Milan,US Salernitana 1919,3,3,D,SERIEA,2023-24,openfootball
SERIEA,25/05/2024,Juventus FC,AC Monza,2,0,H,SERIEA,2023-24,openfootball
LALIGA,26/05/2024,Getafe CF,RCD Mallorca,1,2,A,LALIGA,2023-24,openfootball
LALIGA,26/05/2024,RC Celta de Vigo,Valencia CF,2,2,D,LALIGA,2023-24,openfootball
LALIGA,26/05/2024,Sevilla FC,FC Barcelona,1,2,A,LALIGA,2023-24,openfootball
LALIGA,26/05/2024,UD Las Palmas,Deportivo Alavés,1,1,D,LALIGA,2023-24,openfootball
SERIEA,26/05/2024,Atalanta BC,Torino FC,3,0,H,SERIEA,2023-24,openfootball
SERIEA,26/05/2024,Empoli FC,AS Roma,2,1,H,SERIEA,2023-24,openfootball
SERIEA,26/05/2024,Frosinone Calcio,Udinese Calcio,0,1,A,SERIEA,2023-24,openfootball
SERIEA,26/05/2024,Hellas Verona FC,FC Internazionale Milano,2,2,D,SERIEA,2023-24,openfootball
SERIEA,26/05/2024,SS Lazio,US Sassuolo Calcio,1,1,D,SERIEA,2023-24,openfootball
SERIEA,26/05/2024,SSC Napoli,US Lecce,0,0,D,SERIEA,2023-24,openfootball
SERIEA,02/06/2024,Atalanta BC,ACF Fiorentina,2,3,A,SERIEA,2023-24,openfootball
LALIGA,15/08/2024,Athletic Club,Getafe CF,1,1,D,LALIGA,2024-25,openfootball
LALIGA,15/08/2024,Real Betis Balompié,Girona FC,1,1,D,LALIGA,2024-25,openfootball
EPL,16/08/2024,Manchester United FC,Fulham FC,1,0,H,EPL,2024-25,openfootball
LALIGA,16/08/2024,RC Celta de Vigo,Deportivo Alavés,2,1,H,LALIGA,2024-25,openfootball
LALIGA,16/08/2024,UD Las Palmas,Sevilla FC,2,2,D,LALIGA,2024-25,openfootball
EPL,17/08/2024,Arsenal FC,Wolverhampton Wanderers FC,2,0,H,EPL,2024-25,openfootball
EPL,17/08/2024,Everton FC,Brighton & Hove Albion FC,0,3,A,EPL,2024-25,openfootball
EPL,17/08/2024,Ipswich Town FC,Liverpool FC,0,2,A,EPL,2024-25,openfootball
EPL,17/08/2024,Newcastle United FC,Southampton FC,1,0,H,EPL,2024-25,openfootball
EPL,17/08/2024,Nottingham Forest FC,AFC Bournemouth,1,1,D,EPL,2024-25,openfootball
EPL,17/08/2024,West Ham United FC,Aston Villa FC,1,2,A,EPL,2024-25,openfootball
LALIGA,17/08/2024,CA Osasuna,CD Leganés,1,1,D,LALIGA,2024-25,openfootball
LALIGA,17/08/2024,Valencia CF,FC Barcelona,1,2,A,LALIGA,2024-25,openfootball
SERIEA,17/08/2024,AC Milan,Torino FC,2,2,D,SERIEA,2024-25,openfootball
SERIEA,17/08/2024,Empoli FC,AC Monza,0,0,D,SERIEA,2024-25,openfootball
SERIEA,17/08/2024,Genoa CFC,FC Internazionale Milano,2,2,D,SERIEA,2024-25,openfootball
SERIEA,17/08/2024,Parma Calcio 1913,ACF Fiorentina,1,1,D,SERIEA,2024-25,openfootball
EPL,18/08/2024,Brentford FC,Crystal Palace FC,2,1,H,EPL,2024-25,openfootball
EPL,18/08/2024,Chelsea FC,Manchester City FC,0,2,A,EPL,2024-25,openfootball
LALIGA,18/08/2024,RCD Mallorca,Real Madrid CF,1,1,D,LALIGA,2024-25,openfootball
LALIGA,18/08/2024,Real Sociedad de Fútbol,Rayo Vallecano de Madrid,1,2,A,LALIGA,2024-25,openfootball
SERIEA,18/08/2024,Bologna FC 1909,Udinese Calcio,1,1,D,SERIEA,2024-25,openfootball
SERIEA,18/08/2024,Cagliari Calcio,AS Roma,0,0,D,SERIEA,2024-25,openfootball
SERIEA,18/08/2024,Hellas Verona FC,SSC Napoli,3,0,H,SERIEA,2024-25,openfootball
SERIEA,18/08/2024,SS Lazio,Venezia FC,3,1,H,SERIEA,2024-25,openfootball
EPL,19/08/2024,Leicester City FC,Tottenham Hotspur FC,1,1,D,EPL,2024-25,openfootball
LALIGA,19/08/2024,Real Valladolid CF,RCD Espanyol de Barcelona,1,0,H,LALIGA,2024-25,openfootball
LALIGA,19/08/2024,Villarreal CF,Club Atlético de Madrid,2,2,D,LALIGA,2024-25,openfootball
SERIEA,19/08/2024,Juventus FC,Como 1907,3,0,H,SERIEA,2024-25,openfootball
SERIEA,19/08/2024,US Lecce,Atalanta BC,0,4,A,SERIEA,2024-25,openfootball
BUNDESLIGA,23/08/2024,Borussia Mönchengladbach,Bayer 04 Leverkusen,2,3,A,BUNDESLIGA,2024-25,openfootball
LALIGA,23/08/2024,RC Celta de Vigo,Valencia CF,3,1,H,LALIGA,2024-25,openfootball
LALIGA,23/08/2024,Sevilla FC,Villarreal CF,1,2,A,LALIGA,2024-25,openfootball
BUNDESLIGA,24/08/2024,1. FSV Mainz 05,1. FC Union Berlin,1,1,D,BUNDESLIGA,2024-25,openfootball
BUNDESLIGA,24/08/2024,Borussia Dortmund,Eintracht Frankfurt,2,0,H,BUNDESLIGA,2024-25,openfootball
BUNDESLIGA,24/08/2024,FC Augsburg,SV Werder Bremen,2,2,D,BUNDESLIGA,2024-25,openfootball
BUNDESLIGA,24/08/2024,RB Leipzig,VfL Bochum 1848,1,0,H,BUNDESLIGA,2024-25,openfootball
BUNDESLIGA,24/08/2024,SC Freiburg,VfB Stuttgart,3,1,H,BUNDESLIGA,2024-25,openfootball
BUNDESLIGA,24/08/2024,TSG 1899 Hoffenheim,Holstein Kiel,3,2,H,BUNDESLIGA,2024-25,openfootball
EPL,24/08/2024,Aston Villa FC,Arsenal FC,0,2,A,EPL,2024-25,openfootball
EPL,24/08/2024,Brighton & Hove Albion FC,Manchester United FC,2,1,H,EPL,2024-25,openfootball
EPL,24/08/2024,Crystal Palace FC,West Ham United FC,0,2,A,EPL,2024-25,openfootball
EPL,24/08/2024,Fulham FC,Leicester City FC,2,1,H,EPL,2024-25,openfootball
EPL,24/08/2024,Manchester City FC,Ipswich Town FC,4,1,H,EPL,2024-25,openfootball
EPL,24/08/2024,Southampton FC,Nottingham Forest FC,0,1,A,EPL,2024-25,openfootball
EPL,24/08/2024,Tottenham Hotspur FC,Everton FC,4,0,H,EPL,2024-25,openfootball
LALIGA,24/08/2024,CA Osasuna,RCD Mallorca,1,0,H,LALIGA,2024-25,openfootball
LALIGA,24/08/2024,FC Barcelona,Athletic Club,2,1,H,LALIGA,2024-25,openfootball
LALIGA,24/08/2024,Getafe CF,Rayo Vallecano de Madrid,0,0,D,LALIGA,2024-25,openfootball
LALIGA,24/08/2024,RCD Espanyol de Barcelona,Real Sociedad de Fútbol,0,1,A,LALIGA,2024-25,openfootball
SERIEA,24/08/2024,AC Monza,Genoa CFC,0,1,A,SERIEA,2024-25,openfootball
SERIEA,24/08/2024,FC Internazionale Milano,US Lecce,2,0,H,SERIEA,2024-25,openfootball
SERIEA,24/08/2024,Parma Calcio 1913,AC Milan,2,1,H,SERIEA,2024-25,openfootball
SERIEA,24/08/2024,Udinese Calcio,SS Lazio,2,1,H,SERIEA,2024-25,openfootball
BUNDESLIGA,25/08/2024,FC St. Pauli 1910,1. FC Heidenheim 1846,0,2,A,BUNDESLIGA,2024-25,openfootball
BUNDESLIGA,25/08/2024,VfL Wolfsburg,FC Bayern München,2,3,A,BUNDESLIGA,2024-25,openfootball
EPL,25/08/2024,AFC Bournemouth,Newcastle United FC,1,1,D,EPL,2024-25,openfootball
EPL,25/08/2024,Liverpool FC,Brentford FC,2,0,H,EPL,2024-25,openfootball
EPL,25/08/2024,Wolverhampton Wanderers FC,Chelsea FC,2,6,A,EPL,2024-25,openfootball
LALIGA,25/08/2024,CD Leganés,UD Las Palmas,2,1,H,LALIGA,2024-25,openfootball
LALIGA,25/08/2024,Club Atlético de Madrid,Girona FC,3,0,H,LALIGA,2024-25,openfootball
LALIGA,25/08/2024,Deportivo Alavés,Real Betis Balompié,0,0,D,LALIGA,2024-25,openfootball
LALIGA,25/08/2024,Real Madrid CF,Real Valladolid CF,3,0,H,LALIGA,2024-25,openfootball
SERIEA,25/08/2024,ACF Fiorentina,Venezia FC,0,0,D,SERIEA,2024-25,openfootball
SERIEA,25/08/2024,AS Roma,Empoli FC,1,2,A,SERIEA,2024-25,openfootball
SERIEA,25/08/2024,SSC Napoli,Bologna FC 1909,3,0,H,SERIEA,2024-25,openfootball
SERIEA,25/08/2024,Torino FC,Atalanta BC,2,1,H,SERIEA,2024-25,openfootball
LALIGA,26/08/2024,Villarreal CF,RC Celta de Vigo,4,3,H,LALIGA,2024-25,openfootball
SERIEA,26/08/2024,Cagliari Calcio,Como 1907,1,1,D,SERIEA,2024-25,openfootball
SERIEA,26/08/2024,Hellas Verona FC,Juventus FC,0,3,A,SERIEA,2024-25,openfootball
LALIGA,27/08/2024,RCD Mallorca,Sevilla FC,0,0,D,LALIGA,2024-25,openfootball
LALIGA,27/08/2024,Rayo Vallecano de Madrid,FC Barcelona,1,2,A,LALIGA,2024-25,openfootball
LALIGA,28/08/2024,Athletic Club,Valencia CF,1,0,H,LALIGA,2024-25,openfootball
LALIGA,28/08/2024,Club Atlético de Madrid,RCD Espanyol de Barcelona,0,0,D,LALIGA,2024-25,openfootball
LALIGA,28/08/2024,Real Sociedad de Fútbol,Deportivo Alavés,1,2,A,LALIGA,2024-25,openfootball
LALIGA,28/08/2024,Real Valladolid CF,CD Leganés,0,0,D,LALIGA,2024-25,openfootball
LALIGA,29/08/2024,Girona FC,CA Osasuna,4,0,H,LALIGA,2024-25,openfootball
LALIGA,29/08/2024,UD Las Palmas,Real Madrid CF,1,1,D,LALIGA,2024-25,openfootball
BUNDESLIGA,30/08/2024,1. FC Union Berlin,FC St. Pauli 1910,1,0,H,BUNDESLIGA,2024-25,openfootball
SERIEA,30/08/2024,FC Internazionale Milano,Atalanta BC,4,0,H,SERIEA,2024-25,openfootball
SERIEA,30/08/2024,Venezia FC,Torino FC,0,1,A,SERIEA,2024-25,openfootball
BUNDESLIGA,31/08/2024,Bayer 04 Leverkusen,RB Leipzig,2,3,A,BUNDESLIGA,2024-25,openfootball
BUNDESLIGA,31/08/2024,Eintracht Frankfurt,TSG 1899 Hoffenheim,3,1,H,BUNDESLIGA,2024-25,openfootball
BUNDESLIGA,31/08/2024,Holstein Kiel,VfL Wolfsburg,0,2,A,BUNDESLIGA,2024-25,openfootball
BUNDESLIGA,31/08/2024,SV Werder Bremen,Borussia Dortmund,0,0,D,BUNDESLIGA,2024-25,openfootball
BUNDESLIGA,31/08/2024,VfB Stuttgart,1. FSV Mainz 05,3,3,D,BUNDESLIGA,2024-25,openfootball
BUNDESLIGA,31/08/2024,VfL Bochum 1848,Borussia Mönchengladbach,0,2,A,BUNDESLIGA,2024-25,openfootball
EPL,31/08/2024,Arsenal FC,Brighton & Hove Albion FC,1,1,D,EPL,2024-25,openfootball
EPL,31/08/2024,Brentford FC,Southampton FC,3,1,H,EPL,2024-25,openfootball
EPL,31/08/2024,Everton FC,AFC Bournemouth,2,3,A,EPL,2024-25,openfootball
EPL,31/08/2024,Ipswich Town FC,Fulham FC,1,1,D,EPL,2024-25,openfootball
EPL,31/08/2024,Leicester City FC,Aston Villa FC,1,2,A,EPL,2024-25,openfootball
EPL,31/08/2024,Nottingham Forest FC,Wolverhampton Wanderers FC,1,1,D,EPL,2024-25,openfootball
EPL,31/08/2024,West Ham United FC,Manchester City FC,1,3,A,EPL,2024-25,openfootball
LALIGA,31/08/2024,Athletic Club,Club Atlético de Madrid,0,1,A,LALIGA,2024-25,openfootball
LALIGA,31/08/2024,CD Leganés,RCD Mallorca,0,1,A,LALIGA,2024-25,openfootball
LALIGA,31/08/2024,FC Barcelona,Real Valladolid CF,7,0,H,LALIGA,2024-25,openfootball
LALIGA,31/08/2024,RCD Espanyol de Barcelona,Rayo Vallecano de Madrid,2,1,H,LALIGA,2024-25,openfootball
LALIGA,31/08/2024,Valencia CF,Villarreal CF,1,1,D,LALIGA,2024-25,openfootball
SERIEA,31/08/2024,Bologna FC 1909,Empoli FC,1,1,D,SERIEA,2024-25,openfootball
SERIEA,31/08/2024,SS Lazio,AC Milan,2,2,D,SERIEA,2024-25,openfootball
SERIEA,31/08/2024,SSC Napoli,Parma Calcio 1913,2,1,H,SERIEA,2024-25,openfootball
SERIEA,31/08/2024,US Lecce,Cagliari Calcio,1,0,H,SERIEA,2024-25,openfootball
BUNDESLIGA,01/09/2024,1. FC Heidenheim 1846,FC Augsburg,4,0,H,BUNDESLIGA,2024-25,openfootball
BUNDESLIGA,01/09/2024,FC Bayern München,SC Freiburg,2,0,H,BUNDESLIGA,2024-25,openfootball
EPL,01/09/2024,Chelsea FC,Crystal Palace FC,1,1,D,EPL,2024-25,openfootball
EPL,01/09/2024,Manchester United FC,Liverpool FC,0,3,A,EPL,2024-25,openfootball
EPL,01/09/2024,Newcastle United FC,Tottenham Hotspur FC,2,1,H,EPL,2024-25,openfootball
LALIGA,01/09/2024,CA Osasuna,RC Celta de Vigo,3,2,H,LALIGA,2024-25,openfootball
LALIGA,01/09/2024,Deportivo Alavés,UD Las Palmas,2,0,H,LALIGA,2024-25,openfootball
LALIGA,01/09/2024,Getafe CF,Real Sociedad de Fútbol,0,0,D,LALIGA,2024-25,openfootball
LALIGA,01/09/2024,Real Madrid CF,Real Betis Balompié,2,0,H,LALIGA,2024-25,openfootball
LALIGA,01/09/2024,Sevilla FC,Girona FC,0,2,A,LALIGA,2024-25,openfootball
SERIEA,01/09/2024,ACF Fiorentina,AC Monza,2,2,D,SERIEA,2024-25,openfootball
SERIEA,01/09/2024,Genoa CFC,Hellas Verona FC,0,2,A,SERIEA,2024-25,openfootball
SERIEA,01/09/2024,Juventus FC,AS Roma,0,0,D,SERIEA,2024-25,openfootball
SERIEA,01/09/2024,Udinese Calcio,Como 1907,1,0,H,SERIEA,2024-25,openfootball
BUNDESLIGA,13/09/2024,Borussia Dortmund,1. FC Heidenheim 1846,4,2,H,BUNDESLIGA,2024-25,openfootball
LALIGA,13/09/2024,Real Betis Balompié,CD Leganés,2,0,H,LALIGA,2024-25,openfootball
BUNDESLIGA,14/09/2024,Borussia Mönchengladbach,VfB Stuttgart,1,3,A,BUNDESLIGA,2024-25,openfootball
BUNDESLIGA,14/09/2024,Holstein Kiel,FC Bayern München,1,6,A,BUNDESLIGA,2024-25,openfootball
BUNDESLIGA,14/09/2024,RB Leipzig,1. FC Union Berlin,0,0,D,BUNDESLIGA,2024-25,openfootball
BUNDESLIGA,14/09/2024,SC Freiburg,VfL Bochum 1848,2,1,H,BUNDESLIGA,2024-25,openfootball
BUNDESLIGA,14/09/2024,TSG 1899 Hoffenheim,Bayer 04 Leverkusen,1,4,A,BUNDESLIGA,2024-25,openfootball
BUNDESLIGA,14/09/2024,VfL Wolfsburg,Eintracht Frankfurt,1,2,A,BUNDESLIGA,2024-25,openfootball
EPL,14/09/2024,AFC Bournemouth,Chelsea FC,0,1,A,EPL,2024-25,openfootball
EPL,14/09/2024,Aston Villa FC,Everton FC,3,2,H,EPL,2024-25,openfootball
EPL,14/09/2024,Brighton & Hove Albion FC,Ipswich Town FC,0,0,D,EPL,2024-25,openfootball
EPL,14/09/2024,Crystal Palace FC,Leicester City FC,2,2,D,EPL,2024-25,openfootball
EPL,14/09/2024,Fulham FC,West Ham United FC,1,1,D,EPL,2024-25,openfootball
EPL,14/09/2024,Liverpool FC,Nottingham Forest FC,0,1,A,EPL,2024-25,openfootball
EPL,14/09/2024,Manchester City FC,Brentford FC,2,1,H,EPL,2024-25,openfootball
EPL,14/09/2024,Southampton FC,Manchester United FC,0,3,A,EPL,2024-25,openfootball
LALIGA,14/09/2024,RCD Espanyol de Barcelona,Deportivo Alavés,3,2,H,LALIGA,2024-25,openfootball
LALIGA,14/09/2024,RCD Mallorca,Villarreal CF,1,2,A,LALIGA,2024-25,openfootball
LALIGA,14/09/2024,Real Sociedad de Fútbol,Real Madrid CF,0,2,A,LALIGA,2024-25,openfootball
LALIGA,14/09/2024,Sevilla FC,Getafe CF,1,0,H,LALIGA,2024-25,openfootball
SERIEA,14/09/2024,AC Milan,Venezia FC,4,0,H,SERIEA,2024-25,openfootball
SERIEA,14/09/2024,Como 1907,Bologna FC 1909,2,2,D,SERIEA,2024-25,openfootball
SERIEA,14/09/2024,Empoli FC,Juventus FC,0,0,D,SERIEA,2024-25,openfootball
BUNDESLIGA,15/09/2024,1. FSV Mainz 05,SV Werder Bremen,1,2,A,BUNDESLIGA,2024-25,openfootball
BUNDESLIGA,15/09/2024,FC Augsburg,FC St. Pauli 1910,3,1,H,BUNDESLIGA,2024-25,openfootball
EPL,15/09/2024,Tottenham Hotspur FC,Arsenal FC,0,1,A,EPL,2024-25,openfootball
EPL,15/09/2024,Wolverhampton Wanderers FC,Newcastle United FC,1,2,A,EPL,2024-25,openfootball
LALIGA,15/09/2024,Club Atlético de Madrid,Valencia CF,3,0,H,LALIGA,2024-25,openfootball
LALIGA,15/09/2024,Girona FC,FC Barcelona,1,4,A,LALIGA,2024-25,openfootball
LALIGA,15/09/2024,RC Celta de Vigo,Real Valladolid CF,3,1,H,LALIGA,2024-25,openfootball
LALIGA,15/09/2024,UD Las Palmas,Athletic Club,2,3,A,LALIGA,2024-25,openfootball
SERIEA,15/09/2024,AC Monza,FC Internazionale Milano,1,1,D,SERIEA,2024-25,openfootball
SERIEA,15/09/2024,Atalanta BC,ACF Fiorentina,3,2,H,SERIEA,2024-25,openfootball
SERIEA,15/09/2024,Cagliari Calcio,SSC Napoli,0,4,A,SERIEA,2024-25,openfootball
SERIEA,15/09/2024,Genoa CFC,AS Roma,1,1,D,SERIEA,2024-25,openfootball
SERIEA,15/09/2024,Torino FC,US Lecce,0,0,D,SERIEA,2024-25,openfootball
LALIGA,16/09/2024,Rayo Vallecano de Madrid,CA Osasuna,3,1,H,LALIGA,2024-25,openfootball
SERIEA,16/09/2024,Parma Calcio 1913,Udinese Calcio,2,3,A,SERIEA,2024-25,openfootball
SERIEA,16/09/2024,SS Lazio,Hellas Verona FC,2,1,H,SERIEA,2024-25,openfootball
LALIGA,17/09/2024,RCD Mallorca,Real Sociedad de Fútbol,1,0,H,LALIGA,2024-25,openfootball
LALIGA,18/09/2024,Real Betis Balompié,Getafe CF,2,1,H,LALIGA,2024-25,openfootball
LALIGA,19/09/2024,CD Leganés,Athletic Club,0,2,A,LALIGA,2024-25,openfootball
BUNDESLIGA,20/09/2024,FC Augsburg,1. FSV Mainz 05,2,3,A,BUNDESLIGA,2024-25,openfootball
LALIGA,20/09/2024,Deportivo Alavés,Sevilla FC,2,1,H,LALIGA,2024-25,openfootball
SERIEA,20/09/2024,Cagliari Calcio,Empoli FC,0,2,A,SERIEA,2024-25,openfootball
SERIEA,20/09/2024,Hellas Verona FC,Torino FC,2,3,A,SERIEA,2024-25,openfootball
BUNDESLIGA,21/09/2024,1. FC Heidenheim 1846,SC Freiburg,0,3,A,BUNDESLIGA,2024-25,openfootball
BUNDESLIGA,21/09/2024,1. FC Union Berlin,TSG 1899 Hoffenheim,2,1,H,BUNDESLIGA,2024-25,openfootball
BUNDESLIGA,21/09/2024,Eintracht Frankfurt,Borussia Mönchengladbach,2,0,H,BUNDESLIGA,2024-25,openfootball
BUNDESLIGA,21/09/2024,SV Werder Bremen,FC Bayern München,0,5,A,BUNDESLIGA,2024-25,openfootball
BUNDESLIGA,21/09/2024,VfL Bochum 1848,Holstein Kiel,2,2,D,BUNDESLIGA,2024-25,openfootball
EPL,21/09/2024,Aston Villa FC,Wolverhampton Wanderers FC,3,1,H,EPL,2024-25,openfootball
EPL,21/09/2024,Crystal Palace FC,Manchester United FC,0,0,D,EPL,2024-25,openfootball
EPL,21/09/2024,Fulham FC,Newcastle United FC,3,1,H,EPL,2024-25,openfootball
EPL,21/09/2024,Leicester City FC,Everton FC,1,1,D,EPL,2024-25,openfootball
EPL,21/09/2024,Liverpool FC,AFC Bournemouth,3,0,H,EPL,2024-25,openfootball
EPL,21/09/2024,Southampton FC,Ipswich Town FC,1,1,D,EPL,2024-25,openfootball
EPL,21/09/2024,Tottenham Hotspur FC,Brentford FC,3,1,H,EPL,2024-25,openfootball
EPL,21/09/2024,West Ham United FC,Chelsea FC,0,3,A,EPL,2024-25,openfootball
LALIGA,21/09/2024,CA Osasuna,UD Las Palmas,2,1,H,LALIGA,2024-25,openfootball
LALIGA,21/09/2024,Real Madrid CF,RCD Espanyol de Barcelona,4,1,H,LALIGA,2024-25,openfootball
LALIGA,21/09/2024,Real Valladolid CF,Real Sociedad de Fútbol,0,0,D,LALIGA,2024-25,openfootball
LALIGA,21/09/2024,Valencia CF,Girona FC,2,0,H,LALIGA,2024-25,openfootball
SERIEA,21/09/2024,Juventus FC,SSC Napoli,0,0,D,SERIEA,2024-25,openfootball
SERIEA,21/09/2024,US Lecce,Parma Calcio 1913,2,2,D,SERIEA,2024-25,openfootball
SERIEA,21/09/2024,Venezia FC,Genoa CFC,2,0,H,SERIEA,2024-25,openfootball
BUNDESLIGA,22/09/2024,Bayer 04 Leverkusen,VfL Wolfsburg,4,3,H,BUNDESLIGA,2024-25,openfootball
BUNDESLIGA,22/09/2024,FC St. Pauli 1910,RB Leipzig,0,0,D,BUNDESLIGA,2024-25,openfootball
BUNDESLIGA,22/09/2024,VfB Stuttgart,Borussia Dortmund,5,1,H,BUNDESLIGA,2024-25,openfootball
EPL,22/09/2024,Brighton & Hove Albion FC,Nottingham Forest FC,2,2,D,EPL,2024-25,openfootball
EPL,22/09/2024,Manchester City FC,Arsenal FC,2,2,D,EPL,2024-25,openfootball
LALIGA,22/09/2024,Athletic Club,RC Celta de Vigo,3,1,H,LALIGA,2024-25,openfootball
LALIGA,22/09/2024,Getafe CF,CD Leganés,1,1,D,LALIGA,2024-25,openfootball
LALIGA,22/09/2024,Rayo Vallecano de Madrid,Club Atlético de Madrid,1,1,D,LALIGA,2024-25,openfootball
LALIGA,22/09/2024,Villarreal CF,FC Barcelona,1,5,A,LALIGA,2024-25,openfootball
SERIEA,22/09/2024,AC Monza,Bologna FC 1909,1,2,A,SERIEA,2024-25,openfootball
SERIEA,22/09/2024,ACF Fiorentina,SS Lazio,2,1,H,SERIEA,2024-25,openfootball
SERIEA,22/09/2024,AS Roma,Udinese Calcio,3,0,H,SERIEA,2024-25,openfootball
SERIEA,22/09/2024,FC Internazionale Milano,AC Milan,1,2,A,SERIEA,2024-25,openfootball
LALIGA,23/09/2024,Real Betis Balompié,RCD Mallorca,1,2,A,LALIGA,2024-25,openfootball
LALIGA,24/09/2024,Real Madrid CF,Deportivo Alavés,3,2,H,LALIGA,2024-25,openfootball
LALIGA,24/09/2024,Sevilla FC,Real Valladolid CF,2,1,H,LALIGA,2024-25,openfootball
LALIGA,24/09/2024,Valencia CF,CA Osasuna,0,0,D,LALIGA,2024-25,openfootball
SERIEA,24/09/2024,Atalanta BC,Como 1907,2,3,A,SERIEA,2024-25,openfootball
LALIGA,25/09/2024,FC Barcelona,Getafe CF,1,0,H,LALIGA,2024-25,openfootball
LALIGA,25/09/2024,Girona FC,Rayo Vallecano de Madrid,0,0,D,LALIGA,2024-25,openfootball
LALIGA,26/09/2024,RC Celta de Vigo,Club Atlético de Madrid,0,1,A,LALIGA,2024-25,openfootball
LALIGA,26/09/2024,RCD Espanyol de Barcelona,Villarreal CF,1,2,A,LALIGA,2024-25,openfootball
LALIGA,26/09/2024,UD Las Palmas,Real Betis Balompié,1,1,D,LALIGA,2024-25,openfootball
BUNDESLIGA,27/09/2024,Borussia Dortmund,VfL Bochum 1848,4,2,H,BUNDESLIGA,2024-25,openfootball
LALIGA,27/09/2024,Real Valladolid CF,RCD Mallorca,1,2,A,LALIGA,2024-25,openfootball
SERIEA,27/09/2024,AC Milan,US Lecce,3,0,H,SERIEA,2024-25,openfootball
BUNDESLIGA,28/09/2024,1. FSV Mainz 05,1. FC Heidenheim 1846,0,2,A,BUNDESLIGA,2024-25,openfootball
BUNDESLIGA,28/09/2024,Borussia Mönchengladbach,1. FC Union Berlin,1,0,H,BUNDESLIGA,2024-25,openfootball
BUNDESLIGA,28/09/2024,FC Bayern München,Bayer 04 Leverkusen,1,1,D,BUNDESLIGA,2024-25,openfootball
BUNDESLIGA,28/09/2024,RB Leipzig,FC Augsburg,4,0,H,BUNDESLIGA,2024-25,openfootball
BUNDESLIGA,28/09/2024,SC Freiburg,FC St. Pauli 1910,0,3,A,BUNDESLIGA,2024-25,openfootball
BUNDESLIGA,28/09/2024,VfL Wolfsburg,VfB Stuttgart,2,2,D,BUNDESLIGA,2024-25,openfootball
EPL,28/09/2024,Arsenal FC,Leicester City FC,4,2,H,EPL,2024-25,openfootball
EPL,28/09/2024,Brentford FC,West Ham United FC,1,1,D,EPL,2024-25,openfootball
EPL,28/09/2024,Chelsea FC,Brighton & Hove Albion FC,4,2,H,EPL,2024-25,openfootball
EPL,28/09/2024,Everton FC,Crystal Palace FC,2,1,H,EPL,2024-25,openfootball
EPL,28/09/2024,Newcastle United FC,Manchester City FC,1,1,D,EPL,2024-25,openfootball
EPL,28/09/2024,Nottingham Forest FC,Fulham FC,0,1,A,EPL,2024-25,openfootball
EPL,28/09/2024,Wolverhampton Wanderers FC,Liverpool FC,1,2,A,EPL,2024-25,openfootball
LALIGA,28/09/2024,CA Osasuna,FC Barcelona,4,2,H,LALIGA,2024-25,openfootball
LALIGA,28/09/2024,Getafe CF,Deportivo Alavés,2,0,H,LALIGA,2024-25,openfootball
LALIGA,28/09/2024,Rayo Vallecano de Madrid,CD Leganés,1,1,D,LALIGA,2024-25,openfootball
LALIGA,28/09/2024,Real Sociedad de Fútbol,Valencia CF,3,0,H,LALIGA,2024-25,openfootball
SERIEA,28/09/2024,Bologna FC 1909,Atalanta BC,1,1,D,SERIEA,2024-25,openfootball
SERIEA,28/09/2024,Genoa CFC,Juventus FC,0,3,A,SERIEA,2024-25,openfootball
SERIEA,28/09/2024,Udinese Calcio,FC Internazionale Milano,2,3,A,SERIEA,2024-25,openfootball
BUNDESLIGA,29/09/2024,Holstein Kiel,Eintracht Frankfurt,2,4,A,BUNDESLIGA,2024-25,openfootball
BUNDESLIGA,29/09/2024,TSG 1899 Hoffenheim,SV Werder Bremen,3,4,A,BUNDESLIGA,2024-25,openfootball
EPL,29/09/2024,Ipswich Town FC,Aston Villa FC,2,2,D,EPL,2024-25,openfootball
EPL,29/09/2024,Manchester United FC,Tottenham Hotspur FC,0,3,A,EPL,2024-25,openfootball
LALIGA,29/09/2024,Athletic Club,Sevilla FC,1,1,D,LALIGA,2024-25,openfootball
LALIGA,29/09/2024,Club Atlético de Madrid,Real Madrid CF,1,1,D,LALIGA,2024-25,openfootball
LALIGA,29/09/2024,RC Celta de Vigo,Girona FC,1,1,D,LALIGA,2024-25,openfootball
LALIGA,29/09/2024,Real Betis Balompié,RCD Espanyol de Barcelona,1,0,H,LALIGA,2024-25,openfootball
SERIEA,29/09/2024,AS Roma,Venezia FC,2,1,H,SERIEA,2024-25,openfootball
SERIEA,29/09/2024,Como 1907,Hellas Verona FC,3,2,H,SERIEA,2024-25,openfootball
SERIEA,29/09/2024,Empoli FC,ACF Fiorentina,0,0,D,SERIEA,2024-25,openfootball
SERIEA,29/09/2024,SSC Napoli,AC Monza,2,0,H,SERIEA,2024-25,openfootball
SERIEA,29/09/2024,Torino FC,SS Lazio,2,3,A,SERIEA,2024-25,openfootball
EPL,30/09/2024,AFC Bournemouth,Southampton FC,3,1,H,EPL,2024-25,openfootball
LALIGA,30/09/2024,Villarreal CF,UD Las Palmas,3,1,H,LALIGA,2024-25,openfootball
SERIEA,30/09/2024,Parma Calcio 1913,Cagliari Calcio,2,3,A,SERIEA,2024-25,openfootball
BUNDESLIGA,04/10/2024,FC Augsburg,Borussia Mönchengladbach,2,1,H,BUNDESLIGA,2024-25,openfootball
LALIGA,04/10/2024,CD Leganés,Valencia CF,0,0,D,LALIGA,2024-25,openfootball
SERIEA,04/10/2024,Hellas Verona FC,Venezia FC,2,1,H,SERIEA,2024-25,openfootball
SERIEA,04/10/2024,SSC Napoli,Como 1907,3,1,H,SERIEA,2024-25,openfootball
BUNDESLIGA,05/10/2024,1. FC Union Berlin,Borussia Dortmund,2,1,H,BUNDESLIGA,2024-25,openfootball
BUNDESLIGA,05/10/2024,Bayer 04 Leverkusen,Holstein Kiel,2,2,D,BUNDESLIGA,2024-25,openfootball
BUNDESLIGA,05/10/2024,FC St. Pauli 1910,1. FSV Mainz 05,0,3,A,BUNDESLIGA,2024-25,openfootball
BUNDESLIGA,05/10/2024,SV Werder Bremen,SC Freiburg,0,1,A,BUNDESLIGA,2024-25,openfootball
BUNDESLIGA,05/10/2024,VfL Bochum 1848,VfL Wolfsburg,1,3,A,BUNDESLIGA,2024-25,openfootball
EPL,05/10/2024,Arsenal FC,Southampton FC,3,1,H,EPL,2024-25,openfootball
EPL,05/10/2024,Brentford FC,Wolverhampton Wanderers FC,5,3,H,EPL,2024-25,openfootball
EPL,05/10/2024,Crystal Palace FC,Liverpool FC,0,1,A,EPL,2024-25,openfootball
EPL,05/10/2024,Everton FC,Newcastle United FC,0,0,D,EPL,2024-25,openfootball
EPL,05/10/2024,Leicester City FC,AFC Bournemouth,1,0,H,EPL,2024-25,openfootball
EPL,05/10/2024,Manchester City FC,Fulham FC,3,2,H,EPL,2024-25,openfootball
EPL,05/10/2024,West Ham United FC,Ipswich Town FC,4,1,H,EPL,2024-25,openfootball
LALIGA,05/10/2024,Getafe CF,CA Osasuna,1,1,D,LALIGA,2024-25,openfootball
LALIGA,05/10/2024,RCD Espanyol de Barcelona,RCD Mallorca,2,1,H,LALIGA,2024-25,openfootball
LALIGA,05/10/2024,Real Madrid CF,Villarreal CF,2,0,H,LALIGA,2024-25,openfootball
LALIGA,05/10/2024,Real Valladolid CF,Rayo Vallecano de Madrid,1,2,A,LALIGA,2024-25,openfootball
LALIGA,05/10/2024,UD Las Palmas,RC Celta de Vigo,0,1,A,LALIGA,2024-25,openfootball
SERIEA,05/10/2024,Atalanta BC,Genoa CFC,5,1,H,SERIEA,2024-25,openfootball
SERIEA,05/10/2024,FC Internazionale Milano,Torino FC,3,2,H,SERIEA,2024-25,openfootball
SERIEA,05/10/2024,Udinese Calcio,US Lecce,1,0,H,SERIEA,2024-25,openfootball
BUNDESLIGA,06/10/2024,1. FC Heidenheim 1846,RB Leipzig,0,1,A,BUNDESLIGA,2024-25,openfootball
BUNDESLIGA,06/10/2024,Eintracht Frankfurt,FC Bayern München,3,3,D,BUNDESLIGA,2024-25,openfootball
BUNDESLIGA,06/10/2024,VfB Stuttgart,TSG 1899 Hoffenheim,1,1,D,BUNDESLIGA,2024-25,openfootball
EPL,06/10/2024,Aston Villa FC,Manchester United FC,0,0,D,EPL,2024-25,openfootball
EPL,06/10/2024,Brighton & Hove Albion FC,Tottenham Hotspur FC,3,2,H,EPL,2024-25,openfootball
EPL,06/10/2024,Chelsea FC,Nottingham Forest FC,1,1,D,EPL,2024-25,openfootball
LALIGA,06/10/2024,Deportivo Alavés,FC Barcelona,0,3,A,LALIGA,2024-25,openfootball
LALIGA,06/10/2024,Girona FC,Athletic Club,2,1,H,LALIGA,2024-25,openfootball
LALIGA,06/10/2024,Real Sociedad de Fútbol,Club Atlético de Madrid,1,1,D,LALIGA,2024-25,openfootball
LALIGA,06/10/2024,Sevilla FC,Real Betis Balompié,1,0,H,LALIGA,2024-25,openfootball
SERIEA,06/10/2024,AC Monza,AS Roma,1,1,D,SERIEA,2024-25,openfootball
SERIEA,06/10/2024,ACF Fiorentina,AC Milan,2,1,H,SERIEA,2024-25,openfootball
SERIEA,06/10/2024,Bologna FC 1909,Parma Calcio 1913,0,0,D,SERIEA,2024-25,openfootball
SERIEA,06/10/2024,Juventus FC,Cagliari Calcio,1,1,D,SERIEA,2024-25,openfootball
SERIEA,06/10/2024,SS Lazio,Empoli FC,2,1,H,SERIEA,2024-25,openfootball
BUNDESLIGA,18/10/2024,Borussia Dortmund,FC St. Pauli 1910,2,1,H,BUNDESLIGA,2024-25,openfootball
LALIGA,18/10/2024,Deportivo Alavés,Real Valladolid CF,2,3,A,LALIGA,2024-25,openfootball
BUNDESLIGA,19/10/2024,1. FSV Mainz 05,RB Leipzig,0,2,A,BUNDESLIGA,2024-25,openfootball
BUNDESLIGA,19/10/2024,Bayer 04 Leverkusen,Eintracht Frankfurt,2,1,H,BUNDESLIGA,2024-25,openfootball
BUNDESLIGA,19/10/2024,Borussia Mönchengladbach,1. FC Heidenheim 1846,3,2,H,BUNDESLIGA,2024-25,openfootball
BUNDESLIGA,19/10/2024,FC Bayern München,VfB Stuttgart,4,0,H,BUNDESLIGA,2024-25,openfootball
BUNDESLIGA,19/10/2024,SC Freiburg,FC Augsburg,3,1,H,BUNDESLIGA,2024-25,openfootball
BUNDESLIGA,19/10/2024,TSG 1899 Hoffenheim,VfL Bochum 1848,3,1,H,BUNDESLIGA,2024-25,openfootball
EPL,19/10/2024,AFC Bournemouth,Arsenal FC,2,0,H,EPL,2024-25,openfootball
EPL,19/10/2024,Fulham FC,Aston Villa FC,1,3,A,EPL,2024-25,openfootball
EPL,19/10/2024,Ipswich Town FC,Everton FC,0,2,A,EPL,2024-25,openfootball
EPL,19/10/2024,Manchester United FC,Brentford FC,2,1,H,EPL,2024-25,openfootball
EPL,19/10/2024,Newcastle United FC,Brighton & Hove Albion FC,0,1,A,EPL,2024-25,openfootball
EPL,19/10/2024,Southampton FC,Leicester City FC,2,3,A,EPL,2024-25,openfootball
EPL,19/10/2024,Tottenham Hotspur FC,West Ham United FC,4,1,H,EPL,2024-25,openfootball
LALIGA,19/10/2024,Athletic Club,RCD Espanyol de Barcelona,4,1,H,LALIGA,2024-25,openfootball
LALIGA,19/10/2024,CA Osasuna,Real Betis Balompié,1,2,A,LALIGA,2024-25,openfootball
LALIGA,19/10/2024,Girona FC,Real Sociedad de Fútbol,0,1,A,LALIGA,2024-25,openfootball
LALIGA,19/10/2024,RC Celta de Vigo,Real Madrid CF,1,2,A,LALIGA,2024-25,openfootball
SERIEA,19/10/2024,AC Milan,Udinese Calcio,1,0,H,SERIEA,2024-25,openfootball
SERIEA,19/10/2024,Como 1907,Parma Calcio 1913,1,1,D,SERIEA,2024-25,openfootball
SERIEA,19/10/2024,Genoa CFC,Bologna FC 1909,2,2,D,SERIEA,2024-25,openfootball
SERIEA,19/10/2024,Juventus FC,SS Lazio,1,0,H,SERIEA,2024-25,openfootball
BUNDESLIGA,20/10/2024,Holstein Kiel,1. FC Union Berlin,0,2,A,BUNDESLIGA,2024-25,openfootball
BUNDESLIGA,20/10/2024,VfL Wolfsburg,SV Werder Bremen,2,4,A,BUNDESLIGA,2024-25,openfootball
EPL,20/10/2024,Liverpool FC,Chelsea FC,2,1,H,EPL,2024-25,openfootball
EPL,20/10/2024,Wolverhampton Wanderers FC,Manchester City FC,1,2,A,EPL,2024-25,openfootball
LALIGA,20/10/2024,Club Atlético de Madrid,CD Leganés,3,1,H,LALIGA,2024-25,openfootball
LALIGA,20/10/2024,FC Barcelona,Sevilla FC,5,1,H,LALIGA,2024-25,openfootball
LALIGA,20/10/2024,RCD Mallorca,Rayo Vallecano de Madrid,1,0,H,LALIGA,2024-25,openfootball
LALIGA,20/10/2024,Villarreal CF,Getafe CF,1,1,D,LALIGA,2024-25,openfootball
SERIEA,20/10/2024,AS Roma,FC Internazionale Milano,0,1,A,SERIEA,2024-25,openfootball
SERIEA,20/10/2024,Cagliari Calcio,Torino FC,3,2,H,SERIEA,2024-25,openfootball
SERIEA,20/10/2024,Empoli FC,SSC Napoli,0,1,A,SERIEA,2024-25,openfootball
SERIEA,20/10/2024,US Lecce,ACF Fiorentina,0,6,A,SERIEA,2024-25,openfootball
SERIEA,20/10/2024,Venezia FC,Atalanta BC,0,2,A,SERIEA,2024-25,openfootball
EPL,21/10/2024,Nottingham Forest FC,Crystal Palace FC,1,0,H,EPL,2024-25,openfootball
LALIGA,21/10/2024,Valencia CF,UD Las Palmas,2,3,A,LALIGA,2024-25,openfootball
SERIEA,21/10/2024,Hellas Verona FC,AC Monza,0,3,A,SERIEA,2024-25,openfootball
BUNDESLIGA,25/10/2024,1. FSV Mainz 05,Borussia Mönchengladbach,1,1,D,BUNDESLIGA,2024-25,openfootball
EPL,25/10/2024,Leicester City FC,Nottingham Forest FC,1,3,A,EPL,2024-25,openfootball
LALIGA,25/10/2024,RCD Espanyol de Barcelona,Sevilla FC,0,2,A,LALIGA,2024-25,openfootball
SERIEA,25/10/2024,Torino FC,Como 1907,1,0,H,SERIEA,2024-25,openfootball
SERIEA,25/10/2024,Udinese Calcio,Cagliari Calcio,2,0,H,SERIEA,2024-25,openfootball
BUNDESLIGA,26/10/2024,FC Augsburg,Borussia Dortmund,2,1,H,BUNDESLIGA,2024-25,openfootball
BUNDESLIGA,26/10/2024,FC St. Pauli 1910,VfL Wolfsburg,0,0,D,BUNDESLIGA,2024-25,openfootball
BUNDESLIGA,26/10/2024,RB Leipzig,SC Freiburg,3,1,H,BUNDESLIGA,2024-25,openfootball
BUNDESLIGA,26/10/2024,SV Werder Bremen,Bayer 04 Leverkusen,2,2,D,BUNDESLIGA,2024-25,openfootball
BUNDESLIGA,26/10/2024,VfB Stuttgart,Holstein Kiel,2,1,H,BUNDESLIGA,2024-25,openfootball
EPL,26/10/2024,Aston Villa FC,AFC Bournemouth,1,1,D,EPL,2024-25,openfootball
EPL,26/10/2024,Brentford FC,Ipswich Town FC,4,3,H,EPL,2024-25,openfootball
EPL,26/10/2024,Brighton & Hove Albion FC,Wolverhampton Wanderers FC,2,2,D,EPL,2024-25,openfootball
EPL,26/10/2024,Everton FC,Fulham FC,1,1,D,EPL,2024-25,openfootball
EPL,26/10/2024,Manchester City FC,Southampton FC,1,0,H,EPL,2024-25,openfootball
LALIGA,26/10/2024,Rayo Vallecano de Madrid,Deportivo Alavés,1,0,H,LALIGA,2024-25,openfootball
LALIGA,26/10/2024,Real Madrid CF,FC Barcelona,0,4,A,LALIGA,2024-25,openfootball
LALIGA,26/10/2024,Real Valladolid CF,Villarreal CF,1,2,A,LALIGA,2024-25,openfootball
LALIGA,26/10/2024,UD Las Palmas,Girona FC,1,0,H,LALIGA,2024-25,openfootball
SERIEA,26/10/2024,Atalanta BC,Hellas Verona FC,6,1,H,SERIEA,2024-25,openfootball
SERIEA,26/10/2024,SSC Napoli,US Lecce,1,0,H,SERIEA,2024-25,openfootball
BUNDESLIGA,27/10/2024,1. FC Heidenheim 1846,TSG 1899 Hoffenheim,0,0,D,BUNDESLIGA,2024-25,openfootball
BUNDESLIGA,27/10/2024,1. FC Union Berlin,Eintracht Frankfurt,1,1,D,BUNDESLIGA,2024-25,openfootball
BUNDESLIGA,27/10/2024,VfL Bochum 1848,FC Bayern München,0,5,A,BUNDESLIGA,2024-25,openfootball
EPL,27/10/2024,Arsenal FC,Liverpool FC,2,2,D,EPL,2024-25,openfootball
EPL,27/10/2024,Chelsea FC,Newcastle United FC,2,1,H,EPL,2024-25,openfootball
EPL,27/10/2024,Crystal Palace FC,Tottenham Hotspur FC,1,0,H,EPL,2024-25,openfootball
EPL,27/10/2024,West Ham United FC,Manchester United FC,2,1,H,EPL,2024-25,openfootball
LALIGA,27/10/2024,CD Leganés,RC Celta de Vigo,3,0,H,LALIGA,2024-25,openfootball
LALIGA,27/10/2024,Getafe CF,Valencia CF,1,1,D,LALIGA,2024-25,openfootball
LALIGA,27/10/2024,Real Betis Balompié,Club Atlético de Madrid,1,0,H,LALIGA,2024-25,openfootball
LALIGA,27/10/2024,Real Sociedad de Fútbol,CA Osasuna,0,2,A,LALIGA,2024-25,openfootball
SERIEA,27/10/2024,AC Monza,Venezia FC,2,2,D,SERIEA,2024-25,openfootball
SERIEA,27/10/2024,ACF Fiorentina,AS Roma,5,1,H,SERIEA,2024-25,openfootball
SERIEA,27/10/2024,FC Internazionale Milano,Juventus FC,4,4,D,SERIEA,2024-25,openfootball
SERIEA,27/10/2024,Parma Calcio 1913,Empoli FC,1,1,D,SERIEA,2024-25,openfootball
SERIEA,27/10/2024,SS Lazio,Genoa CFC,3,0,H,SERIEA,2024-25,openfootball
LALIGA,28/10/2024,RCD Mallorca,Athletic Club,0,0,D,LALIGA,2024-25,openfootball
SERIEA,29/10/2024,AC Milan,SSC Napoli,0,2,A,SERIEA,2024-25,openfootball
SERIEA,29/10/2024,Cagliari Calcio,Bologna FC 1909,0,2,A,SERIEA,2024-25,openfootball
SERIEA,29/10/2024,US Lecce,Hellas Verona FC,1,0,H,SERIEA,2024-25,openfootball
SERIEA,30/10/2024,Atalanta BC,AC Monza,2,0,H,SERIEA,2024-25,openfootball
SERIEA,30/10/2024,Empoli FC,FC Internazionale Milano,0,3,A,SERIEA,2024-25,openfootball
SERIEA,30/10/2024,Juventus FC,Parma Calcio 1913,2,2,D,SERIEA,2024-25,openfootball
SERIEA,30/10/2024,Venezia FC,Udinese Calcio,3,2,H,SERIEA,2024-25,openfootball
SERIEA,31/10/2024,AS Roma,Torino FC,1,0,H,SERIEA,2024-25,openfootball
SERIEA,31/10/2024,Como 1907,SS Lazio,1,5,A,SERIEA,2024-25,openfootball
SERIEA,31/10/2024,Genoa CFC,ACF Fiorentina,0,1,A,SERIEA,2024-25,openfootball
BUNDESLIGA,01/11/2024,Bayer 04 Leverkusen,VfB Stuttgart,0,0,D,BUNDESLIGA,2024-25,openfootball
LALIGA,01/11/2024,Deportivo Alavés,RCD Mallorca,1,0,H,LALIGA,2024-25,openfootball
BUNDESLIGA,02/11/2024,Borussia Dortmund,RB Leipzig,2,1,H,BUNDESLIGA,2024-25,openfootball
BUNDESLIGA,02/11/2024,Eintracht Frankfurt,VfL Bochum 1848,7,2,H,BUNDESLIGA,2024-25,openfootball
BUNDESLIGA,02/11/2024,FC Bayern München,1. FC Union Berlin,3,0,H,BUNDESLIGA,2024-25,openfootball
BUNDESLIGA,02/11/2024,Holstein Kiel,1. FC Heidenheim 1846,1,0,H,BUNDESLIGA,2024-25,openfootball
BUNDESLIGA,02/11/2024,TSG 1899 Hoffenheim,FC St. Pauli 1910,0,2,A,BUNDESLIGA,2024-25,openfootball
BUNDESLIGA,02/11/2024,VfL Wolfsburg,FC Augsburg,1,1,D,BUNDESLIGA,2024-25,openfootball
EPL,02/11/2024,AFC Bournemouth,Manchester City FC,2,1,H,EPL,2024-25,openfootball
EPL,02/11/2024,Ipswich Town FC,Leicester City FC,1,1,D,EPL,2024-25,openfootball
EPL,02/11/2024,Liverpool FC,Brighton & Hove Albion FC,2,1,H,EPL,2024-25,openfootball
EPL,02/11/2024,Newcastle United FC,Arsenal FC,1,0,H,EPL,2024-25,openfootball
EPL,02/11/2024,Nottingham Forest FC,West Ham United FC,3,0,H,EPL,2024-25,openfootball
EPL,02/11/2024,Southampton FC,Everton FC,1,0,H,EPL,2024-25,openfootball
EPL,02/11/2024,Wolverhampton Wanderers FC,Crystal Palace FC,2,2,D,EPL,2024-25,openfootball
LALIGA,02/11/2024,CA Osasuna,Real Valladolid CF,1,0,H,LALIGA,2024-25,openfootball
LALIGA,02/11/2024,Girona FC,CD Leganés,4,3,H,LALIGA,2024-25,openfootball
SERIEA,02/11/2024,AC Monza,AC Milan,0,1,A,SERIEA,2024-25,openfootball
SERIEA,02/11/2024,Bologna FC 1909,US Lecce,1,0,H,SERIEA,2024-25,openfootball
SERIEA,02/11/2024,Udinese Calcio,Juventus FC,0,2,A,SERIEA,2024-25,openfootball
BUNDESLIGA,03/11/2024,Borussia Mönchengladbach,SV Werder Bremen,4,1,H,BUNDESLIGA,2024-25,openfootball
BUNDESLIGA,03/11/2024,SC Freiburg,1. FSV Mainz 05,0,0,D,BUNDESLIGA,2024-25,openfootball
EPL,03/11/2024,Manchester United FC,Chelsea FC,1,1,D,EPL,2024-25,openfootball
EPL,03/11/2024,Tottenham Hotspur FC,Aston Villa FC,4,1,H,EPL,2024-25,openfootball
LALIGA,03/11/2024,Athletic Club,Real Betis Balompié,1,1,D,LALIGA,2024-25,openfootball
LALIGA,03/11/2024,Club Atlético de Madrid,UD Las Palmas,2,0,H,LALIGA,2024-25,openfootball
LALIGA,03/11/2024,FC Barcelona,RCD Espanyol de Barcelona,3,1,H,LALIGA,2024-25,openfootball
LALIGA,03/11/2024,Sevilla FC,Real Sociedad de Fútbol,0,2,A,LALIGA,2024-25,openfootball
SERIEA,03/11/2024,FC Internazionale Milano,Venezia FC,1,0,H,SERIEA,2024-25,openfootball
SERIEA,03/11/2024,Hellas Verona FC,AS Roma,3,2,H,SERIEA,2024-25,openfootball
SERIEA,03/11/2024,SSC Napoli,Atalanta BC,0,3,A,SERIEA,2024-25,openfootball
SERIEA,03/11/2024,Torino FC,ACF Fiorentina,0,1,A,SERIEA,2024-25,openfootball
EPL,04/11/2024,Fulham FC,Brentford FC,2,1,H,EPL,2024-25,openfootball
LALIGA,04/11/2024,RC Celta de Vigo,Getafe CF,1,0,H,LALIGA,2024-25,openfootball
SERIEA,04/11/2024,Empoli FC,Como 1907,1,0,H,SERIEA,2024-25,openfootball
SERIEA,04/11/2024,Parma Calcio 1913,Genoa CFC,0,1,A,SERIEA,2024-25,openfootball
SERIEA,04/11/2024,SS Lazio,Cagliari Calcio,2,1,H,SERIEA,2024-25,openfootball
SERIEA,07/11/2024,Genoa CFC,Como 1907,1,1,D,SERIEA,2024-25,openfootball
BUNDESLIGA,08/11/2024,1. FC Union Berlin,SC Freiburg,0,0,D,BUNDESLIGA,2024-25,openfootball
LALIGA,08/11/2024,Rayo Vallecano de Madrid,UD Las Palmas,1,3,A,LALIGA,2024-25,openfootball
SERIEA,08/11/2024,US Lecce,Empoli FC,1,1,D,SERIEA,2024-25,openfootball
BUNDESLIGA,09/11/2024,1. FSV Mainz 05,Borussia Dortmund,3,1,H,BUNDESLIGA,2024-25,openfootball
BUNDESLIGA,09/11/2024,FC St. Pauli 1910,FC Bayern München,0,1,A,BUNDESLIGA,2024-25,openfootball
BUNDESLIGA,09/11/2024,RB Leipzig,Borussia Mönchengladbach,0,0,D,BUNDESLIGA,2024-25,openfootball
BUNDESLIGA,09/11/2024,SV Werder Bremen,Holstein Kiel,2,1,H,BUNDESLIGA,2024-25,openfootball
BUNDESLIGA,09/11/2024,VfL Bochum 1848,Bayer 04 Leverkusen,1,1,D,BUNDESLIGA,2024-25,openfootball
EPL,09/11/2024,Brentford FC,AFC Bournemouth,3,2,H,EPL,2024-25,openfootball
EPL,09/11/2024,Brighton & Hove Albion FC,Manchester City FC,2,1,H,EPL,2024-25,openfootball
EPL,09/11/2024,Crystal Palace FC,Fulham FC,0,2,A,EPL,2024-25,openfootball
EPL,09/11/2024,Liverpool FC,Aston Villa FC,2,0,H,EPL,2024-25,openfootball
EPL,09/11/2024,West Ham United FC,Everton FC,0,0,D,EPL,2024-25,openfootball
EPL,09/11/2024,Wolverhampton Wanderers FC,Southampton FC,2,0,H,EPL,2024-25,openfootball
LALIGA,09/11/2024,CD Leganés,Sevilla FC,1,0,H,LALIGA,2024-25,openfootball
LALIGA,09/11/2024,Real Madrid CF,CA Osasuna,4,0,H,LALIGA,2024-25,openfootball
LALIGA,09/11/2024,Villarreal CF,Deportivo Alavés,3,0,H,LALIGA,2024-25,openfootball
SERIEA,09/11/2024,Cagliari Calcio,AC Milan,3,3,D,SERIEA,2024-25,openfootball
SERIEA,09/11/2024,Juventus FC,Torino FC,2,0,H,SERIEA,2024-25,openfootball
SERIEA,09/11/2024,Venezia FC,Parma Calcio 1913,1,2,A,SERIEA,2024-25,openfootball
BUNDESLIGA,10/11/2024,1. FC Heidenheim 1846,VfL Wolfsburg,1,3,A,BUNDESLIGA,2024-25,openfootball
BUNDESLIGA,10/11/2024,FC Augsburg,TSG 1899 Hoffenheim,0,0,D,BUNDESLIGA,2024-25,openfootball
BUNDESLIGA,10/11/2024,VfB Stuttgart,Eintracht Frankfurt,2,3,A,BUNDESLIGA,2024-25,openfootball
EPL,10/11/2024,Chelsea FC,Arsenal FC,1,1,D,EPL,2024-25,openfootball
EPL,10/11/2024,Manchester United FC,Leicester City FC,3,0,H,EPL,2024-25,openfootball
EPL,10/11/2024,Nottingham Forest FC,Newcastle United FC,1,3,A,EPL,2024-25,openfootball
EPL,10/11/2024,Tottenham Hotspur FC,Ipswich Town FC,1,2,A,EPL,2024-25,openfootball
LALIGA,10/11/2024,Getafe CF,Girona FC,0,1,A,LALIGA,2024-25,openfootball
LALIGA,10/11/2024,RCD Mallorca,Club Atlético de Madrid,0,1,A,LALIGA,2024-25,openfootball
LALIGA,10/11/2024,Real Betis Balompié,RC Celta de Vigo,2,2,D,LALIGA,2024-25,openfootball
LALIGA,10/11/2024,Real Sociedad de Fútbol,FC Barcelona,1,0,H,LALIGA,2024-25,openfootball
LALIGA,10/11/2024,Real Valladolid CF,Athletic Club,1,1,D,LALIGA,2024-25,openfootball
SERIEA,10/11/2024,AC Monza,SS Lazio,0,1,A,SERIEA,2024-25,openfootball
SERIEA,10/11/2024,ACF Fiorentina,Hellas Verona FC,3,1,H,SERIEA,2024-25,openfootball
SERIEA,10/11/2024,AS Roma,Bologna FC 1909,2,3,A,SERIEA,2024-25,openfootball
SERIEA,10/11/2024,Atalanta BC,Udinese Calcio,2,1,H,SERIEA,2024-25,openfootball
SERIEA,10/11/2024,FC Internazionale Milano,SSC Napoli,1,1,D,SERIEA,2024-25,openfootball
BUNDESLIGA,22/11/2024,FC Bayern München,FC Augsburg,3,0,H,BUNDESLIGA,2024-25,openfootball
LALIGA,22/11/2024,Getafe CF,Real Valladolid CF,2,0,H,LALIGA,2024-25,openfootball
BUNDESLIGA,23/11/2024,Bayer 04 Leverkusen,1. FC Heidenheim 1846,5,2,H,BUNDESLIGA,2024-25,openfootball
BUNDESLIGA,23/11/2024,Borussia Dortmund,SC Freiburg,4,0,H,BUNDESLIGA,2024-25,openfootball
BUNDESLIGA,23/11/2024,Eintracht Frankfurt,SV Werder Bremen,1,0,H,BUNDESLIGA,2024-25,openfootball
BUNDESLIGA,23/11/2024,TSG 1899 Hoffenheim,RB Leipzig,4,3,H,BUNDESLIGA,2024-25,openfootball
BUNDESLIGA,23/11/2024,VfB Stuttgart,VfL Bochum 1848,2,0,H,BUNDESLIGA,2024-25,openfootball
BUNDESLIGA,23/11/2024,VfL Wolfsburg,1. FC Union Berlin,1,0,H,BUNDESLIGA,2024-25,openfootball
EPL,23/11/2024,AFC Bournemouth,Brighton & Hove Albion FC,1,2,A,EPL,2024-25,openfootball
EPL,23/11/2024,Arsenal FC,Nottingham Forest FC,3,0,H,EPL,2024-25,openfootball
EPL,23/11/2024,Aston Villa FC,Crystal Palace FC,2,2,D,EPL,2024-25,openfootball
EPL,23/11/2024,Everton FC,Brentford FC,0,0,D,EPL,2024-25,openfootball
EPL,23/11/2024,Fulham FC,Wolverhampton Wanderers FC,1,4,A,EPL,2024-25,openfootball
EPL,23/11/2024,Leicester City FC,Chelsea FC,1,2,A,EPL,2024-25,openfootball
EPL,23/11/2024,Manchester City FC,Tottenham Hotspur FC,0,4,A,EPL,2024-25,openfootball
LALIGA,23/11/2024,Club Atlético de Madrid,Deportivo Alavés,2,1,H,LALIGA,2024-25,openfootball
LALIGA,23/11/2024,Girona FC,RCD Espanyol de Barcelona,4,1,H,LALIGA,2024-25,openfootball
LALIGA,23/11/2024,RC Celta de Vigo,FC Barcelona,2,2,D,LALIGA,2024-25,openfootball
LALIGA,23/11/2024,UD Las Palmas,RCD Mallorca,2,3,A,LALIGA,2024-25,openfootball
LALIGA,23/11/2024,Valencia CF,Real Betis Balompié,4,2,H,LALIGA,2024-25,openfootball
SERIEA,23/11/2024,AC Milan,Juventus FC,0,0,D,SERIEA,2024-25,openfootball
SERIEA,23/11/2024,Hellas Verona FC,FC Internazionale Milano,0,5,A,SERIEA,2024-25,openfootball
SERIEA,23/11/2024,Parma Calcio 1913,Atalanta BC,1,3,A,SERIEA,2024-25,openfootball
BUNDESLIGA,24/11/2024,Borussia Mönchengladbach,FC St. Pauli 1910,2,0,H,BUNDESLIGA,2024-25,openfootball
BUNDESLIGA,24/11/2024,Holstein Kiel,1. FSV Mainz 05,0,3,A,BUNDESLIGA,2024-25,openfootball
EPL,24/11/2024,Ipswich Town FC,Manchester United FC,1,1,D,EPL,2024-25,openfootball
EPL,24/11/2024,Southampton FC,Liverpool FC,2,3,A,EPL,2024-25,openfootball
LALIGA,24/11/2024,Athletic Club,Real Sociedad de Fútbol,1,0,H,LALIGA,2024-25,openfootball
LALIGA,24/11/2024,CA Osasuna,Villarreal CF,2,2,D,LALIGA,2024-25,openfootball
LALIGA,24/11/2024,CD Leganés,Real Madrid CF,0,3,A,LALIGA,2024-25,openfootball
LALIGA,24/11/2024,Sevilla FC,Rayo Vallecano de Madrid,1,0,H,LALIGA,2024-25,openfootball
SERIEA,24/11/2024,Como 1907,ACF Fiorentina,0,2,A,SERIEA,2024-25,openfootball
SERIEA,24/11/2024,Genoa CFC,Cagliari Calcio,2,2,D,SERIEA,2024-25,openfootball
SERIEA,24/11/2024,SS Lazio,Bologna FC 1909,3,0,H,SERIEA,2024-25,openfootball
SERIEA,24/11/2024,SSC Napoli,AS Roma,1,0,H,SERIEA,2024-25,openfootball
SERIEA,24/11/2024,Torino FC,AC Monza,1,1,D,SERIEA,2024-25,openfootball
EPL,25/11/2024,Newcastle United FC,West Ham United FC,0,2,A,EPL,2024-25,openfootball
SERIEA,25/11/2024,Empoli FC,Udinese Calcio,1,1,D,SERIEA,2024-25,openfootball
SERIEA,25/11/2024,Venezia FC,US Lecce,0,1,A,SERIEA,2024-25,openfootball
BUNDESLIGA,29/11/2024,FC St. Pauli 1910,Holstein Kiel,3,1,H,BUNDESLIGA,2024-25,openfootball
EPL,29/11/2024,Brighton & Hove Albion FC,Southampton FC,1,1,D,EPL,2024-25,openfootball
LALIGA,29/11/2024,RCD Mallorca,Valencia CF,2,1,H,LALIGA,2024-25,openfootball
SERIEA,29/11/2024,Cagliari Calcio,Hellas Verona FC,1,0,H,SERIEA,2024-25,openfootball
BUNDESLIGA,30/11/2024,1. FC Union Berlin,Bayer 04 Leverkusen,1,2,A,BUNDESLIGA,2024-25,openfootball
BUNDESLIGA,30/11/2024,Borussia Dortmund,FC Bayern München,1,1,D,BUNDESLIGA,2024-25,openfootball
BUNDESLIGA,30/11/2024,FC Augsburg,VfL Bochum 1848,1,0,H,BUNDESLIGA,2024-25,openfootball
BUNDESLIGA,30/11/2024,RB Leipzig,VfL Wolfsburg,1,5,A,BUNDESLIGA,2024-25,openfootball
BUNDESLIGA,30/11/2024,SC Freiburg,Borussia Mönchengladbach,3,1,H,BUNDESLIGA,2024-25,openfootball
BUNDESLIGA,30/11/2024,SV Werder Bremen,VfB Stuttgart,2,2,D,BUNDESLIGA,2024-25,openfootball
EPL,30/11/2024,Brentford FC,Leicester City FC,4,1,H,EPL,2024-25,openfootball
EPL,30/11/2024,Crystal Palace FC,Newcastle United FC,1,1,D,EPL,2024-25,openfootball
EPL,30/11/2024,Nottingham Forest FC,Ipswich Town FC,1,0,H,EPL,2024-25,openfootball
EPL,30/11/2024,West Ham United FC,Arsenal FC,2,5,A,EPL,2024-25,openfootball
EPL,30/11/2024,Wolverhampton Wanderers FC,AFC Bournemouth,2,4,A,EPL,2024-25,openfootball
LALIGA,30/11/2024,Deportivo Alavés,CD Leganés,1,1,D,LALIGA,2024-25,openfootball
LALIGA,30/11/2024,FC Barcelona,UD Las Palmas,1,2,A,LALIGA,2024-25,openfootball
LALIGA,30/11/2024,RCD Espanyol de Barcelona,RC Celta de Vigo,3,1,H,LALIGA,2024-25,openfootball
LALIGA,30/11/2024,Real Valladolid CF,Club Atlético de Madrid,0,5,A,LALIGA,2024-25,openfootball
SERIEA,30/11/2024,AC Milan,Empoli FC,3,0,H,SERIEA,2024-25,openfootball
SERIEA,30/11/2024,Bologna FC 1909,Venezia FC,3,0,H,SERIEA,2024-25,openfootball
SERIEA,30/11/2024,Como 1907,AC Monza,1,1,D,SERIEA,2024-25,openfootball
BUNDESLIGA,01/12/2024,1. FC Heidenheim 1846,Eintracht Frankfurt,0,4,A,BUNDESLIGA,2024-25,openfootball
BUNDESLIGA,01/12/2024,1. FSV Mainz 05,TSG 1899 Hoffenheim,2,0,H,BUNDESLIGA,2024-25,openfootball
EPL,01/12/2024,Chelsea FC,Aston Villa FC,3,0,H,EPL,2024-25,openfootball
EPL,01/12/2024,Liverpool FC,Manchester City FC,2,0,H,EPL,2024-25,openfootball
EPL,01/12/2024,Manchester United FC,Everton FC,4,0,H,EPL,2024-25,openfootball
EPL,01/12/2024,Tottenham Hotspur FC,Fulham FC,1,1,D,EPL,2024-25,openfootball
LALIGA,01/12/2024,Rayo Vallecano de Madrid,Athletic Club,1,2,A,LALIGA,2024-25,openfootball
LALIGA,01/12/2024,Real Madrid CF,Getafe CF,2,0,H,LALIGA,2024-25,openfootball
LALIGA,01/12/2024,Real Sociedad de Fútbol,Real Betis Balompié,2,0,H,LALIGA,2024-25,openfootball
LALIGA,01/12/2024,Villarreal CF,Girona FC,2,2,D,LALIGA,2024-25,openfootball
SERIEA,01/12/2024,Parma Calcio 1913,SS Lazio,3,1,H,SERIEA,2024-25,openfootball
SERIEA,01/12/2024,Torino FC,SSC Napoli,0,1,A,SERIEA,2024-25,openfootball
SERIEA,01/12/2024,US Lecce,Juventus FC,1,1,D,SERIEA,2024-25,openfootball
SERIEA,01/12/2024,Udinese Calcio,Genoa CFC,0,2,A,SERIEA,2024-25,openfootball
LALIGA,02/12/2024,Sevilla FC,CA Osasuna,1,1,D,LALIGA,2024-25,openfootball
SERIEA,02/12/2024,AS Roma,Atalanta BC,0,2,A,SERIEA,2024-25,openfootball
EPL,03/12/2024,Ipswich Town FC,Crystal Palace FC,0,1,A,EPL,2024-25,openfootball
EPL,03/12/2024,Leicester City FC,West Ham United FC,3,1,H,EPL,2024-25,openfootball
LALIGA,03/12/2024,RCD Mallorca,FC Barcelona,1,5,A,LALIGA,2024-25,openfootball
EPL,04/12/2024,Arsenal FC,Manchester United FC,2,0,H,EPL,2024-25,openfootball
EPL,04/12/2024,Aston Villa FC,Brentford FC,3,1,H,EPL,2024-25,openfootball
EPL,04/12/2024,Everton FC,Wolverhampton Wanderers FC,4,0,H,EPL,2024-25,openfootball
EPL,04/12/2024,Manchester City FC,Nottingham Forest FC,3,0,H,EPL,2024-25,openfootball
EPL,04/12/2024,Newcastle United FC,Liverpool FC,3,3,D,EPL,2024-25,openfootball
EPL,04/12/2024,Southampton FC,Chelsea FC,1,5,A,EPL,2024-25,openfootball
LALIGA,04/12/2024,Athletic Club,Real Madrid CF,2,1,H,LALIGA,2024-25,openfootball
EPL,05/12/2024,AFC Bournemouth,Tottenham Hotspur FC,1,0,H,EPL,2024-25,openfootball
EPL,05/12/2024,Fulham FC,Brighton & Hove Albion FC,3,1,H,EPL,2024-25,openfootball
BUNDESLIGA,06/12/2024,VfB Stuttgart,1. FC Union Berlin,3,2,H,BUNDESLIGA,2024-25,openfootball
LALIGA,06/12/2024,RC Celta de Vigo,RCD Mallorca,2,0,H,LALIGA,2024-25,openfootball
SERIEA,06/12/2024,Atalanta BC,AC Milan,2,1,H,SERIEA,2024-25,openfootball
SERIEA,06/12/2024,FC Internazionale Milano,Parma Calcio 1913,3,1,H,SERIEA,2024-25,openfootball
BUNDESLIGA,07/12/2024,Bayer 04 Leverkusen,FC St. Pauli 1910,2,1,H,BUNDESLIGA,2024-25,openfootball
BUNDESLIGA,07/12/2024,Borussia Mönchengladbach,Borussia Dortmund,1,1,D,BUNDESLIGA,2024-25,openfootball
BUNDESLIGA,07/12/2024,Eintracht Frankfurt,FC Augsburg,2,2,D,BUNDESLIGA,2024-25,openfootball
BUNDESLIGA,07/12/2024,FC Bayern München,1. FC Heidenheim 1846,4,2,H,BUNDESLIGA,2024-25,openfootball
BUNDESLIGA,07/12/2024,Holstein Kiel,RB Leipzig,0,2,A,BUNDESLIGA,2024-25,openfootball
BUNDESLIGA,07/12/2024,VfL Bochum 1848,SV Werder Bremen,0,1,A,BUNDESLIGA,2024-25,openfootball
EPL,07/12/2024,Aston Villa FC,Southampton FC,1,0,H,EPL,2024-25,openfootball
EPL,07/12/2024,Brentford FC,Newcastle United FC,4,2,H,EPL,2024-25,openfootball
EPL,07/12/2024,Crystal Palace FC,Manchester City FC,2,2,D,EPL,2024-25,openfootball
EPL,07/12/2024,Manchester United FC,Nottingham Forest FC,2,3,A,EPL,2024-25,openfootball
LALIGA,07/12/2024,Girona FC,Real Madrid CF,0,3,A,LALIGA,2024-25,openfootball
LALIGA,07/12/2024,Real Betis Balompié,FC Barcelona,2,2,D,LALIGA,2024-25,openfootball
LALIGA,07/12/2024,UD Las Palmas,Real Valladolid CF,2,1,H,LALIGA,2024-25,openfootball
LALIGA,07/12/2024,Valencia CF,Rayo Vallecano de Madrid,0,1,A,LALIGA,2024-25,openfootball
SERIEA,07/12/2024,AS Roma,US Lecce,4,1,H,SERIEA,2024-25,openfootball
SERIEA,07/12/2024,Genoa CFC,Torino FC,0,0,D,SERIEA,2024-25,openfootball
SERIEA,07/12/2024,Juventus FC,Bologna FC 1909,2,2,D,SERIEA,2024-25,openfootball
BUNDESLIGA,08/12/2024,TSG 1899 Hoffenheim,SC Freiburg,1,1,D,BUNDESLIGA,2024-25,openfootball
BUNDESLIGA,08/12/2024,VfL Wolfsburg,1. FSV Mainz 05,4,3,H,BUNDESLIGA,2024-25,openfootball
EPL,08/12/2024,Fulham FC,Arsenal FC,1,1,D,EPL,2024-25,openfootball
EPL,08/12/2024,Ipswich Town FC,AFC Bournemouth,1,2,A,EPL,2024-25,openfootball
EPL,08/12/2024,Leicester City FC,Brighton & Hove Albion FC,2,2,D,EPL,2024-25,openfootball
EPL,08/12/2024,Tottenham Hotspur FC,Chelsea FC,3,4,A,EPL,2024-25,openfootball
LALIGA,08/12/2024,Athletic Club,Villarreal CF,2,0,H,LALIGA,2024-25,openfootball
LALIGA,08/12/2024,CA Osasuna,Deportivo Alavés,2,2,D,LALIGA,2024-25,openfootball
LALIGA,08/12/2024,CD Leganés,Real Sociedad de Fútbol,0,3,A,LALIGA,2024-25,openfootball
LALIGA,08/12/2024,Club Atlético de Madrid,Sevilla FC,4,3,H,LALIGA,2024-25,openfootball
SERIEA,08/12/2024,ACF Fiorentina,Cagliari Calcio,1,0,H,SERIEA,2024-25,openfootball
SERIEA,08/12/2024,Hellas Verona FC,Empoli FC,1,4,A,SERIEA,2024-25,openfootball
SERIEA,08/12/2024,SSC Napoli,SS Lazio,0,1,A,SERIEA,2024-25,openfootball
SERIEA,08/12/2024,Venezia FC,Como 1907,2,2,D,SERIEA,2024-25,openfootball
EPL,09/12/2024,West Ham United FC,Wolverhampton Wanderers FC,2,1,H,EPL,2024-25,openfootball
LALIGA,09/12/2024,Getafe CF,RCD Espanyol de Barcelona,1,0,H,LALIGA,2024-25,openfootball
SERIEA,09/12/2024,AC Monza,Udinese Calcio,1,2,A,SERIEA,2024-25,openfootball
BUNDESLIGA,13/12/2024,SC Freiburg,VfL Wolfsburg,3,2,H,BUNDESLIGA,2024-25,openfootball
LALIGA,13/12/2024,Real Valladolid CF,Valencia CF,1,0,H,LALIGA,2024-25,openfootball
SERIEA,13/12/2024,Empoli FC,Torino FC,0,1,A,SERIEA,2024-25,openfootball
BUNDESLIGA,14/12/2024,1. FC Union Berlin,VfL Bochum 1848,0,2,A,BUNDESLIGA,2024-25,openfootball
BUNDESLIGA,14/12/2024,1. FSV Mainz 05,FC Bayern München,2,1,H,BUNDESLIGA,2024-25,openfootball
BUNDESLIGA,14/12/2024,Borussia Mönchengladbach,Holstein Kiel,4,1,H,BUNDESLIGA,2024-25,openfootball
BUNDESLIGA,14/12/2024,FC Augsburg,Bayer 04 Leverkusen,0,2,A,BUNDESLIGA,2024-25,openfootball
BUNDESLIGA,14/12/2024,FC St. Pauli 1910,SV Werder Bremen,0,2,A,BUNDESLIGA,2024-25,openfootball
EPL,14/12/2024,Arsenal FC,Everton FC,0,0,D,EPL,2024-25,openfootball
EPL,14/12/2024,Liverpool FC,Fulham FC,2,2,D,EPL,2024-25,openfootball
EPL,14/12/2024,Newcastle United FC,Leicester City FC,4,0,H,EPL,2024-25,openfootball
EPL,14/12/2024,Nottingham Forest FC,Aston Villa FC,2,1,H,EPL,2024-25,openfootball
EPL,14/12/2024,Wolverhampton Wanderers FC,Ipswich Town FC,1,2,A,EPL,2024-25,openfootball
LALIGA,14/12/2024,RCD Espanyol de Barcelona,CA Osasuna,0,0,D,LALIGA,2024-25,openfootball
LALIGA,14/12/2024,RCD Mallorca,Girona FC,2,1,H,LALIGA,2024-25,openfootball
LALIGA,14/12/2024,Rayo Vallecano de Madrid,Real Madrid CF,3,3,D,LALIGA,2024-25,openfootball
LALIGA,14/12/2024,Sevilla FC,RC Celta de Vigo,1,0,H,LALIGA,2024-25,openfootball
SERIEA,14/12/2024,Cagliari Calcio,Atalanta BC,0,1,A,SERIEA,2024-25,openfootball
SERIEA,14/12/2024,Juventus FC,Venezia FC,2,2,D,SERIEA,2024-25,openfootball
SERIEA,14/12/2024,Udinese Calcio,SSC Napoli,1,3,A,SERIEA,2024-25,openfootball
BUNDESLIGA,15/12/2024,1. FC Heidenheim 1846,VfB Stuttgart,1,3,A,BUNDESLIGA,2024-25,openfootball
BUNDESLIGA,15/12/2024,Borussia Dortmund,TSG 1899 Hoffenheim,1,1,D,BUNDESLIGA,2024-25,openfootball
BUNDESLIGA,15/12/2024,RB Leipzig,Eintracht Frankfurt,2,1,H,BUNDESLIGA,2024-25,openfootball
EPL,15/12/2024,Brighton & Hove Albion FC,Crystal Palace FC,1,3,A,EPL,2024-25,openfootball
EPL,15/12/2024,Chelsea FC,Brentford FC,2,1,H,EPL,2024-25,openfootball
EPL,15/12/2024,Manchester City FC,Manchester United FC,1,2,A,EPL,2024-25,openfootball
EPL,15/12/2024,Southampton FC,Tottenham Hotspur FC,0,5,A,EPL,2024-25,openfootball
LALIGA,15/12/2024,Club Atlético de Madrid,Getafe CF,1,0,H,LALIGA,2024-25,openfootball
LALIGA,15/12/2024,Deportivo Alavés,Athletic Club,1,1,D,LALIGA,2024-25,openfootball
LALIGA,15/12/2024,FC Barcelona,CD Leganés,0,1,A,LALIGA,2024-25,openfootball
LALIGA,15/12/2024,Real Sociedad de Fútbol,UD Las Palmas,0,0,D,LALIGA,2024-25,openfootball
LALIGA,15/12/2024,Villarreal CF,Real Betis Balompié,1,2,A,LALIGA,2024-25,openfootball
SERIEA,15/12/2024,AC Milan,Genoa CFC,0,0,D,SERIEA,2024-25,openfootball
SERIEA,15/12/2024,Bologna FC 1909,ACF Fiorentina,1,0,H,SERIEA,2024-25,openfootball
SERIEA,15/12/2024,Como 1907,AS Roma,2,0,H,SERIEA,2024-25,openfootball
SERIEA,15/12/2024,Parma Calcio 1913,Hellas Verona FC,2,3,A,SERIEA,2024-25,openfootball
SERIEA,15/12/2024,US Lecce,AC Monza,2,1,H,SERIEA,2024-25,openfootball
EPL,16/12/2024,AFC Bournemouth,West Ham United FC,1,1,D,EPL,2024-25,openfootball
SERIEA,16/12/2024,SS Lazio,FC Internazionale Milano,0,6,A,SERIEA,2024-25,openfootball
LALIGA,18/12/2024,RCD Espanyol de Barcelona,Valencia CF,1,1,D,LALIGA,2024-25,openfootball
LALIGA,18/12/2024,Villarreal CF,Rayo Vallecano de Madrid,1,1,D,LALIGA,2024-25,openfootball
BUNDESLIGA,20/12/2024,FC Bayern München,RB Leipzig,5,1,H,BUNDESLIGA,2024-25,openfootball
LALIGA,20/12/2024,Girona FC,Real Valladolid CF,3,0,H,LALIGA,2024-25,openfootball
SERIEA,20/12/2024,Hellas Verona FC,AC Milan,0,1,A,SERIEA,2024-25,openfootball
BUNDESLIGA,21/12/2024,Bayer 04 Leverkusen,SC Freiburg,5,1,H,BUNDESLIGA,2024-25,openfootball
BUNDESLIGA,21/12/2024,Eintracht Frankfurt,1. FSV Mainz 05,1,3,A,BUNDESLIGA,2024-25,openfootball
BUNDESLIGA,21/12/2024,Holstein Kiel,FC Augsburg,5,1,H,BUNDESLIGA,2024-25,openfootball
BUNDESLIGA,21/12/2024,SV Werder Bremen,1. FC Union Berlin,4,1,H,BUNDESLIGA,2024-25,openfootball
BUNDESLIGA,21/12/2024,TSG 1899 Hoffenheim,Borussia Mönchengladbach,1,2,A,BUNDESLIGA,2024-25,openfootball
BUNDESLIGA,21/12/2024,VfB Stuttgart,FC St. Pauli 1910,0,1,A,BUNDESLIGA,2024-25,openfootball
EPL,21/12/2024,Aston Villa FC,Manchester City FC,2,1,H,EPL,2024-25,openfootball
EPL,21/12/2024,Brentford FC,Nottingham Forest FC,0,2,A,EPL,2024-25,openfootball
EPL,21/12/2024,Crystal Palace FC,Arsenal FC,1,5,A,EPL,2024-25,openfootball
EPL,21/12/2024,Ipswich Town FC,Newcastle United FC,0,4,A,EPL,2024-25,openfootball
EPL,21/12/2024,West Ham United FC,Brighton & Hove Albion FC,1,1,D,EPL,2024-25,openfootball
LALIGA,21/12/2024,CA Osasuna,Athletic Club,1,2,A,LALIGA,2024-25,openfootball
LALIGA,21/12/2024,FC Barcelona,Club Atlético de Madrid,1,2,A,LALIGA,2024-25,openfootball
LALIGA,21/12/2024,Getafe CF,RCD Mallorca,0,1,A,LALIGA,2024-25,openfootball
LALIGA,21/12/2024,RC Celta de Vigo,Real Sociedad de Fútbol,2,0,H,LALIGA,2024-25,openfootball
SERIEA,21/12/2024,Genoa CFC,SSC Napoli,1,2,A,SERIEA,2024-25,openfootball
SERIEA,21/12/2024,Torino FC,Bologna FC 1909,0,2,A,SERIEA,2024-25,openfootball
SERIEA,21/12/2024,US Lecce,SS Lazio,1,2,A,SERIEA,2024-25,openfootball
BUNDESLIGA,22/12/2024,VfL Bochum 1848,1. FC Heidenheim 1846,2,0,H,BUNDESLIGA,2024-25,openfootball
BUNDESLIGA,22/12/2024,VfL Wolfsburg,Borussia Dortmund,1,3,A,BUNDESLIGA,2024-25,openfootball
EPL,22/12/2024,Everton FC,Chelsea FC,0,0,D,EPL,2024-25,openfootball
EPL,22/12/2024,Fulham FC,Southampton FC,0,0,D,EPL,2024-25,openfootball
EPL,22/12/2024,Leicester City FC,Wolverhampton Wanderers FC,0,3,A,EPL,2024-25,openfootball
EPL,22/12/2024,Manchester United FC,AFC Bournemouth,0,3,A,EPL,2024-25,openfootball
EPL,22/12/2024,Tottenham Hotspur FC,Liverpool FC,3,6,A,EPL,2024-25,openfootball
LALIGA,22/12/2024,CD Leganés,Villarreal CF,2,5,A,LALIGA,2024-25,openfootball
LALIGA,22/12/2024,Real Betis Balompié,Rayo Vallecano de Madrid,1,1,D,LALIGA,2024-25,openfootball
LALIGA,22/12/2024,Real Madrid CF,Sevilla FC,4,2,H,LALIGA,2024-25,openfootball
LALIGA,22/12/2024,UD Las Palmas,RCD Espanyol de Barcelona,1,0,H,LALIGA,2024-25,openfootball
LALIGA,22/12/2024,Valencia CF,Deportivo Alavés,2,2,D,LALIGA,2024-25,openfootball
SERIEA,22/12/2024,AC Monza,Juventus FC,1,2,A,SERIEA,2024-25,openfootball
SERIEA,22/12/2024,AS Roma,Parma Calcio 1913,5,0,H,SERIEA,2024-25,openfootball
SERIEA,22/12/2024,Atalanta BC,Empoli FC,3,2,H,SERIEA,2024-25,openfootball
SERIEA,22/12/2024,Venezia FC,Cagliari Calcio,2,1,H,SERIEA,2024-25,openfootball
SERIEA,23/12/2024,ACF Fiorentina,Udinese Calcio,1,2,A,SERIEA,2024-25,openfootball
SERIEA,23/12/2024,FC Internazionale Milano,Como 1907,2,0,H,SERIEA,2024-25,openfootball
EPL,26/12/2024,AFC Bournemouth,Crystal Palace FC,0,0,D,EPL,2024-25,openfootball
EPL,26/12/2024,Chelsea FC,Fulham FC,1,2,A,EPL,2024-25,openfootball
EPL,26/12/2024,Liverpool FC,Leicester City FC,3,1,H,EPL,2024-25,openfootball
EPL,26/12/2024,Manchester City FC,Everton FC,1,1,D,EPL,2024-25,openfootball
EPL,26/12/2024,Newcastle United FC,Aston Villa FC,3,0,H,EPL,2024-25,openfootball
EPL,26/12/2024,Nottingham Forest FC,Tottenham Hotspur FC,1,0,H,EPL,2024-25,openfootball
EPL,26/12/2024,Southampton FC,West Ham United FC,0,1,A,EPL,2024-25,openfootball
EPL,26/12/2024,Wolverhampton Wanderers FC,Manchester United FC,2,0,H,EPL,2024-25,openfootball
EPL,27/12/2024,Arsenal FC,Ipswich Town FC,1,0,H,EPL,2024-25,openfootball
EPL,27/12/2024,Brighton & Hove Albion FC,Brentford FC,0,0,D,EPL,2024-25,openfootball
SERIEA,28/12/2024,Cagliari Calcio,FC Internazionale Milano,0,3,A,SERIEA,2024-25,openfootball
SERIEA,28/12/2024,Empoli FC,Genoa CFC,1,2,A,SERIEA,2024-25,openfootball
SERIEA,28/12/2024,Parma Calcio 1913,AC Monza,2,1,H,SERIEA,2024-25,openfootball
SERIEA,28/12/2024,SS Lazio,Atalanta BC,1,1,D,SERIEA,2024-25,openfootball
EPL,29/12/2024,Crystal Palace FC,Southampton FC,2,1,H,EPL,2024-25,openfootball
EPL,29/12/2024,Everton FC,Nottingham Forest FC,0,2,A,EPL,2024-25,openfootball
EPL,29/12/2024,Fulham FC,AFC Bournemouth,2,2,D,EPL,2024-25,openfootball
EPL,29/12/2024,Leicester City FC,Manchester City FC,0,2,A,EPL,2024-25,openfootball
EPL,29/12/2024,Tottenham Hotspur FC,Wolverhampton Wanderers FC,2,2,D,EPL,2024-25,openfootball
EPL,29/12/2024,West Ham United FC,Liverpool FC,0,5,A,EPL,2024-25,openfootball
SERIEA,29/12/2024,AC Milan,AS Roma,1,1,D,SERIEA,2024-25,openfootball
SERIEA,29/12/2024,Juventus FC,ACF Fiorentina,2,2,D,SERIEA,2024-25,openfootball
SERIEA,29/12/2024,SSC Napoli,Venezia FC,1,0,H,SERIEA,2024-25,openfootball
SERIEA,29/12/2024,Udinese Calcio,Torino FC,2,2,D,SERIEA,2024-25,openfootball
EPL,30/12/2024,Aston Villa FC,Brighton & Hove Albion FC,2,2,D,EPL,2024-25,openfootball
EPL,30/12/2024,Ipswich Town FC,Chelsea FC,2,0,H,EPL,2024-25,openfootball
EPL,30/12/2024,Manchester United FC,Newcastle United FC,0,2,A,EPL,2024-25,openfootball
SERIEA,30/12/2024,Bologna FC 1909,Hellas Verona FC,2,3,A,SERIEA,2024-25,openfootball
SERIEA,30/12/2024,Como 1907,US Lecce,2,0,H,SERIEA,2024-25,openfootball
EPL,01/01/2025,Brentford FC,Arsenal FC,1,3,A,EPL,2024-25,openfootball
LALIGA,03/01/2025,Valencia CF,Real Madrid CF,1,2,A,LALIGA,2024-25,openfootball
EPL,04/01/2025,AFC Bournemouth,Everton FC,1,0,H,EPL,2024-25,openfootball
EPL,04/01/2025,Aston Villa FC,Leicester City FC,2,1,H,EPL,2024-25,openfootball
EPL,04/01/2025,Brighton & Hove Albion FC,Arsenal FC,1,1,D,EPL,2024-25,openfootball
EPL,04/01/2025,Crystal Palace FC,Chelsea FC,1,1,D,EPL,2024-25,openfootball
EPL,04/01/2025,Manchester City FC,West Ham United FC,4,1,H,EPL,2024-25,openfootball
EPL,04/01/2025,Southampton FC,Brentford FC,0,5,A,EPL,2024-25,openfootball
EPL,04/01/2025,Tottenham Hotspur FC,Newcastle United FC,1,2,A,EPL,2024-25,openfootball
SERIEA,04/01/2025,ACF Fiorentina,SSC Napoli,0,3,A,SERIEA,2024-25,openfootball
SERIEA,04/01/2025,Hellas Verona FC,Udinese Calcio,0,0,D,SERIEA,2024-25,openfootball
SERIEA,04/01/2025,Venezia FC,Empoli FC,1,1,D,SERIEA,2024-25,openfootball
EPL,05/01/2025,Fulham FC,Ipswich Town FC,2,2,D,EPL,2024-25,openfootball
EPL,05/01/2025,Liverpool FC,Manchester United FC,2,2,D,EPL,2024-25,openfootball
SERIEA,05/01/2025,AC Monza,Cagliari Calcio,1,2,A,SERIEA,2024-25,openfootball
SERIEA,05/01/2025,AS Roma,SS Lazio,2,0,H,SERIEA,2024-25,openfootball
SERIEA,05/01/2025,Torino FC,Parma Calcio 1913,0,0,D,SERIEA,2024-25,openfootball
SERIEA,05/01/2025,US Lecce,Genoa CFC,0,0,D,SERIEA,2024-25,openfootball
EPL,06/01/2025,Wolverhampton Wanderers FC,Nottingham Forest FC,0,3,A,EPL,2024-25,openfootball
BUNDESLIGA,10/01/2025,Borussia Dortmund,Bayer 04 Leverkusen,2,3,A,BUNDESLIGA,2024-25,openfootball
LALIGA,10/01/2025,Rayo Vallecano de Madrid,RC Celta de Vigo,2,1,H,LALIGA,2024-25,openfootball
SERIEA,10/01/2025,SS Lazio,Como 1907,1,1,D,SERIEA,2024-25,openfootball
BUNDESLIGA,11/01/2025,1. FC Heidenheim 1846,1. FC Union Berlin,2,0,H,BUNDESLIGA,2024-25,openfootball
BUNDESLIGA,11/01/2025,1. FSV Mainz 05,VfL Bochum 1848,2,0,H,BUNDESLIGA,2024-25,openfootball
BUNDESLIGA,11/01/2025,Borussia Mönchengladbach,FC Bayern München,0,1,A,BUNDESLIGA,2024-25,openfootball
BUNDESLIGA,11/01/2025,FC St. Pauli 1910,Eintracht Frankfurt,0,1,A,BUNDESLIGA,2024-25,openfootball
BUNDESLIGA,11/01/2025,SC Freiburg,Holstein Kiel,3,2,H,BUNDESLIGA,2024-25,openfootball
BUNDESLIGA,11/01/2025,TSG 1899 Hoffenheim,VfL Wolfsburg,0,1,A,BUNDESLIGA,2024-25,openfootball
LALIGA,11/01/2025,Deportivo Alavés,Girona FC,0,1,A,LALIGA,2024-25,openfootball
LALIGA,11/01/2025,RCD Espanyol de Barcelona,CD Leganés,1,1,D,LALIGA,2024-25,openfootball
LALIGA,11/01/2025,Real Valladolid CF,Real Betis Balompié,1,0,H,LALIGA,2024-25,openfootball
LALIGA,11/01/2025,Sevilla FC,Valencia CF,1,1,D,LALIGA,2024-25,openfootball
SERIEA,11/01/2025,AC Milan,Cagliari Calcio,1,1,D,SERIEA,2024-25,openfootball
SERIEA,11/01/2025,Empoli FC,US Lecce,1,3,A,SERIEA,2024-25,openfootball
SERIEA,11/01/2025,Torino FC,Juventus FC,1,1,D,SERIEA,2024-25,openfootball
SERIEA,11/01/2025,Udinese Calcio,Atalanta BC,0,0,D,SERIEA,2024-25,openfootball
BUNDESLIGA,12/01/2025,FC Augsburg,VfB Stuttgart,0,1,A,BUNDESLIGA,2024-25,openfootball
BUNDESLIGA,12/01/2025,RB Leipzig,SV Werder Bremen,4,2,H,BUNDESLIGA,2024-25,openfootball
LALIGA,12/01/2025,Club Atlético de Madrid,CA Osasuna,1,0,H,LALIGA,2024-25,openfootball
LALIGA,12/01/2025,UD Las Palmas,Getafe CF,1,2,A,LALIGA,2024-25,openfootball
SERIEA,12/01/2025,Bologna FC 1909,AS Roma,2,2,D,SERIEA,2024-25,openfootball
SERIEA,12/01/2025,Genoa CFC,Parma Calcio 1913,1,0,H,SERIEA,2024-25,openfootball
SERIEA,12/01/2025,SSC Napoli,Hellas Verona FC,2,0,H,SERIEA,2024-25,openfootball
SERIEA,12/01/2025,Venezia FC,FC Internazionale Milano,0,1,A,SERIEA,2024-25,openfootball
LALIGA,13/01/2025,Real Sociedad de Fútbol,Villarreal CF,1,0,H,LALIGA,2024-25,openfootball
SERIEA,13/01/2025,AC Monza,ACF Fiorentina,2,1,H,SERIEA,2024-25,openfootball
BUNDESLIGA,14/01/2025,Bayer 04 Leverkusen,1. FSV Mainz 05,1,0,H,BUNDESLIGA,2024-25,openfootball
BUNDESLIGA,14/01/2025,Eintracht Frankfurt,SC Freiburg,4,1,H,BUNDESLIGA,2024-25,openfootball
BUNDESLIGA,14/01/2025,Holstein Kiel,Borussia Dortmund,4,2,H,BUNDESLIGA,2024-25,openfootball
BUNDESLIGA,14/01/2025,VfL Wolfsburg,Borussia Mönchengladbach,5,1,H,BUNDESLIGA,2024-25,openfootball
EPL,14/01/2025,Brentford FC,Manchester City FC,2,2,D,EPL,2024-25,openfootball
EPL,14/01/2025,Chelsea FC,AFC Bournemouth,2,2,D,EPL,2024-25,openfootball
EPL,14/01/2025,Nottingham Forest FC,Liverpool FC,1,1,D,EPL,2024-25,openfootball
EPL,14/01/2025,West Ham United FC,Fulham FC,3,2,H,EPL,2024-25,openfootball
SERIEA,14/01/2025,Atalanta BC,Juventus FC,1,1,D,SERIEA,2024-25,openfootball
SERIEA,14/01/2025,Como 1907,AC Milan,1,2,A,SERIEA,2024-25,openfootball
BUNDESLIGA,15/01/2025,1. FC Union Berlin,FC Augsburg,0,2,A,BUNDESLIGA,2024-25,openfootball
BUNDESLIGA,15/01/2025,FC Bayern München,TSG 1899 Hoffenheim,5,0,H,BUNDESLIGA,2024-25,openfootball
BUNDESLIGA,15/01/2025,SV Werder Bremen,1. FC Heidenheim 1846,3,3,D,BUNDESLIGA,2024-25,openfootball
BUNDESLIGA,15/01/2025,VfB Stuttgart,RB Leipzig,2,1,H,BUNDESLIGA,2024-25,openfootball
BUNDESLIGA,15/01/2025,VfL Bochum 1848,FC St. Pauli 1910,1,0,H,BUNDESLIGA,2024-25,openfootball
EPL,15/01/2025,Arsenal FC,Tottenham Hotspur FC,2,1,H,EPL,2024-25,openfootball
EPL,15/01/2025,Everton FC,Aston Villa FC,0,1,A,EPL,2024-25,openfootball
EPL,15/01/2025,Leicester City FC,Crystal Palace FC,0,2,A,EPL,2024-25,openfootball
EPL,15/01/2025,Newcastle United FC,Wolverhampton Wanderers FC,3,0,H,EPL,2024-25,openfootball
SERIEA,15/01/2025,FC Internazionale Milano,Bologna FC 1909,2,2,D,SERIEA,2024-25,openfootball
EPL,16/01/2025,Ipswich Town FC,Brighton & Hove Albion FC,0,2,A,EPL,2024-25,openfootball
EPL,16/01/2025,Manchester United FC,Southampton FC,3,1,H,EPL,2024-25,openfootball
BUNDESLIGA,17/01/2025,Eintracht Frankfurt,Borussia Dortmund,2,0,H,BUNDESLIGA,2024-25,openfootball
LALIGA,17/01/2025,RCD Espanyol de Barcelona,Real Valladolid CF,2,1,H,LALIGA,2024-25,openfootball
SERIEA,17/01/2025,AS Roma,Genoa CFC,3,1,H,SERIEA,2024-25,openfootball
BUNDESLIGA,18/01/2025,1. FC Heidenheim 1846,FC St. Pauli 1910,0,2,A,BUNDESLIGA,2024-25,openfootball
BUNDESLIGA,18/01/2025,Bayer 04 Leverkusen,Borussia Mönchengladbach,3,1,H,BUNDESLIGA,2024-25,openfootball
BUNDESLIGA,18/01/2025,FC Bayern München,VfL Wolfsburg,3,2,H,BUNDESLIGA,2024-25,openfootball
BUNDESLIGA,18/01/2025,Holstein Kiel,TSG 1899 Hoffenheim,1,3,A,BUNDESLIGA,2024-25,openfootball
BUNDESLIGA,18/01/2025,VfB Stuttgart,SC Freiburg,4,0,H,BUNDESLIGA,2024-25,openfootball
BUNDESLIGA,18/01/2025,VfL Bochum 1848,RB Leipzig,3,3,D,BUNDESLIGA,2024-25,openfootball
EPL,18/01/2025,Arsenal FC,Aston Villa FC,2,2,D,EPL,2024-25,openfootball
EPL,18/01/2025,Brentford FC,Liverpool FC,0,2,A,EPL,2024-25,openfootball
EPL,18/01/2025,Leicester City FC,Fulham FC,0,2,A,EPL,2024-25,openfootball
EPL,18/01/2025,Newcastle United FC,AFC Bournemouth,1,4,A,EPL,2024-25,openfootball
EPL,18/01/2025,West Ham United FC,Crystal Palace FC,0,2,A,EPL,2024-25,openfootball
LALIGA,18/01/2025,CD Leganés,Club Atlético de Madrid,1,0,H,LALIGA,2024-25,openfootball
LALIGA,18/01/2025,Getafe CF,FC Barcelona,1,1,D,LALIGA,2024-25,openfootball
LALIGA,18/01/2025,Girona FC,Sevilla FC,1,2,A,LALIGA,2024-25,openfootball
LALIGA,18/01/2025,Real Betis Balompié,Deportivo Alavés,1,3,A,LALIGA,2024-25,openfootball
SERIEA,18/01/2025,Atalanta BC,SSC Napoli,2,3,A,SERIEA,2024-25,openfootball
SERIEA,18/01/2025,Bologna FC 1909,AC Monza,3,1,H,SERIEA,2024-25,openfootball
SERIEA,18/01/2025,Juventus FC,AC Milan,2,0,H,SERIEA,2024-25,openfootball
BUNDESLIGA,19/01/2025,1. FC Union Berlin,1. FSV Mainz 05,2,1,H,BUNDESLIGA,2024-25,openfootball
BUNDESLIGA,19/01/2025,SV Werder Bremen,FC Augsburg,0,2,A,BUNDESLIGA,2024-25,openfootball
EPL,19/01/2025,Everton FC,Tottenham Hotspur FC,3,2,H,EPL,2024-25,openfootball
EPL,19/01/2025,Ipswich Town FC,Manchester City FC,0,6,A,EPL,2024-25,openfootball
EPL,19/01/2025,Manchester United FC,Brighton & Hove Albion FC,1,3,A,EPL,2024-25,openfootball
EPL,19/01/2025,Nottingham Forest FC,Southampton FC,3,2,H,EPL,2024-25,openfootball
LALIGA,19/01/2025,CA Osasuna,Rayo Vallecano de Madrid,1,1,D,LALIGA,2024-25,openfootball
LALIGA,19/01/2025,RC Celta de Vigo,Athletic Club,1,2,A,LALIGA,2024-25,openfootball
LALIGA,19/01/2025,Real Madrid CF,UD Las Palmas,4,1,H,LALIGA,2024-25,openfootball
LALIGA,19/01/2025,Valencia CF,Real Sociedad de Fútbol,1,0,H,LALIGA,2024-25,openfootball
SERIEA,19/01/2025,ACF Fiorentina,Torino FC,1,1,D,SERIEA,2024-25,openfootball
SERIEA,19/01/2025,Cagliari Calcio,US Lecce,4,1,H,SERIEA,2024-25,openfootball
SERIEA,19/01/2025,FC Internazionale Milano,Empoli FC,3,1,H,SERIEA,2024-25,openfootball
SERIEA,19/01/2025,Hellas Verona FC,SS Lazio,0,3,A,SERIEA,2024-25,openfootball
SERIEA,19/01/2025,Parma Calcio 1913,Venezia FC,1,1,D,SERIEA,2024-25,openfootball
EPL,20/01/2025,Chelsea FC,Wolverhampton Wanderers FC,3,1,H,EPL,2024-25,openfootball
LALIGA,20/01/2025,Villarreal CF,RCD Mallorca,4,0,H,LALIGA,2024-25,openfootball
SERIEA,20/01/2025,Como 1907,Udinese Calcio,4,1,H,SERIEA,2024-25,openfootball
BUNDESLIGA,24/01/2025,VfL Wolfsburg,Holstein Kiel,2,2,D,BUNDESLIGA,2024-25,openfootball
LALIGA,24/01/2025,UD Las Palmas,CA Osasuna,1,1,D,LALIGA,2024-25,openfootball
SERIEA,24/01/2025,Torino FC,Cagliari Calcio,2,0,H,SERIEA,2024-25,openfootball
BUNDESLIGA,25/01/2025,1. FSV Mainz 05,VfB Stuttgart,2,0,H,BUNDESLIGA,2024-25,openfootball
BUNDESLIGA,25/01/2025,Borussia Dortmund,SV Werder Bremen,2,2,D,BUNDESLIGA,2024-25,openfootball
BUNDESLIGA,25/01/2025,Borussia Mönchengladbach,VfL Bochum 1848,3,0,H,BUNDESLIGA,2024-25,openfootball
BUNDESLIGA,25/01/2025,FC Augsburg,1. FC Heidenheim 1846,2,1,H,BUNDESLIGA,2024-25,openfootball
BUNDESLIGA,25/01/2025,RB Leipzig,Bayer 04 Leverkusen,2,2,D,BUNDESLIGA,2024-25,openfootball
BUNDESLIGA,25/01/2025,SC Freiburg,FC Bayern München,1,2,A,BUNDESLIGA,2024-25,openfootball
EPL,25/01/2025,AFC Bournemouth,Nottingham Forest FC,5,0,H,EPL,2024-25,openfootball
EPL,25/01/2025,Brighton & Hove Albion FC,Everton FC,0,1,A,EPL,2024-25,openfootball
EPL,25/01/2025,Liverpool FC,Ipswich Town FC,4,1,H,EPL,2024-25,openfootball
EPL,25/01/2025,Manchester City FC,Chelsea FC,3,1,H,EPL,2024-25,openfootball
EPL,25/01/2025,Southampton FC,Newcastle United FC,1,3,A,EPL,2024-25,openfootball
EPL,25/01/2025,Wolverhampton Wanderers FC,Arsenal FC,0,1,A,EPL,2024-25,openfootball
LALIGA,25/01/2025,Club Atlético de Madrid,Villarreal CF,1,1,D,LALIGA,2024-25,openfootball
LALIGA,25/01/2025,RCD Mallorca,Real Betis Balompié,0,1,A,LALIGA,2024-25,openfootball
LALIGA,25/01/2025,Real Valladolid CF,Real Madrid CF,0,3,A,LALIGA,2024-25,openfootball
LALIGA,25/01/2025,Sevilla FC,RCD Espanyol de Barcelona,1,1,D,LALIGA,2024-25,openfootball
SERIEA,25/01/2025,Como 1907,Atalanta BC,1,2,A,SERIEA,2024-25,openfootball
SERIEA,25/01/2025,Empoli FC,Bologna FC 1909,1,1,D,SERIEA,2024-25,openfootball
SERIEA,25/01/2025,SSC Napoli,Juventus FC,2,1,H,SERIEA,2024-25,openfootball
BUNDESLIGA,26/01/2025,FC St. Pauli 1910,1. FC Union Berlin,3,0,H,BUNDESLIGA,2024-25,openfootball
BUNDESLIGA,26/01/2025,TSG 1899 Hoffenheim,Eintracht Frankfurt,2,2,D,BUNDESLIGA,2024-25,openfootball
EPL,26/01/2025,Aston Villa FC,West Ham United FC,1,1,D,EPL,2024-25,openfootball
EPL,26/01/2025,Crystal Palace FC,Brentford FC,1,2,A,EPL,2024-25,openfootball
EPL,26/01/2025,Fulham FC,Manchester United FC,0,1,A,EPL,2024-25,openfootball
EPL,26/01/2025,Tottenham Hotspur FC,Leicester City FC,1,2,A,EPL,2024-25,openfootball
LALIGA,26/01/2025,Athletic Club,CD Leganés,0,0,D,LALIGA,2024-25,openfootball
LALIGA,26/01/2025,FC Barcelona,Valencia CF,7,1,H,LALIGA,2024-25,openfootball
LALIGA,26/01/2025,Rayo Vallecano de Madrid,Girona FC,2,1,H,LALIGA,2024-25,openfootball
LALIGA,26/01/2025,Real Sociedad de Fútbol,Getafe CF,0,3,A,LALIGA,2024-25,openfootball
SERIEA,26/01/2025,AC Milan,Parma Calcio 1913,3,2,H,SERIEA,2024-25,openfootball
SERIEA,26/01/2025,SS Lazio,ACF Fiorentina,1,2,A,SERIEA,2024-25,openfootball
SERIEA,26/01/2025,US Lecce,FC Internazionale Milano,0,4,A,SERIEA,2024-25,openfootball
SERIEA,26/01/2025,Udinese Calcio,AS Roma,1,2,A,SERIEA,2024-25,openfootball
LALIGA,27/01/2025,Deportivo Alavés,RC Celta de Vigo,1,1,D,LALIGA,2024-25,openfootball
SERIEA,27/01/2025,Genoa CFC,AC Monza,2,0,H,SERIEA,2024-25,openfootball
SERIEA,27/01/2025,Venezia FC,Hellas Verona FC,1,1,D,SERIEA,2024-25,openfootball
BUNDESLIGA,31/01/2025,SV Werder Bremen,1. FSV Mainz 05,1,0,H,BUNDESLIGA,2024-25,openfootball
LALIGA,31/01/2025,CD Leganés,Rayo Vallecano de Madrid,0,1,A,LALIGA,2024-25,openfootball
SERIEA,31/01/2025,Parma Calcio 1913,US Lecce,1,3,A,SERIEA,2024-25,openfootball
BUNDESLIGA,01/02/2025,1. FC Heidenheim 1846,Borussia Dortmund,1,2,A,BUNDESLIGA,2024-25,openfootball
BUNDESLIGA,01/02/2025,1. FC Union Berlin,RB Leipzig,0,0,D,BUNDESLIGA,2024-25,openfootball
BUNDESLIGA,01/02/2025,FC Bayern München,Holstein Kiel,4,3,H,BUNDESLIGA,2024-25,openfootball
BUNDESLIGA,01/02/2025,FC St. Pauli 1910,FC Augsburg,1,1,D,BUNDESLIGA,2024-25,openfootball
BUNDESLIGA,01/02/2025,VfB Stuttgart,Borussia Mönchengladbach,1,2,A,BUNDESLIGA,2024-25,openfootball
BUNDESLIGA,01/02/2025,VfL Bochum 1848,SC Freiburg,0,1,A,BUNDESLIGA,2024-25,openfootball
EPL,01/02/2025,AFC Bournemouth,Liverpool FC,0,2,A,EPL,2024-25,openfootball
EPL,01/02/2025,Everton FC,Leicester City FC,4,0,H,EPL,2024-25,openfootball
EPL,01/02/2025,Ipswich Town FC,Southampton FC,1,2,A,EPL,2024-25,openfootball
EPL,01/02/2025,Newcastle United FC,Fulham FC,1,2,A,EPL,2024-25,openfootball
EPL,01/02/2025,Nottingham Forest FC,Brighton & Hove Albion FC,7,0,H,EPL,2024-25,openfootball
EPL,01/02/2025,Wolverhampton Wanderers FC,Aston Villa FC,2,0,H,EPL,2024-25,openfootball
LALIGA,01/02/2025,Club Atlético de Madrid,RCD Mallorca,2,0,H,LALIGA,2024-25,openfootball
LALIGA,01/02/2025,Getafe CF,Sevilla FC,0,0,D,LALIGA,2024-25,openfootball
LALIGA,01/02/2025,RCD Espanyol de Barcelona,Real Madrid CF,1,0,H,LALIGA,2024-25,openfootball
LALIGA,01/02/2025,Villarreal CF,Real Valladolid CF,5,1,H,LALIGA,2024-25,openfootball
SERIEA,01/02/2025,AC Monza,Hellas Verona FC,0,1,A,SERIEA,2024-25,openfootball
SERIEA,01/02/2025,Atalanta BC,Torino FC,1,1,D,SERIEA,2024-25,openfootball
SERIEA,01/02/2025,Bologna FC 1909,Como 1907,2,0,H,SERIEA,2024-25,openfootball
SERIEA,01/02/2025,Udinese Calcio,Venezia FC,3,2,H,SERIEA,2024-25,openfootball
BUNDESLIGA,02/02/2025,Bayer 04 Leverkusen,TSG 1899 Hoffenheim,3,1,H,BUNDESLIGA,2024-25,openfootball
BUNDESLIGA,02/02/2025,Eintracht Frankfurt,VfL Wolfsburg,1,1,D,BUNDESLIGA,2024-25,openfootball
EPL,02/02/2025,Arsenal FC,Manchester City FC,5,1,H,EPL,2024-25,openfootball
EPL,02/02/2025,Brentford FC,Tottenham Hotspur FC,0,2,A,EPL,2024-25,openfootball
EPL,02/02/2025,Manchester United FC,Crystal Palace FC,0,2,A,EPL,2024-25,openfootball
LALIGA,02/02/2025,CA Osasuna,Real Sociedad de Fútbol,2,1,H,LALIGA,2024-25,openfootball
LALIGA,02/02/2025,FC Barcelona,Deportivo Alavés,1,0,H,LALIGA,2024-25,openfootball
LALIGA,02/02/2025,Real Betis Balompié,Athletic Club,2,2,D,LALIGA,2024-25,openfootball
LALIGA,02/02/2025,Valencia CF,RC Celta de Vigo,2,1,H,LALIGA,2024-25,openfootball
SERIEA,02/02/2025,AC Milan,FC Internazionale Milano,1,1,D,SERIEA,2024-25,openfootball
SERIEA,02/02/2025,ACF Fiorentina,Genoa CFC,2,1,H,SERIEA,2024-25,openfootball
SERIEA,02/02/2025,AS Roma,SSC Napoli,1,1,D,SERIEA,2024-25,openfootball
SERIEA,02/02/2025,Juventus FC,Empoli FC,4,1,H,SERIEA,2024-25,openfootball
EPL,03/02/2025,Chelsea FC,West Ham United FC,2,1,H,EPL,2024-25,openfootball
LALIGA,03/02/2025,Girona FC,UD Las Palmas,2,1,H,LALIGA,2024-25,openfootball
SERIEA,03/02/2025,Cagliari Calcio,SS Lazio,1,2,A,SERIEA,2024-25,openfootball
SERIEA,06/02/2025,ACF Fiorentina,FC Internazionale Milano,3,0,H,SERIEA,2024-25,openfootball
BUNDESLIGA,07/02/2025,FC Bayern München,SV Werder Bremen,3,0,H,BUNDESLIGA,2024-25,openfootball
LALIGA,07/02/2025,Rayo Vallecano de Madrid,Real Valladolid CF,1,0,H,LALIGA,2024-25,openfootball
SERIEA,07/02/2025,Como 1907,Juventus FC,1,2,A,SERIEA,2024-25,openfootball
BUNDESLIGA,08/02/2025,1. FSV Mainz 05,FC Augsburg,0,0,D,BUNDESLIGA,2024-25,openfootball
BUNDESLIGA,08/02/2025,Borussia Dortmund,VfB Stuttgart,1,2,A,BUNDESLIGA,2024-25,openfootball
BUNDESLIGA,08/02/2025,Borussia Mönchengladbach,Eintracht Frankfurt,1,1,D,BUNDESLIGA,2024-25,openfootball
BUNDESLIGA,08/02/2025,SC Freiburg,1. FC Heidenheim 1846,1,0,H,BUNDESLIGA,2024-25,openfootball
BUNDESLIGA,08/02/2025,TSG 1899 Hoffenheim,1. FC Union Berlin,0,4,A,BUNDESLIGA,2024-25,openfootball
BUNDESLIGA,08/02/2025,VfL Wolfsburg,Bayer 04 Leverkusen,0,0,D,BUNDESLIGA,2024-25,openfootball
LALIGA,08/02/2025,Athletic Club,Girona FC,3,0,H,LALIGA,2024-25,openfootball
LALIGA,08/02/2025,RC Celta de Vigo,Real Betis Balompié,3,2,H,LALIGA,2024-25,openfootball
LALIGA,08/02/2025,Real Madrid CF,Club Atlético de Madrid,1,1,D,LALIGA,2024-25,openfootball
LALIGA,08/02/2025,UD Las Palmas,Villarreal CF,1,2,A,LALIGA,2024-25,openfootball
SERIEA,08/02/2025,Empoli FC,AC Milan,0,2,A,SERIEA,2024-25,openfootball
SERIEA,08/02/2025,Hellas Verona FC,Atalanta BC,0,5,A,SERIEA,2024-25,openfootball
SERIEA,08/02/2025,Torino FC,Genoa CFC,1,1,D,SERIEA,2024-25,openfootball
BUNDESLIGA,09/02/2025,Holstein Kiel,VfL Bochum 1848,2,2,D,BUNDESLIGA,2024-25,openfootball
BUNDESLIGA,09/02/2025,RB Leipzig,FC St. Pauli 1910,2,0,H,BUNDESLIGA,2024-25,openfootball
LALIGA,09/02/2025,Deportivo Alavés,Getafe CF,0,1,A,LALIGA,2024-25,openfootball
LALIGA,09/02/2025,Real Sociedad de Fútbol,RCD Espanyol de Barcelona,2,1,H,LALIGA,2024-25,openfootball
LALIGA,09/02/2025,Sevilla FC,FC Barcelona,1,4,A,LALIGA,2024-25,openfootball
LALIGA,09/02/2025,Valencia CF,CD Leganés,2,0,H,LALIGA,2024-25,openfootball
SERIEA,09/02/2025,Cagliari Calcio,Parma Calcio 1913,2,1,H,SERIEA,2024-25,openfootball
SERIEA,09/02/2025,SS Lazio,AC Monza,5,1,H,SERIEA,2024-25,openfootball
SERIEA,09/02/2025,SSC Napoli,Udinese Calcio,1,1,D,SERIEA,2024-25,openfootball
SERIEA,09/02/2025,US Lecce,Bologna FC 1909,0,0,D,SERIEA,2024-25,openfootball
SERIEA,09/02/2025,Venezia FC,AS Roma,0,1,A,SERIEA,2024-25,openfootball
LALIGA,10/02/2025,RCD Mallorca,CA Osasuna,1,1,D,LALIGA,2024-25,openfootball
SERIEA,10/02/2025,FC Internazionale Milano,ACF Fiorentina,2,1,H,SERIEA,2024-25,openfootball
EPL,12/02/2025,Everton FC,Liverpool FC,2,2,D,EPL,2024-25,openfootball
BUNDESLIGA,14/02/2025,FC Augsburg,RB Leipzig,0,0,D,BUNDESLIGA,2024-25,openfootball
EPL,14/02/2025,Brighton & Hove Albion FC,Chelsea FC,3,0,H,EPL,2024-25,openfootball
LALIGA,14/02/2025,Girona FC,Getafe CF,1,2,A,LALIGA,2024-25,openfootball
SERIEA,14/02/2025,Bologna FC 1909,Torino FC,3,2,H,SERIEA,2024-25,openfootball
BUNDESLIGA,15/02/2025,1. FC Union Berlin,Borussia Mönchengladbach,1,2,A,BUNDESLIGA,2024-25,openfootball
BUNDESLIGA,15/02/2025,Bayer 04 Leverkusen,FC Bayern München,0,0,D,BUNDESLIGA,2024-25,openfootball
BUNDESLIGA,15/02/2025,FC St. Pauli 1910,SC Freiburg,0,1,A,BUNDESLIGA,2024-25,openfootball
BUNDESLIGA,15/02/2025,VfB Stuttgart,VfL Wolfsburg,1,2,A,BUNDESLIGA,2024-25,openfootball
BUNDESLIGA,15/02/2025,VfL Bochum 1848,Borussia Dortmund,2,0,H,BUNDESLIGA,2024-25,openfootball
EPL,15/02/2025,Aston Villa FC,Ipswich Town FC,1,1,D,EPL,2024-25,openfootball
EPL,15/02/2025,Crystal Palace FC,Everton FC,1,2,A,EPL,2024-25,openfootball
EPL,15/02/2025,Fulham FC,Nottingham Forest FC,2,1,H,EPL,2024-25,openfootball
EPL,15/02/2025,Leicester City FC,Arsenal FC,0,2,A,EPL,2024-25,openfootball
EPL,15/02/2025,Manchester City FC,Newcastle United FC,4,0,H,EPL,2024-25,openfootball
EPL,15/02/2025,Southampton FC,AFC Bournemouth,1,3,A,EPL,2024-25,openfootball
EPL,15/02/2025,West Ham United FC,Brentford FC,0,1,A,EPL,2024-25,openfootball
LALIGA,15/02/2025,CA Osasuna,Real Madrid CF,1,1,D,LALIGA,2024-25,openfootball
LALIGA,15/02/2025,CD Leganés,Deportivo Alavés,3,3,D,LALIGA,2024-25,openfootball
LALIGA,15/02/2025,Club Atlético de Madrid,RC Celta de Vigo,1,1,D,LALIGA,2024-25,openfootball
LALIGA,15/02/2025,Villarreal CF,Valencia CF,1,1,D,LALIGA,2024-25,openfootball
SERIEA,15/02/2025,AC Milan,Hellas Verona FC,1,0,H,SERIEA,2024-25,openfootball
SERIEA,15/02/2025,Atalanta BC,Cagliari Calcio,0,0,D,SERIEA,2024-25,openfootball
SERIEA,15/02/2025,SS Lazio,SSC Napoli,2,2,D,SERIEA,2024-25,openfootball
BUNDESLIGA,16/02/2025,1. FC Heidenheim 1846,1. FSV Mainz 05,0,2,A,BUNDESLIGA,2024-25,openfootball
BUNDESLIGA,16/02/2025,Eintracht Frankfurt,Holstein Kiel,3,1,H,BUNDESLIGA,2024-25,openfootball
BUNDESLIGA,16/02/2025,SV Werder Bremen,TSG 1899 Hoffenheim,1,3,A,BUNDESLIGA,2024-25,openfootball
EPL,16/02/2025,Liverpool FC,Wolverhampton Wanderers FC,2,1,H,EPL,2024-25,openfootball
EPL,16/02/2025,Tottenham Hotspur FC,Manchester United FC,1,0,H,EPL,2024-25,openfootball
LALIGA,16/02/2025,RCD Espanyol de Barcelona,Athletic Club,1,1,D,LALIGA,2024-25,openfootball
LALIGA,16/02/2025,RCD Mallorca,UD Las Palmas,3,1,H,LALIGA,2024-25,openfootball
LALIGA,16/02/2025,Real Betis Balompié,Real Sociedad de Fútbol,3,0,H,LALIGA,2024-25,openfootball
LALIGA,16/02/2025,Real Valladolid CF,Sevilla FC,0,4,A,LALIGA,2024-25,openfootball
SERIEA,16/02/2025,AC Monza,US Lecce,0,0,D,SERIEA,2024-25,openfootball
SERIEA,16/02/2025,ACF Fiorentina,Como 1907,0,2,A,SERIEA,2024-25,openfootball
SERIEA,16/02/2025,Juventus FC,FC Internazionale Milano,1,0,H,SERIEA,2024-25,openfootball
SERIEA,16/02/2025,Parma Calcio 1913,AS Roma,0,1,A,SERIEA,2024-25,openfootball
SERIEA,16/02/2025,Udinese Calcio,Empoli FC,3,0,H,SERIEA,2024-25,openfootball
LALIGA,17/02/2025,FC Barcelona,Rayo Vallecano de Madrid,1,0,H,LALIGA,2024-25,openfootball
SERIEA,17/02/2025,Genoa CFC,Venezia FC,2,0,H,SERIEA,2024-25,openfootball
EPL,19/02/2025,Aston Villa FC,Liverpool FC,2,2,D,EPL,2024-25,openfootball
BUNDESLIGA,21/02/2025,SC Freiburg,SV Werder Bremen,5,0,H,BUNDESLIGA,2024-25,openfootball
EPL,21/02/2025,Leicester City FC,Brentford FC,0,4,A,EPL,2024-25,openfootball
LALIGA,21/02/2025,RC Celta de Vigo,CA Osasuna,1,0,H,LALIGA,2024-25,openfootball
SERIEA,21/02/2025,US Lecce,Udinese Calcio,0,1,A,SERIEA,2024-25,openfootball
BUNDESLIGA,22/02/2025,1. FSV Mainz 05,FC St. Pauli 1910,2,0,H,BUNDESLIGA,2024-25,openfootball
BUNDESLIGA,22/02/2025,Borussia Dortmund,1. FC Union Berlin,6,0,H,BUNDESLIGA,2024-25,openfootball
BUNDESLIGA,22/02/2025,Borussia Mönchengladbach,FC Augsburg,0,3,A,BUNDESLIGA,2024-25,openfootball
BUNDESLIGA,22/02/2025,Holstein Kiel,Bayer 04 Leverkusen,0,2,A,BUNDESLIGA,2024-25,openfootball
BUNDESLIGA,22/02/2025,VfL Wolfsburg,VfL Bochum 1848,1,1,D,BUNDESLIGA,2024-25,openfootball
EPL,22/02/2025,AFC Bournemouth,Wolverhampton Wanderers FC,0,1,A,EPL,2024-25,openfootball
EPL,22/02/2025,Arsenal FC,West Ham United FC,0,1,A,EPL,2024-25,openfootball
EPL,22/02/2025,Aston Villa FC,Chelsea FC,2,1,H,EPL,2024-25,openfootball
EPL,22/02/2025,Everton FC,Manchester United FC,2,2,D,EPL,2024-25,openfootball
EPL,22/02/2025,Fulham FC,Crystal Palace FC,0,2,A,EPL,2024-25,openfootball
EPL,22/02/2025,Ipswich Town FC,Tottenham Hotspur FC,1,4,A,EPL,2024-25,openfootball
EPL,22/02/2025,Southampton FC,Brighton & Hove Albion FC,0,4,A,EPL,2024-25,openfootball
LALIGA,22/02/2025,Deportivo Alavés,RCD Espanyol de Barcelona,0,1,A,LALIGA,2024-25,openfootball
LALIGA,22/02/2025,Rayo Vallecano de Madrid,Villarreal CF,0,1,A,LALIGA,2024-25,openfootball
LALIGA,22/02/2025,UD Las Palmas,FC Barcelona,0,2,A,LALIGA,2024-25,openfootball
LALIGA,22/02/2025,Valencia CF,Club Atlético de Madrid,0,3,A,LALIGA,2024-25,openfootball
SERIEA,22/02/2025,FC Internazionale Milano,Genoa CFC,1,0,H,SERIEA,2024-25,openfootball
SERIEA,22/02/2025,Parma Calcio 1913,Bologna FC 1909,2,0,H,SERIEA,2024-25,openfootball
SERIEA,22/02/2025,Torino FC,AC Milan,2,1,H,SERIEA,2024-25,openfootball
SERIEA,22/02/2025,Venezia FC,SS Lazio,0,0,D,SERIEA,2024-25,openfootball
BUNDESLIGA,23/02/2025,FC Bayern München,Eintracht Frankfurt,4,0,H,BUNDESLIGA,2024-25,openfootball
BUNDESLIGA,23/02/2025,RB Leipzig,1. FC Heidenheim 1846,2,2,D,BUNDESLIGA,2024-25,openfootball
BUNDESLIGA,23/02/2025,TSG 1899 Hoffenheim,VfB Stuttgart,1,1,D,BUNDESLIGA,2024-25,openfootball
EPL,23/02/2025,Manchester City FC,Liverpool FC,0,2,A,EPL,2024-25,openfootball
EPL,23/02/2025,Newcastle United FC,Nottingham Forest FC,4,3,H,EPL,2024-25,openfootball
LALIGA,23/02/2025,Athletic Club,Real Valladolid CF,7,1,H,LALIGA,2024-25,openfootball
LALIGA,23/02/2025,Getafe CF,Real Betis Balompié,1,2,A,LALIGA,2024-25,openfootball
LALIGA,23/02/2025,Real Madrid CF,Girona FC,2,0,H,LALIGA,2024-25,openfootball
LALIGA,23/02/2025,Real Sociedad de Fútbol,CD Leganés,3,0,H,LALIGA,2024-25,openfootball
SERIEA,23/02/2025,Cagliari Calcio,Juventus FC,0,1,A,SERIEA,2024-25,openfootball
SERIEA,23/02/2025,Como 1907,SSC Napoli,2,1,H,SERIEA,2024-25,openfootball
SERIEA,23/02/2025,Empoli FC,Atalanta BC,0,5,A,SERIEA,2024-25,openfootball
SERIEA,23/02/2025,Hellas Verona FC,ACF Fiorentina,1,0,H,SERIEA,2024-25,openfootball
LALIGA,24/02/2025,Sevilla FC,RCD Mallorca,1,1,D,LALIGA,2024-25,openfootball
SERIEA,24/02/2025,AS Roma,AC Monza,4,0,H,SERIEA,2024-25,openfootball
EPL,25/02/2025,Brighton & Hove Albion FC,AFC Bournemouth,2,1,H,EPL,2024-25,openfootball
EPL,25/02/2025,Chelsea FC,Southampton FC,4,0,H,EPL,2024-25,openfootball
EPL,25/02/2025,Crystal Palace FC,Aston Villa FC,4,1,H,EPL,2024-25,openfootball
EPL,25/02/2025,Wolverhampton Wanderers FC,Fulham FC,1,2,A,EPL,2024-25,openfootball
EPL,26/02/2025,Brentford FC,Everton FC,1,1,D,EPL,2024-25,openfootball
EPL,26/02/2025,Liverpool FC,Newcastle United FC,2,0,H,EPL,2024-25,openfootball
EPL,26/02/2025,Manchester United FC,Ipswich Town FC,3,2,H,EPL,2024-25,openfootball
EPL,26/02/2025,Nottingham Forest FC,Arsenal FC,0,0,D,EPL,2024-25,openfootball
EPL,26/02/2025,Tottenham Hotspur FC,Manchester City FC,0,1,A,EPL,2024-25,openfootball
EPL,27/02/2025,West Ham United FC,Leicester City FC,2,0,H,EPL,2024-25,openfootball
SERIEA,27/02/2025,Bologna FC 1909,AC Milan,2,1,H,SERIEA,2024-25,openfootball
BUNDESLIGA,28/02/2025,VfB Stuttgart,FC Bayern München,1,3,A,BUNDESLIGA,2024-25,openfootball
LALIGA,28/02/2025,Real Valladolid CF,UD Las Palmas,1,1,D,LALIGA,2024-25,openfootball
SERIEA,28/02/2025,ACF Fiorentina,US Lecce,1,0,H,SERIEA,2024-25,openfootball
BUNDESLIGA,01/03/2025,1. FC Heidenheim 1846,Borussia Mönchengladbach,0,3,A,BUNDESLIGA,2024-25,openfootball
BUNDESLIGA,01/03/2025,Eintracht Frankfurt,Bayer 04 Leverkusen,1,4,A,BUNDESLIGA,2024-25,openfootball
BUNDESLIGA,01/03/2025,FC St. Pauli 1910,Borussia Dortmund,0,2,A,BUNDESLIGA,2024-25,openfootball
BUNDESLIGA,01/03/2025,RB Leipzig,1. FSV Mainz 05,1,2,A,BUNDESLIGA,2024-25,openfootball
BUNDESLIGA,01/03/2025,SV Werder Bremen,VfL Wolfsburg,1,2,A,BUNDESLIGA,2024-25,openfootball
BUNDESLIGA,01/03/2025,VfL Bochum 1848,TSG 1899 Hoffenheim,0,1,A,BUNDESLIGA,2024-25,openfootball
LALIGA,01/03/2025,Club Atlético de Madrid,Athletic Club,1,0,H,LALIGA,2024-25,openfootball
LALIGA,01/03/2025,Girona FC,RC Celta de Vigo,2,2,D,LALIGA,2024-25,openfootball
LALIGA,01/03/2025,Rayo Vallecano de Madrid,Sevilla FC,1,1,D,LALIGA,2024-25,openfootball
LALIGA,01/03/2025,Real Betis Balompié,Real Madrid CF,2,1,H,LALIGA,2024-25,openfootball
SERIEA,01/03/2025,Atalanta BC,Venezia FC,0,0,D,SERIEA,2024-25,openfootball
SERIEA,01/03/2025,SSC Napoli,FC Internazionale Milano,1,1,D,SERIEA,2024-25,openfootball
SERIEA,01/03/2025,Udinese Calcio,Parma Calcio 1913,1,0,H,SERIEA,2024-25,openfootball
BUNDESLIGA,02/03/2025,1. FC Union Berlin,Holstein Kiel,0,1,A,BUNDESLIGA,2024-25,openfootball
BUNDESLIGA,02/03/2025,FC Augsburg,SC Freiburg,0,0,D,BUNDESLIGA,2024-25,openfootball
LALIGA,02/03/2025,CA Osasuna,Valencia CF,3,3,D,LALIGA,2024-25,openfootball
LALIGA,02/03/2025,CD Leganés,Getafe CF,1,0,H,LALIGA,2024-25,openfootball
LALIGA,02/03/2025,FC Barcelona,Real Sociedad de Fútbol,4,0,H,LALIGA,2024-25,openfootball
LALIGA,02/03/2025,RCD Mallorca,Deportivo Alavés,1,1,D,LALIGA,2024-25,openfootball
SERIEA,02/03/2025,AC Milan,SS Lazio,1,2,A,SERIEA,2024-25,openfootball
SERIEA,02/03/2025,AC Monza,Torino FC,0,2,A,SERIEA,2024-25,openfootball
SERIEA,02/03/2025,AS Roma,Como 1907,2,1,H,SERIEA,2024-25,openfootball
SERIEA,02/03/2025,Bologna FC 1909,Cagliari Calcio,2,1,H,SERIEA,2024-25,openfootball
SERIEA,02/03/2025,Genoa CFC,Empoli FC,1,1,D,SERIEA,2024-25,openfootball
SERIEA,03/03/2025,Juventus FC,Hellas Verona FC,2,0,H,SERIEA,2024-25,openfootball
BUNDESLIGA,07/03/2025,Borussia Mönchengladbach,1. FSV Mainz 05,1,3,A,BUNDESLIGA,2024-25,openfootball
SERIEA,07/03/2025,Cagliari Calcio,Genoa CFC,1,1,D,SERIEA,2024-25,openfootball
BUNDESLIGA,08/03/2025,Bayer 04 Leverkusen,SV Werder Bremen,0,2,A,BUNDESLIGA,2024-25,openfootball
BUNDESLIGA,08/03/2025,Borussia Dortmund,FC Augsburg,0,1,A,BUNDESLIGA,2024-25,openfootball
BUNDESLIGA,08/03/2025,FC Bayern München,VfL Bochum 1848,2,3,A,BUNDESLIGA,2024-25,openfootball
BUNDESLIGA,08/03/2025,Holstein Kiel,VfB Stuttgart,2,2,D,BUNDESLIGA,2024-25,openfootball
BUNDESLIGA,08/03/2025,SC Freiburg,RB Leipzig,0,0,D,BUNDESLIGA,2024-25,openfootball
BUNDESLIGA,08/03/2025,VfL Wolfsburg,FC St. Pauli 1910,1,1,D,BUNDESLIGA,2024-25,openfootball
EPL,08/03/2025,Brentford FC,Aston Villa FC,0,1,A,EPL,2024-25,openfootball
EPL,08/03/2025,Brighton & Hove Albion FC,Fulham FC,2,1,H,EPL,2024-25,openfootball
EPL,08/03/2025,Crystal Palace FC,Ipswich Town FC,1,0,H,EPL,2024-25,openfootball
EPL,08/03/2025,Liverpool FC,Southampton FC,3,1,H,EPL,2024-25,openfootball
EPL,08/03/2025,Nottingham Forest FC,Manchester City FC,1,0,H,EPL,2024-25,openfootball
EPL,08/03/2025,Wolverhampton Wanderers FC,Everton FC,1,1,D,EPL,2024-25,openfootball
LALIGA,08/03/2025,Deportivo Alavés,Villarreal CF,1,0,H,LALIGA,2024-25,openfootball
LALIGA,08/03/2025,RC Celta de Vigo,CD Leganés,2,1,H,LALIGA,2024-25,openfootball
LALIGA,08/03/2025,Valencia CF,Real Valladolid CF,2,1,H,LALIGA,2024-25,openfootball
SERIEA,08/03/2025,Como 1907,Venezia FC,1,1,D,SERIEA,2024-25,openfootball
SERIEA,08/03/2025,FC Internazionale Milano,AC Monza,3,2,H,SERIEA,2024-25,openfootball
SERIEA,08/03/2025,Parma Calcio 1913,Torino FC,2,2,D,SERIEA,2024-25,openfootball
SERIEA,08/03/2025,US Lecce,AC Milan,2,3,A,SERIEA,2024-25,openfootball
BUNDESLIGA,09/03/2025,Eintracht Frankfurt,1. FC Union Berlin,1,2,A,BUNDESLIGA,2024-25,openfootball
BUNDESLIGA,09/03/2025,TSG 1899 Hoffenheim,1. FC Heidenheim 1846,1,1,D,BUNDESLIGA,2024-25,openfootball
EPL,09/03/2025,Chelsea FC,Leicester City FC,1,0,H,EPL,2024-25,openfootball
EPL,09/03/2025,Manchester United FC,Arsenal FC,1,1,D,EPL,2024-25,openfootball
EPL,09/03/2025,Tottenham Hotspur FC,AFC Bournemouth,2,2,D,EPL,2024-25,openfootball
LALIGA,09/03/2025,Athletic Club,RCD Mallorca,1,1,D,LALIGA,2024-25,openfootball
LALIGA,09/03/2025,Getafe CF,Club Atlético de Madrid,2,1,H,LALIGA,2024-25,openfootball
LALIGA,09/03/2025,Real Betis Balompié,UD Las Palmas,1,0,H,LALIGA,2024-25,openfootball
LALIGA,09/03/2025,Real Madrid CF,Rayo Vallecano de Madrid,2,1,H,LALIGA,2024-25,openfootball
LALIGA,09/03/2025,Real Sociedad de Fútbol,Sevilla FC,0,1,A,LALIGA,2024-25,openfootball
SERIEA,09/03/2025,Empoli FC,AS Roma,0,1,A,SERIEA,2024-25,openfootball
SERIEA,09/03/2025,Hellas Verona FC,Bologna FC 1909,1,2,A,SERIEA,2024-25,openfootball
SERIEA,09/03/2025,Juventus FC,Atalanta BC,0,4,A,SERIEA,2024-25,openfootball
SERIEA,09/03/2025,SSC Napoli,ACF Fiorentina,2,1,H,SERIEA,2024-25,openfootball
EPL,10/03/2025,West Ham United FC,Newcastle United FC,0,1,A,EPL,2024-25,openfootball
LALIGA,10/03/2025,RCD Espanyol de Barcelona,Girona FC,1,1,D,LALIGA,2024-25,openfootball
SERIEA,10/03/2025,SS Lazio,Udinese Calcio,1,1,D,SERIEA,2024-25,openfootball
BUNDESLIGA,14/03/2025,FC St. Pauli 1910,TSG 1899 Hoffenheim,1,0,H,BUNDESLIGA,2024-25,openfootball
LALIGA,14/03/2025,UD Las Palmas,Deportivo Alavés,2,2,D,LALIGA,2024-25,openfootball
SERIEA,14/03/2025,Genoa CFC,US Lecce,2,1,H,SERIEA,2024-25,openfootball
BUNDESLIGA,15/03/2025,1. FC Union Berlin,FC Bayern München,1,1,D,BUNDESLIGA,2024-25,openfootball
BUNDESLIGA,15/03/2025,1. FSV Mainz 05,SC Freiburg,2,2,D,BUNDESLIGA,2024-25,openfootball
BUNDESLIGA,15/03/2025,FC Augsburg,VfL Wolfsburg,1,0,H,BUNDESLIGA,2024-25,openfootball
BUNDESLIGA,15/03/2025,RB Leipzig,Borussia Dortmund,2,0,H,BUNDESLIGA,2024-25,openfootball
BUNDESLIGA,15/03/2025,SV Werder Bremen,Borussia Mönchengladbach,2,4,A,BUNDESLIGA,2024-25,openfootball
EPL,15/03/2025,AFC Bournemouth,Brentford FC,1,2,A,EPL,2024-25,openfootball
EPL,15/03/2025,Everton FC,West Ham United FC,1,1,D,EPL,2024-25,openfootball
EPL,15/03/2025,Ipswich Town FC,Nottingham Forest FC,2,4,A,EPL,2024-25,openfootball
EPL,15/03/2025,Manchester City FC,Brighton & Hove Albion FC,2,2,D,EPL,2024-25,openfootball
EPL,15/03/2025,Southampton FC,Wolverhampton Wanderers FC,1,2,A,EPL,2024-25,openfootball
LALIGA,15/03/2025,Girona FC,Valencia CF,1,1,D,LALIGA,2024-25,openfootball
LALIGA,15/03/2025,RCD Mallorca,RCD Espanyol de Barcelona,2,1,H,LALIGA,2024-25,openfootball
LALIGA,15/03/2025,Real Valladolid CF,RC Celta de Vigo,0,1,A,LALIGA,2024-25,openfootball
LALIGA,15/03/2025,Villarreal CF,Real Madrid CF,1,2,A,LALIGA,2024-25,openfootball
SERIEA,15/03/2025,AC Milan,Como 1907,2,1,H,SERIEA,2024-25,openfootball
SERIEA,15/03/2025,AC Monza,Parma Calcio 1913,1,1,D,SERIEA,2024-25,openfootball
SERIEA,15/03/2025,Torino FC,Empoli FC,1,0,H,SERIEA,2024-25,openfootball
SERIEA,15/03/2025,Udinese Calcio,Hellas Verona FC,0,1,A,SERIEA,2024-25,openfootball
BUNDESLIGA,16/03/2025,1. FC Heidenheim 1846,Holstein Kiel,3,1,H,BUNDESLIGA,2024-25,openfootball
BUNDESLIGA,16/03/2025,VfB Stuttgart,Bayer 04 Leverkusen,3,4,A,BUNDESLIGA,2024-25,openfootball
BUNDESLIGA,16/03/2025,VfL Bochum 1848,Eintracht Frankfurt,1,3,A,BUNDESLIGA,2024-25,openfootball
EPL,16/03/2025,Arsenal FC,Chelsea FC,1,0,H,EPL,2024-25,openfootball
EPL,16/03/2025,Fulham FC,Tottenham Hotspur FC,2,0,H,EPL,2024-25,openfootball
EPL,16/03/2025,Leicester City FC,Manchester United FC,0,3,A,EPL,2024-25,openfootball
LALIGA,16/03/2025,CA Osasuna,Getafe CF,1,2,A,LALIGA,2024-25,openfootball
LALIGA,16/03/2025,CD Leganés,Real Betis Balompié,2,3,A,LALIGA,2024-25,openfootball
LALIGA,16/03/2025,Club Atlético de Madrid,FC Barcelona,2,4,A,LALIGA,2024-25,openfootball
LALIGA,16/03/2025,Rayo Vallecano de Madrid,Real Sociedad de Fútbol,2,2,D,LALIGA,2024-25,openfootball
LALIGA,16/03/2025,Sevilla FC,Athletic Club,0,1,A,LALIGA,2024-25,openfootball
SERIEA,16/03/2025,ACF Fiorentina,Juventus FC,3,0,H,SERIEA,2024-25,openfootball
SERIEA,16/03/2025,AS Roma,Cagliari Calcio,1,0,H,SERIEA,2024-25,openfootball
SERIEA,16/03/2025,Atalanta BC,FC Internazionale Milano,0,2,A,SERIEA,2024-25,openfootball
SERIEA,16/03/2025,Bologna FC 1909,SS Lazio,5,0,H,SERIEA,2024-25,openfootball
SERIEA,16/03/2025,Venezia FC,SSC Napoli,0,0,D,SERIEA,2024-25,openfootball
LALIGA,27/03/2025,FC Barcelona,CA Osasuna,3,0,H,LALIGA,2024-25,openfootball
BUNDESLIGA,28/03/2025,Bayer 04 Leverkusen,VfL Bochum 1848,3,1,H,BUNDESLIGA,2024-25,openfootball
BUNDESLIGA,29/03/2025,Borussia Mönchengladbach,RB Leipzig,1,0,H,BUNDESLIGA,2024-25,openfootball
BUNDESLIGA,29/03/2025,Eintracht Frankfurt,VfB Stuttgart,1,0,H,BUNDESLIGA,2024-25,openfootball
BUNDESLIGA,29/03/2025,FC Bayern München,FC St. Pauli 1910,3,2,H,BUNDESLIGA,2024-25,openfootball
BUNDESLIGA,29/03/2025,Holstein Kiel,SV Werder Bremen,0,3,A,BUNDESLIGA,2024-25,openfootball
BUNDESLIGA,29/03/2025,TSG 1899 Hoffenheim,FC Augsburg,1,1,D,BUNDESLIGA,2024-25,openfootball
BUNDESLIGA,29/03/2025,VfL Wolfsburg,1. FC Heidenheim 1846,0,1,A,BUNDESLIGA,2024-25,openfootball
LALIGA,29/03/2025,Deportivo Alavés,Rayo Vallecano de Madrid,0,2,A,LALIGA,2024-25,openfootball
LALIGA,29/03/2025,RCD Espanyol de Barcelona,Club Atlético de Madrid,1,1,D,LALIGA,2024-25,openfootball
LALIGA,29/03/2025,Real Madrid CF,CD Leganés,3,2,H,LALIGA,2024-25,openfootball
LALIGA,29/03/2025,Real Sociedad de Fútbol,Real Valladolid CF,2,1,H,LALIGA,2024-25,openfootball
SERIEA,29/03/2025,Como 1907,Empoli FC,1,1,D,SERIEA,2024-25,openfootball
SERIEA,29/03/2025,Juventus FC,Genoa CFC,1,0,H,SERIEA,2024-25,openfootball
SERIEA,29/03/2025,US Lecce,AS Roma,0,1,A,SERIEA,2024-25,openfootball
SERIEA,29/03/2025,Venezia FC,Bologna FC 1909,0,1,A,SERIEA,2024-25,openfootball
BUNDESLIGA,30/03/2025,Borussia Dortmund,1. FSV Mainz 05,3,1,H,BUNDESLIGA,2024-25,openfootball
BUNDESLIGA,30/03/2025,SC Freiburg,1. FC Union Berlin,1,2,A,BUNDESLIGA,2024-25,openfootball
LALIGA,30/03/2025,Athletic Club,CA Osasuna,0,0,D,LALIGA,2024-25,openfootball
LALIGA,30/03/2025,FC Barcelona,Girona FC,4,1,H,LALIGA,2024-25,openfootball
LALIGA,30/03/2025,Getafe CF,Villarreal CF,1,2,A,LALIGA,2024-25,openfootball
LALIGA,30/03/2025,Real Betis Balompié,Sevilla FC,2,1,H,LALIGA,2024-25,openfootball
LALIGA,30/03/2025,Valencia CF,RCD Mallorca,1,0,H,LALIGA,2024-25,openfootball
SERIEA,30/03/2025,ACF Fiorentina,Atalanta BC,1,0,H,SERIEA,2024-25,openfootball
SERIEA,30/03/2025,Cagliari Calcio,AC Monza,3,0,H,SERIEA,2024-25,openfootball
SERIEA,30/03/2025,FC Internazionale Milano,Udinese Calcio,2,1,H,SERIEA,2024-25,openfootball
SERIEA,30/03/2025,SSC Napoli,AC Milan,2,1,H,SERIEA,2024-25,openfootball
LALIGA,31/03/2025,RC Celta de Vigo,UD Las Palmas,1,1,D,LALIGA,2024-25,openfootball
SERIEA,31/03/2025,Hellas Verona FC,Parma Calcio 1913,0,0,D,SERIEA,2024-25,openfootball
SERIEA,31/03/2025,SS Lazio,Torino FC,1,1,D,SERIEA,2024-25,openfootball
EPL,01/04/2025,Arsenal FC,Fulham FC,2,1,H,EPL,2024-25,openfootball
EPL,01/04/2025,Nottingham Forest FC,Manchester United FC,1,0,H,EPL,2024-25,openfootball
EPL,01/04/2025,Wolverhampton Wanderers FC,West Ham United FC,1,0,H,EPL,2024-25,openfootball
EPL,02/04/2025,AFC Bournemouth,Ipswich Town FC,1,2,A,EPL,2024-25,openfootball
EPL,02/04/2025,Brighton & Hove Albion FC,Aston Villa FC,0,3,A,EPL,2024-25,openfootball
EPL,02/04/2025,Liverpool FC,Everton FC,1,0,H,EPL,2024-25,openfootball
EPL,02/04/2025,Manchester City FC,Leicester City FC,2,0,H,EPL,2024-25,openfootball
EPL,02/04/2025,Newcastle United FC,Brentford FC,2,1,H,EPL,2024-25,openfootball
EPL,02/04/2025,Southampton FC,Crystal Palace FC,1,1,D,EPL,2024-25,openfootball
EPL,03/04/2025,Chelsea FC,Tottenham Hotspur FC,1,0,H,EPL,2024-25,openfootball
BUNDESLIGA,04/04/2025,FC Augsburg,FC Bayern München,1,3,A,BUNDESLIGA,2024-25,openfootball
LALIGA,04/04/2025,Rayo Vallecano de Madrid,RCD Espanyol de Barcelona,0,4,A,LALIGA,2024-25,openfootball
SERIEA,04/04/2025,Genoa CFC,Udinese Calcio,1,0,H,SERIEA,2024-25,openfootball
BUNDESLIGA,05/04/2025,1. FC Heidenheim 1846,Bayer 04 Leverkusen,0,1,A,BUNDESLIGA,2024-25,openfootball
BUNDESLIGA,05/04/2025,1. FSV Mainz 05,Holstein Kiel,1,1,D,BUNDESLIGA,2024-25,openfootball
BUNDESLIGA,05/04/2025,RB Leipzig,TSG 1899 Hoffenheim,3,1,H,BUNDESLIGA,2024-25,openfootball
BUNDESLIGA,05/04/2025,SC Freiburg,Borussia Dortmund,1,4,A,BUNDESLIGA,2024-25,openfootball
BUNDESLIGA,05/04/2025,SV Werder Bremen,Eintracht Frankfurt,2,0,H,BUNDESLIGA,2024-25,openfootball
BUNDESLIGA,05/04/2025,VfL Bochum 1848,VfB Stuttgart,0,4,A,BUNDESLIGA,2024-25,openfootball
EPL,05/04/2025,Aston Villa FC,Nottingham Forest FC,2,1,H,EPL,2024-25,openfootball
EPL,05/04/2025,Crystal Palace FC,Brighton & Hove Albion FC,2,1,H,EPL,2024-25,openfootball
EPL,05/04/2025,Everton FC,Arsenal FC,1,1,D,EPL,2024-25,openfootball
EPL,05/04/2025,Ipswich Town FC,Wolverhampton Wanderers FC,1,2,A,EPL,2024-25,openfootball
EPL,05/04/2025,West Ham United FC,AFC Bournemouth,2,2,D,EPL,2024-25,openfootball
LALIGA,05/04/2025,FC Barcelona,Real Betis Balompié,1,1,D,LALIGA,2024-25,openfootball
LALIGA,05/04/2025,Girona FC,Deportivo Alavés,0,1,A,LALIGA,2024-25,openfootball
LALIGA,05/04/2025,RCD Mallorca,RC Celta de Vigo,1,2,A,LALIGA,2024-25,openfootball
LALIGA,05/04/2025,Real Madrid CF,Valencia CF,1,2,A,LALIGA,2024-25,openfootball
SERIEA,05/04/2025,AC Milan,ACF Fiorentina,2,2,D,SERIEA,2024-25,openfootball
SERIEA,05/04/2025,AC Monza,Como 1907,1,3,A,SERIEA,2024-25,openfootball
SERIEA,05/04/2025,Parma Calcio 1913,FC Internazionale Milano,2,2,D,SERIEA,2024-25,openfootball
BUNDESLIGA,06/04/2025,1. FC Union Berlin,VfL Wolfsburg,1,0,H,BUNDESLIGA,2024-25,openfootball
BUNDESLIGA,06/04/2025,FC St. Pauli 1910,Borussia Mönchengladbach,1,1,D,BUNDESLIGA,2024-25,openfootball
EPL,06/04/2025,Brentford FC,Chelsea FC,0,0,D,EPL,2024-25,openfootball
EPL,06/04/2025,Fulham FC,Liverpool FC,3,2,H,EPL,2024-25,openfootball
EPL,06/04/2025,Manchester United FC,Manchester City FC,0,0,D,EPL,2024-25,openfootball
EPL,06/04/2025,Tottenham Hotspur FC,Southampton FC,3,1,H,EPL,2024-25,openfootball
LALIGA,06/04/2025,Real Valladolid CF,Getafe CF,0,4,A,LALIGA,2024-25,openfootball
LALIGA,06/04/2025,Sevilla FC,Club Atlético de Madrid,1,2,A,LALIGA,2024-25,openfootball
LALIGA,06/04/2025,UD Las Palmas,Real Sociedad de Fútbol,1,3,A,LALIGA,2024-25,openfootball
LALIGA,06/04/2025,Villarreal CF,Athletic Club,0,0,D,LALIGA,2024-25,openfootball
SERIEA,06/04/2025,AS Roma,Juventus FC,1,1,D,SERIEA,2024-25,openfootball
SERIEA,06/04/2025,Atalanta BC,SS Lazio,0,1,A,SERIEA,2024-25,openfootball
SERIEA,06/04/2025,Empoli FC,Cagliari Calcio,0,0,D,SERIEA,2024-25,openfootball
SERIEA,06/04/2025,Torino FC,Hellas Verona FC,1,1,D,SERIEA,2024-25,openfootball
SERIEA,06/04/2025,US Lecce,Venezia FC,1,1,D,SERIEA,2024-25,openfootball
EPL,07/04/2025,Leicester City FC,Newcastle United FC,0,3,A,EPL,2024-25,openfootball
LALIGA,07/04/2025,CD Leganés,CA Osasuna,1,1,D,LALIGA,2024-25,openfootball
SERIEA,07/04/2025,Bologna FC 1909,SSC Napoli,1,1,D,SERIEA,2024-25,openfootball
BUNDESLIGA,11/04/2025,VfL Wolfsburg,RB Leipzig,2,3,A,BUNDESLIGA,2024-25,openfootball
LALIGA,11/04/2025,Valencia CF,Sevilla FC,1,0,H,LALIGA,2024-25,openfootball
SERIEA,11/04/2025,Udinese Calcio,AC Milan,0,4,A,SERIEA,2024-25,openfootball
BUNDESLIGA,12/04/2025,Bayer 04 Leverkusen,1. FC Union Berlin,0,0,D,BUNDESLIGA,2024-25,openfootball
BUNDESLIGA,12/04/2025,Borussia Mönchengladbach,SC Freiburg,1,2,A,BUNDESLIGA,2024-25,openfootball
BUNDESLIGA,12/04/2025,FC Bayern München,Borussia Dortmund,2,2,D,BUNDESLIGA,2024-25,openfootball
BUNDESLIGA,12/04/2025,Holstein Kiel,FC St. Pauli 1910,1,2,A,BUNDESLIGA,2024-25,openfootball
BUNDESLIGA,12/04/2025,TSG 1899 Hoffenheim,1. FSV Mainz 05,2,0,H,BUNDESLIGA,2024-25,openfootball
BUNDESLIGA,12/04/2025,VfL Bochum 1848,FC Augsburg,1,2,A,BUNDESLIGA,2024-25,openfootball
EPL,12/04/2025,Arsenal FC,Brentford FC,1,1,D,EPL,2024-25,openfootball
EPL,12/04/2025,Brighton & Hove Albion FC,Leicester City FC,2,2,D,EPL,2024-25,openfootball
EPL,12/04/2025,Manchester City FC,Crystal Palace FC,5,2,H,EPL,2024-25,openfootball
EPL,12/04/2025,Nottingham Forest FC,Everton FC,0,1,A,EPL,2024-25,openfootball
EPL,12/04/2025,Southampton FC,Aston Villa FC,0,3,A,EPL,2024-25,openfootball
LALIGA,12/04/2025,CD Leganés,FC Barcelona,0,1,A,LALIGA,2024-25,openfootball
LALIGA,12/04/2025,Getafe CF,UD Las Palmas,1,3,A,LALIGA,2024-25,openfootball
LALIGA,12/04/2025,RC Celta de Vigo,RCD Espanyol de Barcelona,0,2,A,LALIGA,2024-25,openfootball
LALIGA,12/04/2025,Real Sociedad de Fútbol,RCD Mallorca,0,2,A,LALIGA,2024-25,openfootball
SERIEA,12/04/2025,FC Internazionale Milano,Cagliari Calcio,3,1,H,SERIEA,2024-25,openfootball
SERIEA,12/04/2025,Juventus FC,US Lecce,2,1,H,SERIEA,2024-25,openfootball
SERIEA,12/04/2025,Venezia FC,AC Monza,1,0,H,SERIEA,2024-25,openfootball
BUNDESLIGA,13/04/2025,Eintracht Frankfurt,1. FC Heidenheim 1846,3,0,H,BUNDESLIGA,2024-25,openfootball
BUNDESLIGA,13/04/2025,VfB Stuttgart,SV Werder Bremen,1,2,A,BUNDESLIGA,2024-25,openfootball
EPL,13/04/2025,Chelsea FC,Ipswich Town FC,2,2,D,EPL,2024-25,openfootball
EPL,13/04/2025,Liverpool FC,West Ham United FC,2,1,H,EPL,2024-25,openfootball
EPL,13/04/2025,Newcastle United FC,Manchester United FC,4,1,H,EPL,2024-25,openfootball
EPL,13/04/2025,Wolverhampton Wanderers FC,Tottenham Hotspur FC,4,2,H,EPL,2024-25,openfootball
LALIGA,13/04/2025,Athletic Club,Rayo Vallecano de Madrid,3,1,H,LALIGA,2024-25,openfootball
LALIGA,13/04/2025,CA Osasuna,Girona FC,2,1,H,LALIGA,2024-25,openfootball
LALIGA,13/04/2025,Deportivo Alavés,Real Madrid CF,0,1,A,LALIGA,2024-25,openfootball
LALIGA,13/04/2025,Real Betis Balompié,Villarreal CF,1,2,A,LALIGA,2024-25,openfootball
SERIEA,13/04/2025,ACF Fiorentina,Parma Calcio 1913,0,0,D,SERIEA,2024-25,openfootball
SERIEA,13/04/2025,Atalanta BC,Bologna FC 1909,2,0,H,SERIEA,2024-25,openfootball
SERIEA,13/04/2025,Como 1907,Torino FC,1,0,H,SERIEA,2024-25,openfootball
SERIEA,13/04/2025,Hellas Verona FC,Genoa CFC,0,0,D,SERIEA,2024-25,openfootball
SERIEA,13/04/2025,SS Lazio,AS Roma,1,1,D,SERIEA,2024-25,openfootball
EPL,14/04/2025,AFC Bournemouth,Fulham FC,1,0,H,EPL,2024-25,openfootball
LALIGA,14/04/2025,Club Atlético de Madrid,Real Valladolid CF,4,2,H,LALIGA,2024-25,openfootball
SERIEA,14/04/2025,SSC Napoli,Empoli FC,3,0,H,SERIEA,2024-25,openfootball
EPL,16/04/2025,Newcastle United FC,Crystal Palace FC,5,0,H,EPL,2024-25,openfootball
LALIGA,18/04/2025,RCD Espanyol de Barcelona,Getafe CF,1,0,H,LALIGA,2024-25,openfootball
BUNDESLIGA,19/04/2025,1. FC Heidenheim 1846,FC Bayern München,0,4,A,BUNDESLIGA,2024-25,openfootball
BUNDESLIGA,19/04/2025,1. FC Union Berlin,VfB Stuttgart,4,4,D,BUNDESLIGA,2024-25,openfootball
BUNDESLIGA,19/04/2025,1. FSV Mainz 05,VfL Wolfsburg,2,2,D,BUNDESLIGA,2024-25,openfootball
BUNDESLIGA,19/04/2025,RB Leipzig,Holstein Kiel,1,1,D,BUNDESLIGA,2024-25,openfootball
BUNDESLIGA,19/04/2025,SC Freiburg,TSG 1899 Hoffenheim,3,2,H,BUNDESLIGA,2024-25,openfootball
BUNDESLIGA,19/04/2025,SV Werder Bremen,VfL Bochum 1848,1,0,H,BUNDESLIGA,2024-25,openfootball
EPL,19/04/2025,Aston Villa FC,Newcastle United FC,4,1,H,EPL,2024-25,openfootball
EPL,19/04/2025,Brentford FC,Brighton & Hove Albion FC,4,2,H,EPL,2024-25,openfootball
EPL,19/04/2025,Crystal Palace FC,AFC Bournemouth,0,0,D,EPL,2024-25,openfootball
EPL,19/04/2025,Everton FC,Manchester City FC,0,2,A,EPL,2024-25,openfootball
EPL,19/04/2025,West Ham United FC,Southampton FC,1,1,D,EPL,2024-25,openfootball
LALIGA,19/04/2025,FC Barcelona,RC Celta de Vigo,4,3,H,LALIGA,2024-25,openfootball
LALIGA,19/04/2025,RCD Mallorca,CD Leganés,0,0,D,LALIGA,2024-25,openfootball
LALIGA,19/04/2025,Rayo Vallecano de Madrid,Valencia CF,1,1,D,LALIGA,2024-25,openfootball
LALIGA,19/04/2025,UD Las Palmas,Club Atlético de Madrid,1,0,H,LALIGA,2024-25,openfootball
SERIEA,19/04/2025,AC Monza,SSC Napoli,0,1,A,SERIEA,2024-25,openfootball
SERIEA,19/04/2025,AS Roma,Hellas Verona FC,1,0,H,SERIEA,2024-25,openfootball
SERIEA,19/04/2025,US Lecce,Como 1907,0,3,A,SERIEA,2024-25,openfootball
BUNDESLIGA,20/04/2025,Borussia Dortmund,Borussia Mönchengladbach,3,2,H,BUNDESLIGA,2024-25,openfootball
BUNDESLIGA,20/04/2025,FC Augsburg,Eintracht Frankfurt,0,0,D,BUNDESLIGA,2024-25,openfootball
BUNDESLIGA,20/04/2025,FC St. Pauli 1910,Bayer 04 Leverkusen,1,1,D,BUNDESLIGA,2024-25,openfootball
EPL,20/04/2025,Fulham FC,Chelsea FC,1,2,A,EPL,2024-25,openfootball
EPL,20/04/2025,Ipswich Town FC,Arsenal FC,0,4,A,EPL,2024-25,openfootball
EPL,20/04/2025,Leicester City FC,Liverpool FC,0,1,A,EPL,2024-25,openfootball
EPL,20/04/2025,Manchester United FC,Wolverhampton Wanderers FC,0,1,A,EPL,2024-25,openfootball
LALIGA,20/04/2025,Real Madrid CF,Athletic Club,1,0,H,LALIGA,2024-25,openfootball
LALIGA,20/04/2025,Real Valladolid CF,CA Osasuna,2,3,A,LALIGA,2024-25,openfootball
LALIGA,20/04/2025,Sevilla FC,Deportivo Alavés,1,1,D,LALIGA,2024-25,openfootball
LALIGA,20/04/2025,Villarreal CF,Real Sociedad de Fútbol,2,2,D,LALIGA,2024-25,openfootball
SERIEA,20/04/2025,AC Milan,Atalanta BC,0,1,A,SERIEA,2024-25,openfootball
SERIEA,20/04/2025,Bologna FC 1909,FC Internazionale Milano,1,0,H,SERIEA,2024-25,openfootball
SERIEA,20/04/2025,Empoli FC,Venezia FC,2,2,D,SERIEA,2024-25,openfootball
EPL,21/04/2025,Tottenham Hotspur FC,Nottingham Forest FC,1,2,A,EPL,2024-25,openfootball
LALIGA,21/04/2025,Girona FC,Real Betis Balompié,1,3,A,LALIGA,2024-25,openfootball
EPL,22/04/2025,Manchester City FC,Aston Villa FC,2,1,H,EPL,2024-25,openfootball
LALIGA,22/04/2025,FC Barcelona,RCD Mallorca,1,0,H,LALIGA,2024-25,openfootball
LALIGA,22/04/2025,Valencia CF,RCD Espanyol de Barcelona,1,1,D,LALIGA,2024-25,openfootball
EPL,23/04/2025,Arsenal FC,Crystal Palace FC,2,2,D,EPL,2024-25,openfootball
LALIGA,23/04/2025,Athletic Club,UD Las Palmas,1,0,H,LALIGA,2024-25,openfootball
LALIGA,23/04/2025,Deportivo Alavés,Real Sociedad de Fútbol,1,0,H,LALIGA,2024-25,openfootball
LALIGA,23/04/2025,Getafe CF,Real Madrid CF,0,1,A,LALIGA,2024-25,openfootball
LALIGA,23/04/2025,RC Celta de Vigo,Villarreal CF,3,0,H,LALIGA,2024-25,openfootball
SERIEA,23/04/2025,Cagliari Calcio,ACF Fiorentina,1,2,A,SERIEA,2024-25,openfootball
SERIEA,23/04/2025,Genoa CFC,SS Lazio,0,2,A,SERIEA,2024-25,openfootball
SERIEA,23/04/2025,Parma Calcio 1913,Juventus FC,1,0,H,SERIEA,2024-25,openfootball
SERIEA,23/04/2025,Torino FC,Udinese Calcio,2,0,H,SERIEA,2024-25,openfootball
LALIGA,24/04/2025,CA Osasuna,Sevilla FC,1,0,H,LALIGA,2024-25,openfootball
LALIGA,24/04/2025,CD Leganés,Girona FC,1,1,D,LALIGA,2024-25,openfootball
LALIGA,24/04/2025,Club Atlético de Madrid,Rayo Vallecano de Madrid,3,0,H,LALIGA,2024-25,openfootball
LALIGA,24/04/2025,Real Betis Balompié,Real Valladolid CF,5,1,H,LALIGA,2024-25,openfootball
BUNDESLIGA,25/04/2025,VfB Stuttgart,1. FC Heidenheim 1846,0,1,A,BUNDESLIGA,2024-25,openfootball
BUNDESLIGA,26/04/2025,Bayer 04 Leverkusen,FC Augsburg,2,0,H,BUNDESLIGA,2024-25,openfootball
BUNDESLIGA,26/04/2025,Eintracht Frankfurt,RB Leipzig,4,0,H,BUNDESLIGA,2024-25,openfootball
BUNDESLIGA,26/04/2025,FC Bayern München,1. FSV Mainz 05,3,0,H,BUNDESLIGA,2024-25,openfootball
BUNDESLIGA,26/04/2025,Holstein Kiel,Borussia Mönchengladbach,4,3,H,BUNDESLIGA,2024-25,openfootball
BUNDESLIGA,26/04/2025,TSG 1899 Hoffenheim,Borussia Dortmund,2,3,A,BUNDESLIGA,2024-25,openfootball
BUNDESLIGA,26/04/2025,VfL Wolfsburg,SC Freiburg,0,1,A,BUNDESLIGA,2024-25,openfootball
EPL,26/04/2025,Brighton & Hove Albion FC,West Ham United FC,3,2,H,EPL,2024-25,openfootball
EPL,26/04/2025,Chelsea FC,Everton FC,1,0,H,EPL,2024-25,openfootball
EPL,26/04/2025,Newcastle United FC,Ipswich Town FC,3,0,H,EPL,2024-25,openfootball
EPL,26/04/2025,Southampton FC,Fulham FC,1,2,A,EPL,2024-25,openfootball
EPL,26/04/2025,Wolverhampton Wanderers FC,Leicester City FC,3,0,H,EPL,2024-25,openfootball
BUNDESLIGA,27/04/2025,SV Werder Bremen,FC St. Pauli 1910,0,0,D,BUNDESLIGA,2024-25,openfootball
BUNDESLIGA,27/04/2025,VfL Bochum 1848,1. FC Union Berlin,1,1,D,BUNDESLIGA,2024-25,openfootball
EPL,27/04/2025,AFC Bournemouth,Manchester United FC,1,1,D,EPL,2024-25,openfootball
EPL,27/04/2025,Liverpool FC,Tottenham Hotspur FC,5,1,H,EPL,2024-25,openfootball
LALIGA,27/04/2025,Villarreal CF,RCD Espanyol de Barcelona,1,0,H,LALIGA,2024-25,openfootball
SERIEA,27/04/2025,ACF Fiorentina,Empoli FC,2,1,H,SERIEA,2024-25,openfootball
SERIEA,27/04/2025,Atalanta BC,US Lecce,1,1,D,SERIEA,2024-25,openfootball
SERIEA,27/04/2025,Como 1907,Genoa CFC,1,0,H,SERIEA,2024-25,openfootball
SERIEA,27/04/2025,FC Internazionale Milano,AS Roma,0,1,A,SERIEA,2024-25,openfootball
SERIEA,27/04/2025,Juventus FC,AC Monza,2,0,H,SERIEA,2024-25,openfootball
SERIEA,27/04/2025,SSC Napoli,Torino FC,2,0,H,SERIEA,2024-25,openfootball
SERIEA,27/04/2025,Venezia FC,AC Milan,0,2,A,SERIEA,2024-25,openfootball
SERIEA,28/04/2025,Hellas Verona FC,Cagliari Calcio,0,2,A,SERIEA,2024-25,openfootball
SERIEA,28/04/2025,SS Lazio,Parma Calcio 1913,2,2,D,SERIEA,2024-25,openfootball
SERIEA,28/04/2025,Udinese Calcio,Bologna FC 1909,0,0,D,SERIEA,2024-25,openfootball
EPL,01/05/2025,Nottingham Forest FC,Brentford FC,0,2,A,EPL,2024-25,openfootball
BUNDESLIGA,02/05/2025,1. FC Heidenheim 1846,VfL Bochum 1848,0,0,D,BUNDESLIGA,2024-25,openfootball
EPL,02/05/2025,Manchester City FC,Wolverhampton Wanderers FC,1,0,H,EPL,2024-25,openfootball
LALIGA,02/05/2025,Rayo Vallecano de Madrid,Getafe CF,1,0,H,LALIGA,2024-25,openfootball
SERIEA,02/05/2025,Torino FC,Venezia FC,1,1,D,SERIEA,2024-25,openfootball
BUNDESLIGA,03/05/2025,1. FC Union Berlin,SV Werder Bremen,2,2,D,BUNDESLIGA,2024-25,openfootball
BUNDESLIGA,03/05/2025,Borussia Dortmund,VfL Wolfsburg,4,0,H,BUNDESLIGA,2024-25,openfootball
BUNDESLIGA,03/05/2025,Borussia Mönchengladbach,TSG 1899 Hoffenheim,4,4,D,BUNDESLIGA,2024-25,openfootball
BUNDESLIGA,03/05/2025,FC St. Pauli 1910,VfB Stuttgart,0,1,A,BUNDESLIGA,2024-25,openfootball
BUNDESLIGA,03/05/2025,RB Leipzig,FC Bayern München,3,3,D,BUNDESLIGA,2024-25,openfootball
EPL,03/05/2025,Arsenal FC,AFC Bournemouth,1,2,A,EPL,2024-25,openfootball
EPL,03/05/2025,Aston Villa FC,Fulham FC,1,0,H,EPL,2024-25,openfootball
EPL,03/05/2025,Everton FC,Ipswich Town FC,2,2,D,EPL,2024-25,openfootball
EPL,03/05/2025,Leicester City FC,Southampton FC,2,0,H,EPL,2024-25,openfootball
LALIGA,03/05/2025,Deportivo Alavés,Club Atlético de Madrid,0,0,D,LALIGA,2024-25,openfootball
LALIGA,03/05/2025,Real Valladolid CF,FC Barcelona,1,2,A,LALIGA,2024-25,openfootball
LALIGA,03/05/2025,UD Las Palmas,Valencia CF,2,3,A,LALIGA,2024-25,openfootball
LALIGA,03/05/2025,Villarreal CF,CA Osasuna,4,2,H,LALIGA,2024-25,openfootball
SERIEA,03/05/2025,Cagliari Calcio,Udinese Calcio,1,2,A,SERIEA,2024-25,openfootball
SERIEA,03/05/2025,FC Internazionale Milano,Hellas Verona FC,1,0,H,SERIEA,2024-25,openfootball
SERIEA,03/05/2025,Parma Calcio 1913,Como 1907,0,1,A,SERIEA,2024-25,openfootball
SERIEA,03/05/2025,US Lecce,SSC Napoli,0,1,A,SERIEA,2024-25,openfootball
BUNDESLIGA,04/05/2025,1. FSV Mainz 05,Eintracht Frankfurt,1,1,D,BUNDESLIGA,2024-25,openfootball
BUNDESLIGA,04/05/2025,FC Augsburg,Holstein Kiel,1,3,A,BUNDESLIGA,2024-25,openfootball
BUNDESLIGA,04/05/2025,SC Freiburg,Bayer 04 Leverkusen,2,2,D,BUNDESLIGA,2024-25,openfootball
EPL,04/05/2025,Brentford FC,Manchester United FC,4,3,H,EPL,2024-25,openfootball
EPL,04/05/2025,Brighton & Hove Albion FC,Newcastle United FC,1,1,D,EPL,2024-25,openfootball
EPL,04/05/2025,Chelsea FC,Liverpool FC,3,1,H,EPL,2024-25,openfootball
EPL,04/05/2025,West Ham United FC,Tottenham Hotspur FC,1,1,D,EPL,2024-25,openfootball
LALIGA,04/05/2025,RCD Espanyol de Barcelona,Real Betis Balompié,1,2,A,LALIGA,2024-25,openfootball
LALIGA,04/05/2025,Real Madrid CF,RC Celta de Vigo,3,2,H,LALIGA,2024-25,openfootball
LALIGA,04/05/2025,Real Sociedad de Fútbol,Athletic Club,0,0,D,LALIGA,2024-25,openfootball
LALIGA,04/05/2025,Sevilla FC,CD Leganés,2,2,D,LALIGA,2024-25,openfootball
SERIEA,04/05/2025,AC Monza,Atalanta BC,0,4,A,SERIEA,2024-25,openfootball
SERIEA,04/05/2025,AS Roma,ACF Fiorentina,1,0,H,SERIEA,2024-25,openfootball
SERIEA,04/05/2025,Bologna FC 1909,Juventus FC,1,1,D,SERIEA,2024-25,openfootball
SERIEA,04/05/2025,Empoli FC,SS Lazio,0,1,A,SERIEA,2024-25,openfootball
EPL,05/05/2025,Crystal Palace FC,Nottingham Forest FC,1,1,D,EPL,2024-25,openfootball
LALIGA,05/05/2025,Girona FC,RCD Mallorca,1,0,H,LALIGA,2024-25,openfootball
SERIEA,05/05/2025,Genoa CFC,AC Milan,1,2,A,SERIEA,2024-25,openfootball
BUNDESLIGA,09/05/2025,VfL Wolfsburg,TSG 1899 Hoffenheim,2,2,D,BUNDESLIGA,2024-25,openfootball
LALIGA,09/05/2025,UD Las Palmas,Rayo Vallecano de Madrid,0,1,A,LALIGA,2024-25,openfootball
SERIEA,09/05/2025,AC Milan,Bologna FC 1909,3,1,H,SERIEA,2024-25,openfootball
BUNDESLIGA,10/05/2025,1. FC Union Berlin,1. FC Heidenheim 1846,0,3,A,BUNDESLIGA,2024-25,openfootball
BUNDESLIGA,10/05/2025,FC Bayern München,Borussia Mönchengladbach,2,0,H,BUNDESLIGA,2024-25,openfootball
BUNDESLIGA,10/05/2025,Holstein Kiel,SC Freiburg,1,2,A,BUNDESLIGA,2024-25,openfootball
BUNDESLIGA,10/05/2025,SV Werder Bremen,RB Leipzig,0,0,D,BUNDESLIGA,2024-25,openfootball
BUNDESLIGA,10/05/2025,VfL Bochum 1848,1. FSV Mainz 05,1,4,A,BUNDESLIGA,2024-25,openfootball
EPL,10/05/2025,AFC Bournemouth,Aston Villa FC,0,1,A,EPL,2024-25,openfootball
EPL,10/05/2025,Fulham FC,Everton FC,1,3,A,EPL,2024-25,openfootball
EPL,10/05/2025,Ipswich Town FC,Brentford FC,0,1,A,EPL,2024-25,openfootball
EPL,10/05/2025,Southampton FC,Manchester City FC,0,0,D,EPL,2024-25,openfootball
EPL,10/05/2025,Wolverhampton Wanderers FC,Brighton & Hove Albion FC,0,2,A,EPL,2024-25,openfootball
LALIGA,10/05/2025,Club Atlético de Madrid,Real Sociedad de Fútbol,4,0,H,LALIGA,2024-25,openfootball
LALIGA,10/05/2025,Girona FC,Villarreal CF,0,1,A,LALIGA,2024-25,openfootball
LALIGA,10/05/2025,RC Celta de Vigo,Sevilla FC,3,2,H,LALIGA,2024-25,openfootball
LALIGA,10/05/2025,RCD Mallorca,Real Valladolid CF,2,1,H,LALIGA,2024-25,openfootball
LALIGA,10/05/2025,Valencia CF,Getafe CF,3,0,H,LALIGA,2024-25,openfootball
SERIEA,10/05/2025,Como 1907,Cagliari Calcio,3,1,H,SERIEA,2024-25,openfootball
SERIEA,10/05/2025,Empoli FC,Parma Calcio 1913,2,1,H,SERIEA,2024-25,openfootball
SERIEA,10/05/2025,SS Lazio,Juventus FC,1,1,D,SERIEA,2024-25,openfootball
BUNDESLIGA,11/05/2025,Bayer 04 Leverkusen,Borussia Dortmund,2,4,A,BUNDESLIGA,2024-25,openfootball
BUNDESLIGA,11/05/2025,Eintracht Frankfurt,FC St. Pauli 1910,2,2,D,BUNDESLIGA,2024-25,openfootball
BUNDESLIGA,11/05/2025,VfB Stuttgart,FC Augsburg,4,0,H,BUNDESLIGA,2024-25,openfootball
EPL,11/05/2025,Liverpool FC,Arsenal FC,2,2,D,EPL,2024-25,openfootball
EPL,11/05/2025,Manchester United FC,West Ham United FC,0,2,A,EPL,2024-25,openfootball
EPL,11/05/2025,Newcastle United FC,Chelsea FC,2,0,H,EPL,2024-25,openfootball
EPL,11/05/2025,Nottingham Forest FC,Leicester City FC,2,2,D,EPL,2024-25,openfootball
EPL,11/05/2025,Tottenham Hotspur FC,Crystal Palace FC,0,2,A,EPL,2024-25,openfootball
LALIGA,11/05/2025,Athletic Club,Deportivo Alavés,1,0,H,LALIGA,2024-25,openfootball
LALIGA,11/05/2025,CD Leganés,RCD Espanyol de Barcelona,3,2,H,LALIGA,2024-25,openfootball
LALIGA,11/05/2025,FC Barcelona,Real Madrid CF,4,3,H,LALIGA,2024-25,openfootball
LALIGA,11/05/2025,Real Betis Balompié,CA Osasuna,1,1,D,LALIGA,2024-25,openfootball
SERIEA,11/05/2025,Hellas Verona FC,US Lecce,1,1,D,SERIEA,2024-25,openfootball
SERIEA,11/05/2025,SSC Napoli,Genoa CFC,2,2,D,SERIEA,2024-25,openfootball
SERIEA,11/05/2025,Torino FC,FC Internazionale Milano,0,2,A,SERIEA,2024-25,openfootball
SERIEA,11/05/2025,Udinese Calcio,AC Monza,1,2,A,SERIEA,2024-25,openfootball
SERIEA,12/05/2025,Atalanta BC,AS Roma,2,1,H,SERIEA,2024-25,openfootball
SERIEA,12/05/2025,Venezia FC,ACF Fiorentina,2,1,H,SERIEA,2024-25,openfootball
LALIGA,13/05/2025,Real Sociedad de Fútbol,RC Celta de Vigo,0,1,A,LALIGA,2024-25,openfootball
LALIGA,13/05/2025,Real Valladolid CF,Girona FC,0,1,A,LALIGA,2024-25,openfootball
LALIGA,13/05/2025,Sevilla FC,UD Las Palmas,1,0,H,LALIGA,2024-25,openfootball
LALIGA,14/05/2025,Deportivo Alavés,Valencia CF,1,0,H,LALIGA,2024-25,openfootball
LALIGA,14/05/2025,Real Madrid CF,RCD Mallorca,2,1,H,LALIGA,2024-25,openfootball
LALIGA,14/05/2025,Villarreal CF,CD Leganés,3,0,H,LALIGA,2024-25,openfootball
LALIGA,15/05/2025,CA Osasuna,Club Atlético de Madrid,2,0,H,LALIGA,2024-25,openfootball
LALIGA,15/05/2025,Getafe CF,Athletic Club,0,2,A,LALIGA,2024-25,openfootball
LALIGA,15/05/2025,RCD Espanyol de Barcelona,FC Barcelona,0,2,A,LALIGA,2024-25,openfootball
LALIGA,15/05/2025,Rayo Vallecano de Madrid,Real Betis Balompié,2,2,D,LALIGA,2024-25,openfootball
EPL,16/05/2025,Aston Villa FC,Tottenham Hotspur FC,2,0,H,EPL,2024-25,openfootball
EPL,16/05/2025,Chelsea FC,Manchester United FC,1,0,H,EPL,2024-25,openfootball
BUNDESLIGA,17/05/2025,1. FC Heidenheim 1846,SV Werder Bremen,1,4,A,BUNDESLIGA,2024-25,openfootball
BUNDESLIGA,17/05/2025,1. FSV Mainz 05,Bayer 04 Leverkusen,2,2,D,BUNDESLIGA,2024-25,openfootball
BUNDESLIGA,17/05/2025,Borussia Dortmund,Holstein Kiel,3,0,H,BUNDESLIGA,2024-25,openfootball
BUNDESLIGA,17/05/2025,Borussia Mönchengladbach,VfL Wolfsburg,0,1,A,BUNDESLIGA,2024-25,openfootball
BUNDESLIGA,17/05/2025,FC Augsburg,1. FC Union Berlin,1,2,A,BUNDESLIGA,2024-25,openfootball
BUNDESLIGA,17/05/2025,FC St. Pauli 1910,VfL Bochum 1848,0,2,A,BUNDESLIGA,2024-25,openfootball
BUNDESLIGA,17/05/2025,RB Leipzig,VfB Stuttgart,2,3,A,BUNDESLIGA,2024-25,openfootball
BUNDESLIGA,17/05/2025,SC Freiburg,Eintracht Frankfurt,1,3,A,BUNDESLIGA,2024-25,openfootball
BUNDESLIGA,17/05/2025,TSG 1899 Hoffenheim,FC Bayern München,0,4,A,BUNDESLIGA,2024-25,openfootball
SERIEA,17/05/2025,Genoa CFC,Atalanta BC,2,3,A,SERIEA,2024-25,openfootball
EPL,18/05/2025,Arsenal FC,Newcastle United FC,1,0,H,EPL,2024-25,openfootball
EPL,18/05/2025,Brentford FC,Fulham FC,2,3,A,EPL,2024-25,openfootball
EPL,18/05/2025,Everton FC,Southampton FC,2,0,H,EPL,2024-25,openfootball
EPL,18/05/2025,Leicester City FC,Ipswich Town FC,2,0,H,EPL,2024-25,openfootball
EPL,18/05/2025,West Ham United FC,Nottingham Forest FC,1,2,A,EPL,2024-25,openfootball
LALIGA,18/05/2025,CA Osasuna,RCD Espanyol de Barcelona,2,0,H,LALIGA,2024-25,openfootball
LALIGA,18/05/2025,Club Atlético de Madrid,Real Betis Balompié,4,1,H,LALIGA,2024-25,openfootball
LALIGA,18/05/2025,FC Barcelona,Villarreal CF,2,3,A,LALIGA,2024-25,openfootball
LALIGA,18/05/2025,RC Celta de Vigo,Rayo Vallecano de Madrid,1,2,A,LALIGA,2024-25,openfootball
LALIGA,18/05/2025,RCD Mallorca,Getafe CF,1,2,A,LALIGA,2024-25,openfootball
LALIGA,18/05/2025,Real Sociedad de Fútbol,Girona FC,3,2,H,LALIGA,2024-25,openfootball
LALIGA,18/05/2025,Real Valladolid CF,Deportivo Alavés,0,1,A,LALIGA,2024-25,openfootball
LALIGA,18/05/2025,Sevilla FC,Real Madrid CF,0,2,A,LALIGA,2024-25,openfootball
LALIGA,18/05/2025,UD Las Palmas,CD Leganés,0,1,A,LALIGA,2024-25,openfootball
LALIGA,18/05/2025,Valencia CF,Athletic Club,0,1,A,LALIGA,2024-25,openfootball
SERIEA,18/05/2025,AC Monza,Empoli FC,1,3,A,SERIEA,2024-25,openfootball
SERIEA,18/05/2025,ACF Fiorentina,Bologna FC 1909,3,2,H,SERIEA,2024-25,openfootball
SERIEA,18/05/2025,AS Roma,AC Milan,3,1,H,SERIEA,2024-25,openfootball
SERIEA,18/05/2025,Cagliari Calcio,Venezia FC,3,0,H,SERIEA,2024-25,openfootball
SERIEA,18/05/2025,FC Internazionale Milano,SS Lazio,2,2,D,SERIEA,2024-25,openfootball
SERIEA,18/05/2025,Hellas Verona FC,Como 1907,1,1,D,SERIEA,2024-25,openfootball
SERIEA,18/05/2025,Juventus FC,Udinese Calcio,2,0,H,SERIEA,2024-25,openfootball
SERIEA,18/05/2025,Parma Calcio 1913,SSC Napoli,0,0,D,SERIEA,2024-25,openfootball
SERIEA,18/05/2025,US Lecce,Torino FC,1,0,H,SERIEA,2024-25,openfootball
EPL,19/05/2025,Brighton & Hove Albion FC,Liverpool FC,3,2,H,EPL,2024-25,openfootball
EPL,20/05/2025,Crystal Palace FC,Wolverhampton Wanderers FC,4,2,H,EPL,2024-25,openfootball
EPL,20/05/2025,Manchester City FC,AFC Bournemouth,3,1,H,EPL,2024-25,openfootball
EPL,25/05/2025,AFC Bournemouth,Leicester City FC,2,0,H,EPL,2024-25,openfootball
EPL,25/05/2025,Fulham FC,Manchester City FC,0,2,A,EPL,2024-25,openfootball
EPL,25/05/2025,Ipswich Town FC,West Ham United FC,1,3,A,EPL,2024-25,openfootball
EPL,25/05/2025,Liverpool FC,Crystal Palace FC,1,1,D,EPL,2024-25,openfootball
EPL,25/05/2025,Manchester United FC,Aston Villa FC,2,0,H,EPL,2024-25,openfootball
EPL,25/05/2025,Newcastle United FC,Everton FC,0,1,A,EPL,2024-25,openfootball
EPL,25/05/2025,Nottingham Forest FC,Chelsea FC,0,1,A,EPL,2024-25,openfootball
EPL,25/05/2025,Southampton FC,Arsenal FC,1,2,A,EPL,2024-25,openfootball
EPL,25/05/2025,Tottenham Hotspur FC,Brighton & Hove Albion FC,1,4,A,EPL,2024-25,openfootball
EPL,25/05/2025,Wolverhampton Wanderers FC,Brentford FC,1,1,D,EPL,2024-25,openfootball
