Div,Date,HomeTeam,AwayTeam,FTHG,FTAG,FTR,source_league,source_season,source_provider
LIGUE1,06/08/2021,AS Monaco,FC Nantes,1,1,D,LIGUE1,2021-22,openfootball
LIGUE1,07/08/2021,ESTAC Troyes,Paris Saint-Germain,1,2,A,LIGUE1,2021-22,openfootball
LIGUE1,07/08/2021,Olympique Lyonnais,Stade Brestois 29,1,1,D,LIGUE1,2021-22,openfootball
LIGUE1,08/08/2021,AS Saint-Étienne,FC Lorient,1,1,D,LIGUE1,2021-22,openfootball
LIGUE1,08/08/2021,FC Metz,Lille OSC,3,3,D,LIGUE1,2021-22,openfootball
LIGUE1,08/08/2021,Girondins Bordeaux,Clermont Foot 63,0,2,A,LIGUE1,2021-22,openfootball
LIGUE1,08/08/2021,Montpellier HSC,Olympique Marseille,2,3,A,LIGUE1,2021-22,openfootball
LIGUE1,08/08/2021,OGC Nice,Stade de Reims,0,0,D,LIGUE1,2021-22,openfootball
LIGUE1,08/08/2021,RC Strasbourg,Angers SCO,0,2,A,LIGUE1,2021-22,openfootball
LIGUE1,08/08/2021,Stade Rennais,RC Lens,1,1,D,LIGUE1,2021-22,openfootball
LIGUE1,13/08/2021,FC Lorient,AS Monaco,1,0,H,LIGUE1,2021-22,openfootball
LIGUE1,14/08/2021,Lille OSC,OGC Nice,0,4,A,LIGUE1,2021-22,openfootball
LIGUE1,14/08/2021,Paris Saint-Germain,RC Strasbourg,4,2,H,LIGUE1,2021-22,openfootball
LIGUE1,15/08/2021,Angers SCO,Olympique Lyonnais,3,0,H,LIGUE1,2021-22,openfootball
LIGUE1,15/08/2021,Clermont Foot 63,ESTAC Troyes,2,0,H,LIGUE1,2021-22,openfootball
LIGUE1,15/08/2021,FC Nantes,FC Metz,2,0,H,LIGUE1,2021-22,openfootball
LIGUE1,15/08/2021,Olympique Marseille,Girondins Bordeaux,2,2,D,LIGUE1,2021-22,openfootball
LIGUE1,15/08/2021,RC Lens,AS Saint-Étienne,2,2,D,LIGUE1,2021-22,openfootball
LIGUE1,15/08/2021,Stade Brestois 29,Stade Rennais,1,1,D,LIGUE1,2021-22,openfootball
LIGUE1,15/08/2021,Stade de Reims,Montpellier HSC,3,3,D,LIGUE1,2021-22,openfootball
LIGUE1,20/08/2021,Stade Brestois 29,Paris Saint-Germain,2,4,A,LIGUE1,2021-22,openfootball
LIGUE1,21/08/2021,AS Monaco,RC Lens,0,2,A,LIGUE1,2021-22,openfootball
LIGUE1,21/08/2021,AS Saint-Étienne,Lille OSC,1,1,D,LIGUE1,2021-22,openfootball
LIGUE1,22/08/2021,FC Metz,Stade de Reims,1,1,D,LIGUE1,2021-22,openfootball
LIGUE1,22/08/2021,Girondins Bordeaux,Angers SCO,1,1,D,LIGUE1,2021-22,openfootball
LIGUE1,22/08/2021,Montpellier HSC,FC Lorient,3,1,H,LIGUE1,2021-22,openfootball
LIGUE1,22/08/2021,Olympique Lyonnais,Clermont Foot 63,3,3,D,LIGUE1,2021-22,openfootball
LIGUE1,22/08/2021,RC Strasbourg,ESTAC Troyes,1,1,D,LIGUE1,2021-22,openfootball
LIGUE1,22/08/2021,Stade Rennais,FC Nantes,1,0,H,LIGUE1,2021-22,openfootball
LIGUE1,27/08/2021,FC Nantes,Olympique Lyonnais,0,1,A,LIGUE1,2021-22,openfootball
LIGUE1,28/08/2021,OGC Nice,Girondins Bordeaux,4,0,H,LIGUE1,2021-22,openfootball
LIGUE1,28/08/2021,Olympique Marseille,AS Saint-Étienne,3,1,H,LIGUE1,2021-22,openfootball
LIGUE1,29/08/2021,Angers SCO,Stade Rennais,2,0,H,LIGUE1,2021-22,openfootball
LIGUE1,29/08/2021,Clermont Foot 63,FC Metz,2,2,D,LIGUE1,2021-22,openfootball
LIGUE1,29/08/2021,ESTAC Troyes,AS Monaco,1,2,A,LIGUE1,2021-22,openfootball
LIGUE1,29/08/2021,Lille OSC,Montpellier HSC,2,1,H,LIGUE1,2021-22,openfootball
LIGUE1,29/08/2021,RC Lens,FC Lorient,2,2,D,LIGUE1,2021-22,openfootball
LIGUE1,29/08/2021,RC Strasbourg,Stade Brestois 29,3,1,H,LIGUE1,2021-22,openfootball
LIGUE1,29/08/2021,Stade de Reims,Paris Saint-Germain,0,2,A,LIGUE1,2021-22,openfootball
LIGUE1,10/09/2021,FC Lorient,Lille OSC,2,1,H,LIGUE1,2021-22,openfootball
LIGUE1,11/09/2021,AS Monaco,Olympique Marseille,0,2,A,LIGUE1,2021-22,openfootball
LIGUE1,11/09/2021,Paris Saint-Germain,Clermont Foot 63,4,0,H,LIGUE1,2021-22,openfootball
LIGUE1,12/09/2021,FC Metz,ESTAC Troyes,0,2,A,LIGUE1,2021-22,openfootball
LIGUE1,12/09/2021,FC Nantes,OGC Nice,0,2,A,LIGUE1,2021-22,openfootball
LIGUE1,12/09/2021,Girondins Bordeaux,RC Lens,2,3,A,LIGUE1,2021-22,openfootball
LIGUE1,12/09/2021,Montpellier HSC,AS Saint-Étienne,2,0,H,LIGUE1,2021-22,openfootball
LIGUE1,12/09/2021,Olympique Lyonnais,RC Strasbourg,3,1,H,LIGUE1,2021-22,openfootball
LIGUE1,12/09/2021,Stade Brestois 29,Angers SCO,1,1,D,LIGUE1,2021-22,openfootball
LIGUE1,12/09/2021,Stade Rennais,Stade de Reims,0,2,A,LIGUE1,2021-22,openfootball
LIGUE1,17/09/2021,RC Strasbourg,FC Metz,3,0,H,LIGUE1,2021-22,openfootball
LIGUE1,18/09/2021,AS Saint-Étienne,Girondins Bordeaux,1,2,A,LIGUE1,2021-22,openfootball
LIGUE1,18/09/2021,RC Lens,Lille OSC,1,0,H,LIGUE1,2021-22,openfootball
LIGUE1,19/09/2021,Angers SCO,FC Nantes,1,4,A,LIGUE1,2021-22,openfootball
LIGUE1,19/09/2021,Clermont Foot 63,Stade Brestois 29,1,1,D,LIGUE1,2021-22,openfootball
LIGUE1,19/09/2021,ESTAC Troyes,Montpellier HSC,1,1,D,LIGUE1,2021-22,openfootball
LIGUE1,19/09/2021,OGC Nice,AS Monaco,2,2,D,LIGUE1,2021-22,openfootball
LIGUE1,19/09/2021,Olympique Marseille,Stade Rennais,2,0,H,LIGUE1,2021-22,openfootball
LIGUE1,19/09/2021,Paris Saint-Germain,Olympique Lyonnais,2,1,H,LIGUE1,2021-22,openfootball
LIGUE1,19/09/2021,Stade de Reims,FC Lorient,0,0,D,LIGUE1,2021-22,openfootball
LIGUE1,22/09/2021,AS Monaco,AS Saint-Étienne,3,1,H,LIGUE1,2021-22,openfootball
LIGUE1,22/09/2021,Angers SCO,Olympique Marseille,0,0,D,LIGUE1,2021-22,openfootball
LIGUE1,22/09/2021,FC Lorient,OGC Nice,1,0,H,LIGUE1,2021-22,openfootball
LIGUE1,22/09/2021,FC Metz,Paris Saint-Germain,1,2,A,LIGUE1,2021-22,openfootball
LIGUE1,22/09/2021,FC Nantes,Stade Brestois 29,3,1,H,LIGUE1,2021-22,openfootball
LIGUE1,22/09/2021,Lille OSC,Stade de Reims,2,1,H,LIGUE1,2021-22,openfootball
LIGUE1,22/09/2021,Montpellier HSC,Girondins Bordeaux,3,3,D,LIGUE1,2021-22,openfootball
LIGUE1,22/09/2021,Olympique Lyonnais,ESTAC Troyes,3,1,H,LIGUE1,2021-22,openfootball
LIGUE1,22/09/2021,RC Lens,RC Strasbourg,0,1,A,LIGUE1,2021-22,openfootball
LIGUE1,22/09/2021,Stade Rennais,Clermont Foot 63,6,0,H,LIGUE1,2021-22,openfootball
LIGUE1,25/09/2021,AS Saint-Étienne,OGC Nice,0,3,A,LIGUE1,2021-22,openfootball
LIGUE1,25/09/2021,Olympique Lyonnais,FC Lorient,1,1,D,LIGUE1,2021-22,openfootball
LIGUE1,25/09/2021,Paris Saint-Germain,Montpellier HSC,2,0,H,LIGUE1,2021-22,openfootball
LIGUE1,25/09/2021,RC Strasbourg,Lille OSC,1,2,A,LIGUE1,2021-22,openfootball
LIGUE1,26/09/2021,Clermont Foot 63,AS Monaco,1,3,A,LIGUE1,2021-22,openfootball
LIGUE1,26/09/2021,ESTAC Troyes,Angers SCO,1,1,D,LIGUE1,2021-22,openfootball
LIGUE1,26/09/2021,Girondins Bordeaux,Stade Rennais,1,1,D,LIGUE1,2021-22,openfootball
LIGUE1,26/09/2021,Olympique Marseille,RC Lens,2,3,A,LIGUE1,2021-22,openfootball
LIGUE1,26/09/2021,Stade Brestois 29,FC Metz,1,2,A,LIGUE1,2021-22,openfootball
LIGUE1,26/09/2021,Stade de Reims,FC Nantes,3,1,H,LIGUE1,2021-22,openfootball
LIGUE1,01/10/2021,RC Lens,Stade de Reims,2,0,H,LIGUE1,2021-22,openfootball
LIGUE1,02/10/2021,Montpellier HSC,RC Strasbourg,1,1,D,LIGUE1,2021-22,openfootball
LIGUE1,02/10/2021,OGC Nice,Stade Brestois 29,2,1,H,LIGUE1,2021-22,openfootball
LIGUE1,03/10/2021,AS Monaco,Girondins Bordeaux,3,0,H,LIGUE1,2021-22,openfootball
LIGUE1,03/10/2021,AS Saint-Étienne,Olympique Lyonnais,1,1,D,LIGUE1,2021-22,openfootball
LIGUE1,03/10/2021,Angers SCO,FC Metz,3,2,H,LIGUE1,2021-22,openfootball
LIGUE1,03/10/2021,FC Lorient,Clermont Foot 63,1,1,D,LIGUE1,2021-22,openfootball
LIGUE1,03/10/2021,FC Nantes,ESTAC Troyes,2,0,H,LIGUE1,2021-22,openfootball
LIGUE1,03/10/2021,Lille OSC,Olympique Marseille,2,0,H,LIGUE1,2021-22,openfootball
LIGUE1,03/10/2021,Stade Rennais,Paris Saint-Germain,2,0,H,LIGUE1,2021-22,openfootball
LIGUE1,15/10/2021,Paris Saint-Germain,Angers SCO,2,1,H,LIGUE1,2021-22,openfootball
LIGUE1,16/10/2021,Clermont Foot 63,Lille OSC,1,0,H,LIGUE1,2021-22,openfootball
LIGUE1,16/10/2021,Olympique Lyonnais,AS Monaco,2,0,H,LIGUE1,2021-22,openfootball
LIGUE1,17/10/2021,ESTAC Troyes,OGC Nice,1,0,H,LIGUE1,2021-22,openfootball
LIGUE1,17/10/2021,FC Metz,Stade Rennais,0,3,A,LIGUE1,2021-22,openfootball
LIGUE1,17/10/2021,Girondins Bordeaux,FC Nantes,1,1,D,LIGUE1,2021-22,openfootball
LIGUE1,17/10/2021,Montpellier HSC,RC Lens,1,0,H,LIGUE1,2021-22,openfootball
LIGUE1,17/10/2021,Olympique Marseille,FC Lorient,4,1,H,LIGUE1,2021-22,openfootball
LIGUE1,17/10/2021,RC Strasbourg,AS Saint-Étienne,5,1,H,LIGUE1,2021-22,openfootball
LIGUE1,17/10/2021,Stade Brestois 29,Stade de Reims,1,1,D,LIGUE1,2021-22,openfootball
LIGUE1,22/10/2021,AS Saint-Étienne,Angers SCO,2,2,D,LIGUE1,2021-22,openfootball
LIGUE1,23/10/2021,FC Nantes,Clermont Foot 63,2,1,H,LIGUE1,2021-22,openfootball
LIGUE1,23/10/2021,Lille OSC,Stade Brestois 29,1,1,D,LIGUE1,2021-22,openfootball
LIGUE1,24/10/2021,AS Monaco,Montpellier HSC,3,1,H,LIGUE1,2021-22,openfootball
LIGUE1,24/10/2021,FC Lorient,Girondins Bordeaux,1,1,D,LIGUE1,2021-22,openfootball
LIGUE1,24/10/2021,OGC Nice,Olympique Lyonnais,3,2,H,LIGUE1,2021-22,openfootball
LIGUE1,24/10/2021,Olympique Marseille,Paris Saint-Germain,0,0,D,LIGUE1,2021-22,openfootball
LIGUE1,24/10/2021,RC Lens,FC Metz,4,1,H,LIGUE1,2021-22,openfootball
LIGUE1,24/10/2021,Stade Rennais,RC Strasbourg,1,0,H,LIGUE1,2021-22,openfootball
LIGUE1,24/10/2021,Stade de Reims,ESTAC Troyes,1,2,A,LIGUE1,2021-22,openfootball
LIGUE1,27/10/2021,OGC Nice,Olympique Marseille,1,1,D,LIGUE1,2021-22,openfootball
LIGUE1,29/10/2021,Paris Saint-Germain,Lille OSC,2,1,H,LIGUE1,2021-22,openfootball
LIGUE1,30/10/2021,FC Metz,AS Saint-Étienne,1,1,D,LIGUE1,2021-22,openfootball
LIGUE1,30/10/2021,Olympique Lyonnais,RC Lens,2,1,H,LIGUE1,2021-22,openfootball
LIGUE1,31/10/2021,Angers SCO,OGC Nice,1,2,A,LIGUE1,2021-22,openfootball
LIGUE1,31/10/2021,Clermont Foot 63,Olympique Marseille,0,1,A,LIGUE1,2021-22,openfootball
LIGUE1,31/10/2021,ESTAC Troyes,Stade Rennais,2,2,D,LIGUE1,2021-22,openfootball
LIGUE1,31/10/2021,Girondins Bordeaux,Stade de Reims,3,2,H,LIGUE1,2021-22,openfootball
LIGUE1,31/10/2021,Montpellier HSC,FC Nantes,2,0,H,LIGUE1,2021-22,openfootball
LIGUE1,31/10/2021,RC Strasbourg,FC Lorient,4,0,H,LIGUE1,2021-22,openfootball
LIGUE1,31/10/2021,Stade Brestois 29,AS Monaco,2,0,H,LIGUE1,2021-22,openfootball
LIGUE1,05/11/2021,RC Lens,ESTAC Troyes,4,0,H,LIGUE1,2021-22,openfootball
LIGUE1,06/11/2021,Girondins Bordeaux,Paris Saint-Germain,2,3,A,LIGUE1,2021-22,openfootball
LIGUE1,06/11/2021,Lille OSC,Angers SCO,1,1,D,LIGUE1,2021-22,openfootball
LIGUE1,07/11/2021,AS Saint-Étienne,Clermont Foot 63,3,2,H,LIGUE1,2021-22,openfootball
LIGUE1,07/11/2021,FC Lorient,Stade Brestois 29,1,2,A,LIGUE1,2021-22,openfootball
LIGUE1,07/11/2021,FC Nantes,RC Strasbourg,2,2,D,LIGUE1,2021-22,openfootball
LIGUE1,07/11/2021,OGC Nice,Montpellier HSC,0,1,A,LIGUE1,2021-22,openfootball
LIGUE1,07/11/2021,Olympique Marseille,FC Metz,0,0,D,LIGUE1,2021-22,openfootball
LIGUE1,07/11/2021,Stade Rennais,Olympique Lyonnais,4,1,H,LIGUE1,2021-22,openfootball
LIGUE1,07/11/2021,Stade de Reims,AS Monaco,0,0,D,LIGUE1,2021-22,openfootball
LIGUE1,19/11/2021,AS Monaco,Lille OSC,2,2,D,LIGUE1,2021-22,openfootball
LIGUE1,20/11/2021,Paris Saint-Germain,FC Nantes,3,1,H,LIGUE1,2021-22,openfootball
LIGUE1,20/11/2021,Stade Rennais,Montpellier HSC,2,0,H,LIGUE1,2021-22,openfootball
LIGUE1,21/11/2021,Angers SCO,FC Lorient,1,0,H,LIGUE1,2021-22,openfootball
LIGUE1,21/11/2021,Clermont Foot 63,OGC Nice,1,2,A,LIGUE1,2021-22,openfootball
LIGUE1,21/11/2021,ESTAC Troyes,AS Saint-Étienne,0,1,A,LIGUE1,2021-22,openfootball
LIGUE1,21/11/2021,FC Metz,Girondins Bordeaux,3,3,D,LIGUE1,2021-22,openfootball
LIGUE1,21/11/2021,RC Strasbourg,Stade de Reims,1,1,D,LIGUE1,2021-22,openfootball
LIGUE1,21/11/2021,Stade Brestois 29,RC Lens,4,0,H,LIGUE1,2021-22,openfootball
LIGUE1,26/11/2021,RC Lens,Angers SCO,2,2,D,LIGUE1,2021-22,openfootball
LIGUE1,27/11/2021,Lille OSC,FC Nantes,1,1,D,LIGUE1,2021-22,openfootball
LIGUE1,27/11/2021,OGC Nice,FC Metz,0,1,A,LIGUE1,2021-22,openfootball
LIGUE1,28/11/2021,AS Monaco,RC Strasbourg,1,1,D,LIGUE1,2021-22,openfootball
LIGUE1,28/11/2021,AS Saint-Étienne,Paris Saint-Germain,1,3,A,LIGUE1,2021-22,openfootball
LIGUE1,28/11/2021,FC Lorient,Stade Rennais,0,2,A,LIGUE1,2021-22,openfootball
LIGUE1,28/11/2021,Girondins Bordeaux,Stade Brestois 29,1,2,A,LIGUE1,2021-22,openfootball
LIGUE1,28/11/2021,Montpellier HSC,Olympique Lyonnais,0,1,A,LIGUE1,2021-22,openfootball
LIGUE1,28/11/2021,Olympique Marseille,ESTAC Troyes,1,0,H,LIGUE1,2021-22,openfootball
LIGUE1,28/11/2021,Stade de Reims,Clermont Foot 63,1,0,H,LIGUE1,2021-22,openfootball
LIGUE1,01/12/2021,Angers SCO,AS Monaco,1,3,A,LIGUE1,2021-22,openfootball
LIGUE1,01/12/2021,Clermont Foot 63,RC Lens,2,2,D,LIGUE1,2021-22,openfootball
LIGUE1,01/12/2021,ESTAC Troyes,FC Lorient,2,0,H,LIGUE1,2021-22,openfootball
LIGUE1,01/12/2021,FC Metz,Montpellier HSC,1,3,A,LIGUE1,2021-22,openfootball
LIGUE1,01/12/2021,FC Nantes,Olympique Marseille,0,1,A,LIGUE1,2021-22,openfootball
LIGUE1,01/12/2021,Olympique Lyonnais,Stade de Reims,1,2,A,LIGUE1,2021-22,openfootball
LIGUE1,01/12/2021,Paris Saint-Germain,OGC Nice,0,0,D,LIGUE1,2021-22,openfootball
LIGUE1,01/12/2021,RC Strasbourg,Girondins Bordeaux,5,2,H,LIGUE1,2021-22,openfootball
LIGUE1,01/12/2021,Stade Brestois 29,AS Saint-Étienne,1,0,H,LIGUE1,2021-22,openfootball
LIGUE1,01/12/2021,Stade Rennais,Lille OSC,1,2,A,LIGUE1,2021-22,openfootball
LIGUE1,04/12/2021,Lille OSC,ESTAC Troyes,2,1,H,LIGUE1,2021-22,openfootball
LIGUE1,04/12/2021,Olympique Marseille,Stade Brestois 29,1,2,A,LIGUE1,2021-22,openfootball
LIGUE1,04/12/2021,RC Lens,Paris Saint-Germain,1,1,D,LIGUE1,2021-22,openfootball
LIGUE1,05/12/2021,AS Monaco,FC Metz,4,0,H,LIGUE1,2021-22,openfootball
LIGUE1,05/12/2021,AS Saint-Étienne,Stade Rennais,0,5,A,LIGUE1,2021-22,openfootball
LIGUE1,05/12/2021,FC Lorient,FC Nantes,0,1,A,LIGUE1,2021-22,openfootball
LIGUE1,05/12/2021,Girondins Bordeaux,Olympique Lyonnais,2,2,D,LIGUE1,2021-22,openfootball
LIGUE1,05/12/2021,Montpellier HSC,Clermont Foot 63,1,0,H,LIGUE1,2021-22,openfootball
LIGUE1,05/12/2021,OGC Nice,RC Strasbourg,0,3,A,LIGUE1,2021-22,openfootball
LIGUE1,05/12/2021,Stade de Reims,Angers SCO,1,2,A,LIGUE1,2021-22,openfootball
LIGUE1,10/12/2021,FC Nantes,RC Lens,3,2,H,LIGUE1,2021-22,openfootball
LIGUE1,11/12/2021,Stade Brestois 29,Montpellier HSC,0,4,A,LIGUE1,2021-22,openfootball
LIGUE1,11/12/2021,Stade de Reims,AS Saint-Étienne,2,0,H,LIGUE1,2021-22,openfootball
LIGUE1,12/12/2021,Angers SCO,Clermont Foot 63,0,1,A,LIGUE1,2021-22,openfootball
LIGUE1,12/12/2021,ESTAC Troyes,Girondins Bordeaux,1,2,A,LIGUE1,2021-22,openfootball
LIGUE1,12/12/2021,FC Metz,FC Lorient,4,1,H,LIGUE1,2021-22,openfootball
LIGUE1,12/12/2021,Lille OSC,Olympique Lyonnais,0,0,D,LIGUE1,2021-22,openfootball
LIGUE1,12/12/2021,Paris Saint-Germain,AS Monaco,2,0,H,LIGUE1,2021-22,openfootball
LIGUE1,12/12/2021,RC Strasbourg,Olympique Marseille,0,2,A,LIGUE1,2021-22,openfootball
LIGUE1,12/12/2021,Stade Rennais,OGC Nice,1,2,A,LIGUE1,2021-22,openfootball
LIGUE1,22/12/2021,AS Monaco,Stade Rennais,2,1,H,LIGUE1,2021-22,openfootball
LIGUE1,22/12/2021,AS Saint-Étienne,FC Nantes,0,1,A,LIGUE1,2021-22,openfootball
LIGUE1,22/12/2021,ESTAC Troyes,Stade Brestois 29,1,1,D,LIGUE1,2021-22,openfootball
LIGUE1,22/12/2021,FC Lorient,Paris Saint-Germain,1,1,D,LIGUE1,2021-22,openfootball
LIGUE1,22/12/2021,Girondins Bordeaux,Lille OSC,2,3,A,LIGUE1,2021-22,openfootball
LIGUE1,22/12/2021,Montpellier HSC,Angers SCO,4,1,H,LIGUE1,2021-22,openfootball
LIGUE1,22/12/2021,OGC Nice,RC Lens,2,1,H,LIGUE1,2021-22,openfootball
LIGUE1,22/12/2021,Olympique Lyonnais,FC Metz,1,1,D,LIGUE1,2021-22,openfootball
LIGUE1,22/12/2021,Olympique Marseille,Stade de Reims,1,1,D,LIGUE1,2021-22,openfootball
LIGUE1,07/01/2022,Girondins Bordeaux,Olympique Marseille,0,1,A,LIGUE1,2021-22,openfootball
LIGUE1,08/01/2022,RC Lens,Stade Rennais,1,0,H,LIGUE1,2021-22,openfootball
LIGUE1,09/01/2022,Clermont Foot 63,Stade de Reims,0,0,D,LIGUE1,2021-22,openfootball
LIGUE1,09/01/2022,FC Metz,RC Strasbourg,0,2,A,LIGUE1,2021-22,openfootball
LIGUE1,09/01/2022,FC Nantes,AS Monaco,0,0,D,LIGUE1,2021-22,openfootball
LIGUE1,09/01/2022,Olympique Lyonnais,Paris Saint-Germain,1,1,D,LIGUE1,2021-22,openfootball
LIGUE1,09/01/2022,Stade Brestois 29,OGC Nice,0,3,A,LIGUE1,2021-22,openfootball
LIGUE1,14/01/2022,OGC Nice,FC Nantes,2,1,H,LIGUE1,2021-22,openfootball
LIGUE1,15/01/2022,AS Saint-Étienne,RC Lens,1,2,A,LIGUE1,2021-22,openfootball
LIGUE1,15/01/2022,Paris Saint-Germain,Stade Brestois 29,2,0,H,LIGUE1,2021-22,openfootball
LIGUE1,16/01/2022,AS Monaco,Clermont Foot 63,4,0,H,LIGUE1,2021-22,openfootball
LIGUE1,16/01/2022,ESTAC Troyes,Olympique Lyonnais,0,1,A,LIGUE1,2021-22,openfootball
LIGUE1,16/01/2022,FC Lorient,Angers SCO,0,0,D,LIGUE1,2021-22,openfootball
LIGUE1,16/01/2022,Olympique Marseille,Lille OSC,1,1,D,LIGUE1,2021-22,openfootball
LIGUE1,16/01/2022,RC Strasbourg,Montpellier HSC,3,1,H,LIGUE1,2021-22,openfootball
LIGUE1,16/01/2022,Stade Rennais,Girondins Bordeaux,6,0,H,LIGUE1,2021-22,openfootball
LIGUE1,16/01/2022,Stade de Reims,FC Metz,0,1,A,LIGUE1,2021-22,openfootball
LIGUE1,19/01/2022,Clermont Foot 63,RC Strasbourg,0,2,A,LIGUE1,2021-22,openfootball
LIGUE1,19/01/2022,Lille OSC,FC Lorient,3,1,H,LIGUE1,2021-22,openfootball
LIGUE1,19/01/2022,Montpellier HSC,ESTAC Troyes,0,1,A,LIGUE1,2021-22,openfootball
LIGUE1,21/01/2022,Olympique Lyonnais,AS Saint-Étienne,1,0,H,LIGUE1,2021-22,openfootball
LIGUE1,22/01/2022,RC Lens,Olympique Marseille,0,2,A,LIGUE1,2021-22,openfootball
LIGUE1,22/01/2022,Stade Brestois 29,Lille OSC,2,0,H,LIGUE1,2021-22,openfootball
LIGUE1,23/01/2022,Angers SCO,ESTAC Troyes,2,1,H,LIGUE1,2021-22,openfootball
LIGUE1,23/01/2022,Clermont Foot 63,Stade Rennais,2,1,H,LIGUE1,2021-22,openfootball
LIGUE1,23/01/2022,FC Metz,OGC Nice,0,2,A,LIGUE1,2021-22,openfootball
LIGUE1,23/01/2022,FC Nantes,FC Lorient,4,2,H,LIGUE1,2021-22,openfootball
LIGUE1,23/01/2022,Girondins Bordeaux,RC Strasbourg,4,3,H,LIGUE1,2021-22,openfootball
LIGUE1,23/01/2022,Montpellier HSC,AS Monaco,3,2,H,LIGUE1,2021-22,openfootball
LIGUE1,23/01/2022,Paris Saint-Germain,Stade de Reims,4,0,H,LIGUE1,2021-22,openfootball
LIGUE1,26/01/2022,Angers SCO,AS Saint-Étienne,0,1,A,LIGUE1,2021-22,openfootball
LIGUE1,01/02/2022,Olympique Lyonnais,Olympique Marseille,2,1,H,LIGUE1,2021-22,openfootball
LIGUE1,04/02/2022,Olympique Marseille,Angers SCO,5,2,H,LIGUE1,2021-22,openfootball
LIGUE1,05/02/2022,AS Monaco,Olympique Lyonnais,2,0,H,LIGUE1,2021-22,openfootball
LIGUE1,05/02/2022,AS Saint-Étienne,Montpellier HSC,3,1,H,LIGUE1,2021-22,openfootball
LIGUE1,06/02/2022,ESTAC Troyes,FC Metz,0,0,D,LIGUE1,2021-22,openfootball
LIGUE1,06/02/2022,FC Lorient,RC Lens,2,0,H,LIGUE1,2021-22,openfootball
LIGUE1,06/02/2022,Lille OSC,Paris Saint-Germain,1,5,A,LIGUE1,2021-22,openfootball
LIGUE1,06/02/2022,OGC Nice,Clermont Foot 63,0,1,A,LIGUE1,2021-22,openfootball
LIGUE1,06/02/2022,RC Strasbourg,FC Nantes,1,0,H,LIGUE1,2021-22,openfootball
LIGUE1,06/02/2022,Stade Rennais,Stade Brestois 29,2,0,H,LIGUE1,2021-22,openfootball
LIGUE1,06/02/2022,Stade de Reims,Girondins Bordeaux,5,0,H,LIGUE1,2021-22,openfootball
LIGUE1,11/02/2022,Paris Saint-Germain,Stade Rennais,1,0,H,LIGUE1,2021-22,openfootball
LIGUE1,12/02/2022,Montpellier HSC,Lille OSC,0,1,A,LIGUE1,2021-22,openfootball
LIGUE1,12/02/2022,Olympique Lyonnais,OGC Nice,2,0,H,LIGUE1,2021-22,openfootball
LIGUE1,13/02/2022,AS Monaco,FC Lorient,0,0,D,LIGUE1,2021-22,openfootball
LIGUE1,13/02/2022,Angers SCO,RC Strasbourg,0,1,A,LIGUE1,2021-22,openfootball
LIGUE1,13/02/2022,Clermont Foot 63,AS Saint-Étienne,1,2,A,LIGUE1,2021-22,openfootball
LIGUE1,13/02/2022,FC Metz,Olympique Marseille,1,2,A,LIGUE1,2021-22,openfootball
LIGUE1,13/02/2022,FC Nantes,Stade de Reims,1,0,H,LIGUE1,2021-22,openfootball
LIGUE1,13/02/2022,RC Lens,Girondins Bordeaux,3,2,H,LIGUE1,2021-22,openfootball
LIGUE1,13/02/2022,Stade Brestois 29,ESTAC Troyes,5,1,H,LIGUE1,2021-22,openfootball
LIGUE1,18/02/2022,Lille OSC,FC Metz,0,0,D,LIGUE1,2021-22,openfootball
LIGUE1,19/02/2022,FC Nantes,Paris Saint-Germain,3,1,H,LIGUE1,2021-22,openfootball
LIGUE1,19/02/2022,RC Lens,Olympique Lyonnais,1,1,D,LIGUE1,2021-22,openfootball
LIGUE1,20/02/2022,AS Saint-Étienne,RC Strasbourg,2,2,D,LIGUE1,2021-22,openfootball
LIGUE1,20/02/2022,FC Lorient,Montpellier HSC,0,1,A,LIGUE1,2021-22,openfootball
LIGUE1,20/02/2022,Girondins Bordeaux,AS Monaco,1,1,D,LIGUE1,2021-22,openfootball
LIGUE1,20/02/2022,OGC Nice,Angers SCO,1,0,H,LIGUE1,2021-22,openfootball
LIGUE1,20/02/2022,Olympique Marseille,Clermont Foot 63,0,2,A,LIGUE1,2021-22,openfootball
LIGUE1,20/02/2022,Stade Rennais,ESTAC Troyes,4,1,H,LIGUE1,2021-22,openfootball
LIGUE1,20/02/2022,Stade de Reims,Stade Brestois 29,1,1,D,LIGUE1,2021-22,openfootball
LIGUE1,25/02/2022,Montpellier HSC,Stade Rennais,2,4,A,LIGUE1,2021-22,openfootball
LIGUE1,26/02/2022,Paris Saint-Germain,AS Saint-Étienne,3,1,H,LIGUE1,2021-22,openfootball
LIGUE1,26/02/2022,RC Strasbourg,OGC Nice,0,0,D,LIGUE1,2021-22,openfootball
LIGUE1,27/02/2022,AS Monaco,Stade de Reims,1,2,A,LIGUE1,2021-22,openfootball
LIGUE1,27/02/2022,Angers SCO,RC Lens,1,2,A,LIGUE1,2021-22,openfootball
LIGUE1,27/02/2022,Clermont Foot 63,Girondins Bordeaux,1,1,D,LIGUE1,2021-22,openfootball
LIGUE1,27/02/2022,ESTAC Troyes,Olympique Marseille,1,1,D,LIGUE1,2021-22,openfootball
LIGUE1,27/02/2022,FC Metz,FC Nantes,0,0,D,LIGUE1,2021-22,openfootball
LIGUE1,27/02/2022,Olympique Lyonnais,Lille OSC,0,1,A,LIGUE1,2021-22,openfootball
LIGUE1,27/02/2022,Stade Brestois 29,FC Lorient,0,1,A,LIGUE1,2021-22,openfootball
LIGUE1,04/03/2022,FC Lorient,Olympique Lyonnais,1,4,A,LIGUE1,2021-22,openfootball
LIGUE1,05/03/2022,OGC Nice,Paris Saint-Germain,1,0,H,LIGUE1,2021-22,openfootball
LIGUE1,05/03/2022,RC Lens,Stade Brestois 29,0,1,A,LIGUE1,2021-22,openfootball
LIGUE1,06/03/2022,AS Saint-Étienne,FC Metz,1,0,H,LIGUE1,2021-22,openfootball
LIGUE1,06/03/2022,FC Nantes,Montpellier HSC,2,0,H,LIGUE1,2021-22,openfootball
LIGUE1,06/03/2022,Girondins Bordeaux,ESTAC Troyes,0,2,A,LIGUE1,2021-22,openfootball
LIGUE1,06/03/2022,Lille OSC,Clermont Foot 63,4,0,H,LIGUE1,2021-22,openfootball
LIGUE1,06/03/2022,Olympique Marseille,AS Monaco,0,1,A,LIGUE1,2021-22,openfootball
LIGUE1,06/03/2022,Stade Rennais,Angers SCO,2,0,H,LIGUE1,2021-22,openfootball
LIGUE1,06/03/2022,Stade de Reims,RC Strasbourg,1,1,D,LIGUE1,2021-22,openfootball
LIGUE1,11/03/2022,Lille OSC,AS Saint-Étienne,0,0,D,LIGUE1,2021-22,openfootball
LIGUE1,12/03/2022,ESTAC Troyes,FC Nantes,1,0,H,LIGUE1,2021-22,openfootball
LIGUE1,12/03/2022,Montpellier HSC,OGC Nice,0,0,D,LIGUE1,2021-22,openfootball
LIGUE1,13/03/2022,Angers SCO,Stade de Reims,0,1,A,LIGUE1,2021-22,openfootball
LIGUE1,13/03/2022,Clermont Foot 63,FC Lorient,0,2,A,LIGUE1,2021-22,openfootball
LIGUE1,13/03/2022,FC Metz,RC Lens,0,0,D,LIGUE1,2021-22,openfootball
LIGUE1,13/03/2022,Olympique Lyonnais,Stade Rennais,2,4,A,LIGUE1,2021-22,openfootball
LIGUE1,13/03/2022,Paris Saint-Germain,Girondins Bordeaux,3,0,H,LIGUE1,2021-22,openfootball
LIGUE1,13/03/2022,RC Strasbourg,AS Monaco,1,0,H,LIGUE1,2021-22,openfootball
LIGUE1,13/03/2022,Stade Brestois 29,Olympique Marseille,1,4,A,LIGUE1,2021-22,openfootball
LIGUE1,18/03/2022,AS Saint-Étienne,ESTAC Troyes,1,1,D,LIGUE1,2021-22,openfootball
LIGUE1,19/03/2022,FC Nantes,Lille OSC,0,1,A,LIGUE1,2021-22,openfootball
LIGUE1,19/03/2022,RC Lens,Clermont Foot 63,3,1,H,LIGUE1,2021-22,openfootball
LIGUE1,20/03/2022,AS Monaco,Paris Saint-Germain,3,0,H,LIGUE1,2021-22,openfootball
LIGUE1,20/03/2022,Angers SCO,Stade Brestois 29,1,0,H,LIGUE1,2021-22,openfootball
LIGUE1,20/03/2022,FC Lorient,RC Strasbourg,0,0,D,LIGUE1,2021-22,openfootball
LIGUE1,20/03/2022,Girondins Bordeaux,Montpellier HSC,0,2,A,LIGUE1,2021-22,openfootball
LIGUE1,20/03/2022,Olympique Marseille,OGC Nice,2,1,H,LIGUE1,2021-22,openfootball
LIGUE1,20/03/2022,Stade Rennais,FC Metz,6,1,H,LIGUE1,2021-22,openfootball
LIGUE1,20/03/2022,Stade de Reims,Olympique Lyonnais,0,0,D,LIGUE1,2021-22,openfootball
LIGUE1,02/04/2022,Lille OSC,Girondins Bordeaux,0,0,D,LIGUE1,2021-22,openfootball
LIGUE1,02/04/2022,OGC Nice,Stade Rennais,1,1,D,LIGUE1,2021-22,openfootball
LIGUE1,03/04/2022,AS Saint-Étienne,Olympique Marseille,2,4,A,LIGUE1,2021-22,openfootball
LIGUE1,03/04/2022,Clermont Foot 63,FC Nantes,2,3,A,LIGUE1,2021-22,openfootball
LIGUE1,03/04/2022,ESTAC Troyes,Stade de Reims,1,0,H,LIGUE1,2021-22,openfootball
LIGUE1,03/04/2022,FC Metz,AS Monaco,1,2,A,LIGUE1,2021-22,openfootball
LIGUE1,03/04/2022,Montpellier HSC,Stade Brestois 29,1,2,A,LIGUE1,2021-22,openfootball
LIGUE1,03/04/2022,Olympique Lyonnais,Angers SCO,3,2,H,LIGUE1,2021-22,openfootball
LIGUE1,03/04/2022,Paris Saint-Germain,FC Lorient,5,1,H,LIGUE1,2021-22,openfootball
LIGUE1,03/04/2022,RC Strasbourg,RC Lens,1,0,H,LIGUE1,2021-22,openfootball
LIGUE1,08/04/2022,FC Lorient,AS Saint-Étienne,6,2,H,LIGUE1,2021-22,openfootball
LIGUE1,09/04/2022,Clermont Foot 63,Paris Saint-Germain,1,6,A,LIGUE1,2021-22,openfootball
LIGUE1,09/04/2022,Stade de Reims,Stade Rennais,2,3,A,LIGUE1,2021-22,openfootball
LIGUE1,10/04/2022,AS Monaco,ESTAC Troyes,2,1,H,LIGUE1,2021-22,openfootball
LIGUE1,10/04/2022,Angers SCO,Lille OSC,1,1,D,LIGUE1,2021-22,openfootball
LIGUE1,10/04/2022,Girondins Bordeaux,FC Metz,3,1,H,LIGUE1,2021-22,openfootball
LIGUE1,10/04/2022,Olympique Marseille,Montpellier HSC,2,0,H,LIGUE1,2021-22,openfootball
LIGUE1,10/04/2022,RC Lens,OGC Nice,3,0,H,LIGUE1,2021-22,openfootball
LIGUE1,10/04/2022,RC Strasbourg,Olympique Lyonnais,1,1,D,LIGUE1,2021-22,openfootball
LIGUE1,10/04/2022,Stade Brestois 29,FC Nantes,1,1,D,LIGUE1,2021-22,openfootball
LIGUE1,15/04/2022,Stade Rennais,AS Monaco,2,3,A,LIGUE1,2021-22,openfootball
LIGUE1,16/04/2022,AS Saint-Étienne,Stade Brestois 29,2,1,H,LIGUE1,2021-22,openfootball
LIGUE1,16/04/2022,Lille OSC,RC Lens,1,2,A,LIGUE1,2021-22,openfootball
LIGUE1,17/04/2022,ESTAC Troyes,RC Strasbourg,1,1,D,LIGUE1,2021-22,openfootball
LIGUE1,17/04/2022,FC Metz,Clermont Foot 63,1,1,D,LIGUE1,2021-22,openfootball
LIGUE1,17/04/2022,FC Nantes,Angers SCO,1,1,D,LIGUE1,2021-22,openfootball
LIGUE1,17/04/2022,Montpellier HSC,Stade de Reims,0,0,D,LIGUE1,2021-22,openfootball
LIGUE1,17/04/2022,OGC Nice,FC Lorient,2,1,H,LIGUE1,2021-22,openfootball
LIGUE1,17/04/2022,Olympique Lyonnais,Girondins Bordeaux,6,1,H,LIGUE1,2021-22,openfootball
LIGUE1,17/04/2022,Paris Saint-Germain,Olympique Marseille,2,1,H,LIGUE1,2021-22,openfootball
LIGUE1,20/04/2022,AS Monaco,OGC Nice,1,0,H,LIGUE1,2021-22,openfootball
LIGUE1,20/04/2022,Angers SCO,Paris Saint-Germain,0,3,A,LIGUE1,2021-22,openfootball
LIGUE1,20/04/2022,ESTAC Troyes,Clermont Foot 63,0,1,A,LIGUE1,2021-22,openfootball
LIGUE1,20/04/2022,FC Lorient,FC Metz,1,0,H,LIGUE1,2021-22,openfootball
LIGUE1,20/04/2022,Girondins Bordeaux,AS Saint-Étienne,2,2,D,LIGUE1,2021-22,openfootball
LIGUE1,20/04/2022,Olympique Marseille,FC Nantes,3,2,H,LIGUE1,2021-22,openfootball
LIGUE1,20/04/2022,RC Lens,Montpellier HSC,2,0,H,LIGUE1,2021-22,openfootball
LIGUE1,20/04/2022,RC Strasbourg,Stade Rennais,2,1,H,LIGUE1,2021-22,openfootball
LIGUE1,20/04/2022,Stade Brestois 29,Olympique Lyonnais,2,1,H,LIGUE1,2021-22,openfootball
LIGUE1,20/04/2022,Stade de Reims,Lille OSC,2,1,H,LIGUE1,2021-22,openfootball
LIGUE1,23/04/2022,AS Saint-Étienne,AS Monaco,1,4,A,LIGUE1,2021-22,openfootball
LIGUE1,23/04/2022,Olympique Lyonnais,Montpellier HSC,5,2,H,LIGUE1,2021-22,openfootball
LIGUE1,23/04/2022,Paris Saint-Germain,RC Lens,1,1,D,LIGUE1,2021-22,openfootball
LIGUE1,24/04/2022,Clermont Foot 63,Angers SCO,2,2,D,LIGUE1,2021-22,openfootball
LIGUE1,24/04/2022,FC Metz,Stade Brestois 29,0,1,A,LIGUE1,2021-22,openfootball
LIGUE1,24/04/2022,FC Nantes,Girondins Bordeaux,5,3,H,LIGUE1,2021-22,openfootball
LIGUE1,24/04/2022,Lille OSC,RC Strasbourg,1,0,H,LIGUE1,2021-22,openfootball
LIGUE1,24/04/2022,OGC Nice,ESTAC Troyes,1,0,H,LIGUE1,2021-22,openfootball
LIGUE1,24/04/2022,Stade Rennais,FC Lorient,5,0,H,LIGUE1,2021-22,openfootball
LIGUE1,24/04/2022,Stade de Reims,Olympique Marseille,0,1,A,LIGUE1,2021-22,openfootball
LIGUE1,29/04/2022,RC Strasbourg,Paris Saint-Germain,3,3,D,LIGUE1,2021-22,openfootball
LIGUE1,30/04/2022,RC Lens,FC Nantes,2,2,D,LIGUE1,2021-22,openfootball
LIGUE1,30/04/2022,Stade Rennais,AS Saint-Étienne,2,0,H,LIGUE1,2021-22,openfootball
LIGUE1,01/05/2022,AS Monaco,Angers SCO,2,0,H,LIGUE1,2021-22,openfootball
LIGUE1,01/05/2022,ESTAC Troyes,Lille OSC,3,0,H,LIGUE1,2021-22,openfootball
LIGUE1,01/05/2022,FC Lorient,Stade de Reims,1,2,A,LIGUE1,2021-22,openfootball
LIGUE1,01/05/2022,Girondins Bordeaux,OGC Nice,0,1,A,LIGUE1,2021-22,openfootball
LIGUE1,01/05/2022,Montpellier HSC,FC Metz,2,2,D,LIGUE1,2021-22,openfootball
LIGUE1,01/05/2022,Olympique Marseille,Olympique Lyonnais,0,3,A,LIGUE1,2021-22,openfootball
LIGUE1,01/05/2022,Stade Brestois 29,Clermont Foot 63,2,0,H,LIGUE1,2021-22,openfootball
LIGUE1,06/05/2022,Lille OSC,AS Monaco,1,2,A,LIGUE1,2021-22,openfootball
LIGUE1,07/05/2022,Stade Brestois 29,RC Strasbourg,0,1,A,LIGUE1,2021-22,openfootball
LIGUE1,08/05/2022,Angers SCO,Girondins Bordeaux,4,1,H,LIGUE1,2021-22,openfootball
LIGUE1,08/05/2022,Clermont Foot 63,Montpellier HSC,2,1,H,LIGUE1,2021-22,openfootball
LIGUE1,08/05/2022,FC Lorient,Olympique Marseille,0,3,A,LIGUE1,2021-22,openfootball
LIGUE1,08/05/2022,FC Metz,Olympique Lyonnais,3,2,H,LIGUE1,2021-22,openfootball
LIGUE1,08/05/2022,Paris Saint-Germain,ESTAC Troyes,2,2,D,LIGUE1,2021-22,openfootball
LIGUE1,08/05/2022,Stade de Reims,RC Lens,1,2,A,LIGUE1,2021-22,openfootball
LIGUE1,11/05/2022,FC Nantes,Stade Rennais,2,1,H,LIGUE1,2021-22,openfootball
LIGUE1,11/05/2022,OGC Nice,AS Saint-Étienne,4,2,H,LIGUE1,2021-22,openfootball
LIGUE1,14/05/2022,AS Monaco,Stade Brestois 29,4,2,H,LIGUE1,2021-22,openfootball
LIGUE1,14/05/2022,AS Saint-Étienne,Stade de Reims,1,2,A,LIGUE1,2021-22,openfootball
LIGUE1,14/05/2022,ESTAC Troyes,RC Lens,1,3,A,LIGUE1,2021-22,openfootball
LIGUE1,14/05/2022,FC Metz,Angers SCO,1,0,H,LIGUE1,2021-22,openfootball
LIGUE1,14/05/2022,Girondins Bordeaux,FC Lorient,0,0,D,LIGUE1,2021-22,openfootball
LIGUE1,14/05/2022,Montpellier HSC,Paris Saint-Germain,0,4,A,LIGUE1,2021-22,openfootball
LIGUE1,14/05/2022,OGC Nice,Lille OSC,1,3,A,LIGUE1,2021-22,openfootball
LIGUE1,14/05/2022,Olympique Lyonnais,FC Nantes,3,2,H,LIGUE1,2021-22,openfootball
LIGUE1,14/05/2022,RC Strasbourg,Clermont Foot 63,1,0,H,LIGUE1,2021-22,openfootball
LIGUE1,14/05/2022,Stade Rennais,Olympique Marseille,2,0,H,LIGUE1,2021-22,openfootball
LIGUE1,21/05/2022,Angers SCO,Montpellier HSC,2,0,H,LIGUE1,2021-22,openfootball
LIGUE1,21/05/2022,Clermont Foot 63,Olympique Lyonnais,1,2,A,LIGUE1,2021-22,openfootball
LIGUE1,21/05/2022,FC Lorient,ESTAC Troyes,1,1,D,LIGUE1,2021-22,openfootball
LIGUE1,21/05/2022,FC Nantes,AS Saint-Étienne,1,1,D,LIGUE1,2021-22,openfootball
LIGUE1,21/05/2022,Lille OSC,Stade Rennais,2,2,D,LIGUE1,2021-22,openfootball
LIGUE1,21/05/2022,Olympique Marseille,RC Strasbourg,4,0,H,LIGUE1,2021-22,openfootball
LIGUE1,21/05/2022,Paris Saint-Germain,FC Metz,5,0,H,LIGUE1,2021-22,openfootball
LIGUE1,21/05/2022,RC Lens,AS Monaco,2,2,D,LIGUE1,2021-22,openfootball
LIGUE1,21/05/2022,Stade Brestois 29,Girondins Bordeaux,2,4,A,LIGUE1,2021-22,openfootball
LIGUE1,21/05/2022,Stade de Reims,OGC Nice,2,3,A,LIGUE1,2021-22,openfootball
LIGUE1,05/08/2022,Olympique Lyonnais,AC Ajaccio,2,1,H,LIGUE1,2022-23,openfootball
LIGUE1,06/08/2022,Clermont Foot 63,Paris Saint-Germain,0,5,A,LIGUE1,2022-23,openfootball
LIGUE1,06/08/2022,RC Strasbourg,AS Monaco,1,2,A,LIGUE1,2022-23,openfootball
LIGUE1,07/08/2022,Angers SCO,FC Nantes,0,0,D,LIGUE1,2022-23,openfootball
LIGUE1,07/08/2022,Lille OSC,AJ Auxerre,4,1,H,LIGUE1,2022-23,openfootball
LIGUE1,07/08/2022,Montpellier HSC,ESTAC Troyes,3,2,H,LIGUE1,2022-23,openfootball
LIGUE1,07/08/2022,Olympique Marseille,Stade de Reims,4,1,H,LIGUE1,2022-23,openfootball
LIGUE1,07/08/2022,RC Lens,Stade Brestois 29,3,2,H,LIGUE1,2022-23,openfootball
LIGUE1,07/08/2022,Stade Rennais,FC Lorient,0,1,A,LIGUE1,2022-23,openfootball
LIGUE1,07/08/2022,Toulouse FC,OGC Nice,1,1,D,LIGUE1,2022-23,openfootball
LIGUE1,12/08/2022,FC Nantes,Lille OSC,1,1,D,LIGUE1,2022-23,openfootball
LIGUE1,13/08/2022,AS Monaco,Stade Rennais,1,1,D,LIGUE1,2022-23,openfootball
LIGUE1,13/08/2022,Paris Saint-Germain,Montpellier HSC,5,2,H,LIGUE1,2022-23,openfootball
LIGUE1,14/08/2022,AC Ajaccio,RC Lens,0,0,D,LIGUE1,2022-23,openfootball
LIGUE1,14/08/2022,AJ Auxerre,Angers SCO,2,2,D,LIGUE1,2022-23,openfootball
LIGUE1,14/08/2022,ESTAC Troyes,Toulouse FC,0,3,A,LIGUE1,2022-23,openfootball
LIGUE1,14/08/2022,OGC Nice,RC Strasbourg,1,1,D,LIGUE1,2022-23,openfootball
LIGUE1,14/08/2022,Stade Brestois 29,Olympique Marseille,1,1,D,LIGUE1,2022-23,openfootball
LIGUE1,14/08/2022,Stade de Reims,Clermont Foot 63,2,4,A,LIGUE1,2022-23,openfootball
LIGUE1,19/08/2022,Olympique Lyonnais,ESTAC Troyes,4,1,H,LIGUE1,2022-23,openfootball
LIGUE1,20/08/2022,AS Monaco,RC Lens,1,4,A,LIGUE1,2022-23,openfootball
LIGUE1,20/08/2022,Olympique Marseille,FC Nantes,2,1,H,LIGUE1,2022-23,openfootball
LIGUE1,21/08/2022,Angers SCO,Stade Brestois 29,1,3,A,LIGUE1,2022-23,openfootball
LIGUE1,21/08/2022,Clermont Foot 63,OGC Nice,1,0,H,LIGUE1,2022-23,openfootball
LIGUE1,21/08/2022,Lille OSC,Paris Saint-Germain,1,7,A,LIGUE1,2022-23,openfootball
LIGUE1,21/08/2022,Montpellier HSC,AJ Auxerre,1,2,A,LIGUE1,2022-23,openfootball
LIGUE1,21/08/2022,RC Strasbourg,Stade de Reims,1,1,D,LIGUE1,2022-23,openfootball
LIGUE1,21/08/2022,Stade Rennais,AC Ajaccio,2,1,H,LIGUE1,2022-23,openfootball
LIGUE1,21/08/2022,Toulouse FC,FC Lorient,2,2,D,LIGUE1,2022-23,openfootball
LIGUE1,26/08/2022,AC Ajaccio,Lille OSC,1,3,A,LIGUE1,2022-23,openfootball
LIGUE1,27/08/2022,AJ Auxerre,RC Strasbourg,1,0,H,LIGUE1,2022-23,openfootball
LIGUE1,27/08/2022,RC Lens,Stade Rennais,2,1,H,LIGUE1,2022-23,openfootball
LIGUE1,28/08/2022,ESTAC Troyes,Angers SCO,3,1,H,LIGUE1,2022-23,openfootball
LIGUE1,28/08/2022,FC Lorient,Clermont Foot 63,2,1,H,LIGUE1,2022-23,openfootball
LIGUE1,28/08/2022,FC Nantes,Toulouse FC,3,1,H,LIGUE1,2022-23,openfootball
LIGUE1,28/08/2022,OGC Nice,Olympique Marseille,0,3,A,LIGUE1,2022-23,openfootball
LIGUE1,28/08/2022,Paris Saint-Germain,AS Monaco,1,1,D,LIGUE1,2022-23,openfootball
LIGUE1,28/08/2022,Stade Brestois 29,Montpellier HSC,0,7,A,LIGUE1,2022-23,openfootball
LIGUE1,28/08/2022,Stade de Reims,Olympique Lyonnais,1,1,D,LIGUE1,2022-23,openfootball
LIGUE1,31/08/2022,AS Monaco,ESTAC Troyes,2,4,A,LIGUE1,2022-23,openfootball
LIGUE1,31/08/2022,Angers SCO,Stade de Reims,2,4,A,LIGUE1,2022-23,openfootball
LIGUE1,31/08/2022,Lille OSC,OGC Nice,1,2,A,LIGUE1,2022-23,openfootball
LIGUE1,31/08/2022,Montpellier HSC,AC Ajaccio,2,0,H,LIGUE1,2022-23,openfootball
LIGUE1,31/08/2022,Olympique Lyonnais,AJ Auxerre,2,1,H,LIGUE1,2022-23,openfootball
LIGUE1,31/08/2022,Olympique Marseille,Clermont Foot 63,1,0,H,LIGUE1,2022-23,openfootball
LIGUE1,31/08/2022,RC Lens,FC Lorient,5,2,H,LIGUE1,2022-23,openfootball
LIGUE1,31/08/2022,RC Strasbourg,FC Nantes,1,1,D,LIGUE1,2022-23,openfootball
LIGUE1,31/08/2022,Stade Rennais,Stade Brestois 29,3,1,H,LIGUE1,2022-23,openfootball
LIGUE1,31/08/2022,Toulouse FC,Paris Saint-Germain,0,3,A,LIGUE1,2022-23,openfootball
LIGUE1,03/09/2022,AJ Auxerre,Olympique Marseille,0,2,A,LIGUE1,2022-23,openfootball
LIGUE1,03/09/2022,FC Nantes,Paris Saint-Germain,0,3,A,LIGUE1,2022-23,openfootball
LIGUE1,03/09/2022,Olympique Lyonnais,Angers SCO,5,0,H,LIGUE1,2022-23,openfootball
LIGUE1,04/09/2022,AC Ajaccio,FC Lorient,0,1,A,LIGUE1,2022-23,openfootball
LIGUE1,04/09/2022,Clermont Foot 63,Toulouse FC,2,0,H,LIGUE1,2022-23,openfootball
LIGUE1,04/09/2022,ESTAC Troyes,Stade Rennais,1,1,D,LIGUE1,2022-23,openfootball
LIGUE1,04/09/2022,Montpellier HSC,Lille OSC,1,3,A,LIGUE1,2022-23,openfootball
LIGUE1,04/09/2022,OGC Nice,AS Monaco,0,1,A,LIGUE1,2022-23,openfootball
LIGUE1,04/09/2022,Stade Brestois 29,RC Strasbourg,1,1,D,LIGUE1,2022-23,openfootball
LIGUE1,04/09/2022,Stade de Reims,RC Lens,1,1,D,LIGUE1,2022-23,openfootball
LIGUE1,07/09/2022,FC Lorient,Olympique Lyonnais,3,1,H,LIGUE1,2022-23,openfootball
LIGUE1,09/09/2022,RC Lens,ESTAC Troyes,1,0,H,LIGUE1,2022-23,openfootball
LIGUE1,10/09/2022,Olympique Marseille,Lille OSC,2,1,H,LIGUE1,2022-23,openfootball
LIGUE1,10/09/2022,Paris Saint-Germain,Stade Brestois 29,1,0,H,LIGUE1,2022-23,openfootball
LIGUE1,11/09/2022,AC Ajaccio,OGC Nice,0,1,A,LIGUE1,2022-23,openfootball
LIGUE1,11/09/2022,AS Monaco,Olympique Lyonnais,2,1,H,LIGUE1,2022-23,openfootball
LIGUE1,11/09/2022,Angers SCO,Montpellier HSC,2,1,H,LIGUE1,2022-23,openfootball
LIGUE1,11/09/2022,FC Lorient,FC Nantes,3,2,H,LIGUE1,2022-23,openfootball
LIGUE1,11/09/2022,RC Strasbourg,Clermont Foot 63,0,0,D,LIGUE1,2022-23,openfootball
LIGUE1,11/09/2022,Stade Rennais,AJ Auxerre,5,0,H,LIGUE1,2022-23,openfootball
LIGUE1,11/09/2022,Toulouse FC,Stade de Reims,1,0,H,LIGUE1,2022-23,openfootball
LIGUE1,16/09/2022,AJ Auxerre,FC Lorient,1,3,A,LIGUE1,2022-23,openfootball
LIGUE1,17/09/2022,Lille OSC,Toulouse FC,2,1,H,LIGUE1,2022-23,openfootball
LIGUE1,17/09/2022,Montpellier HSC,RC Strasbourg,2,1,H,LIGUE1,2022-23,openfootball
LIGUE1,18/09/2022,Clermont Foot 63,ESTAC Troyes,1,3,A,LIGUE1,2022-23,openfootball
LIGUE1,18/09/2022,FC Nantes,RC Lens,0,0,D,LIGUE1,2022-23,openfootball
LIGUE1,18/09/2022,OGC Nice,Angers SCO,0,1,A,LIGUE1,2022-23,openfootball
LIGUE1,18/09/2022,Olympique Lyonnais,Paris Saint-Germain,0,1,A,LIGUE1,2022-23,openfootball
LIGUE1,18/09/2022,Olympique Marseille,Stade Rennais,1,1,D,LIGUE1,2022-23,openfootball
LIGUE1,18/09/2022,Stade Brestois 29,AC Ajaccio,0,1,A,LIGUE1,2022-23,openfootball
LIGUE1,18/09/2022,Stade de Reims,AS Monaco,0,3,A,LIGUE1,2022-23,openfootball
LIGUE1,30/09/2022,Angers SCO,Olympique Marseille,0,3,A,LIGUE1,2022-23,openfootball
LIGUE1,01/10/2022,Paris Saint-Germain,OGC Nice,2,1,H,LIGUE1,2022-23,openfootball
LIGUE1,01/10/2022,RC Strasbourg,Stade Rennais,1,3,A,LIGUE1,2022-23,openfootball
LIGUE1,02/10/2022,AC Ajaccio,Clermont Foot 63,1,3,A,LIGUE1,2022-23,openfootball
LIGUE1,02/10/2022,AJ Auxerre,Stade Brestois 29,1,1,D,LIGUE1,2022-23,openfootball
LIGUE1,02/10/2022,AS Monaco,FC Nantes,4,1,H,LIGUE1,2022-23,openfootball
LIGUE1,02/10/2022,ESTAC Troyes,Stade de Reims,2,2,D,LIGUE1,2022-23,openfootball
LIGUE1,02/10/2022,FC Lorient,Lille OSC,2,1,H,LIGUE1,2022-23,openfootball
LIGUE1,02/10/2022,RC Lens,Olympique Lyonnais,1,0,H,LIGUE1,2022-23,openfootball
LIGUE1,02/10/2022,Toulouse FC,Montpellier HSC,4,2,H,LIGUE1,2022-23,openfootball
LIGUE1,07/10/2022,Olympique Lyonnais,Toulouse FC,1,1,D,LIGUE1,2022-23,openfootball
LIGUE1,08/10/2022,Olympique Marseille,AC Ajaccio,1,2,A,LIGUE1,2022-23,openfootball
LIGUE1,08/10/2022,Stade de Reims,Paris Saint-Germain,0,0,D,LIGUE1,2022-23,openfootball
LIGUE1,09/10/2022,Angers SCO,RC Strasbourg,2,3,A,LIGUE1,2022-23,openfootball
LIGUE1,09/10/2022,Clermont Foot 63,AJ Auxerre,2,1,H,LIGUE1,2022-23,openfootball
LIGUE1,09/10/2022,Lille OSC,RC Lens,1,0,H,LIGUE1,2022-23,openfootball
LIGUE1,09/10/2022,Montpellier HSC,AS Monaco,0,2,A,LIGUE1,2022-23,openfootball
LIGUE1,09/10/2022,OGC Nice,ESTAC Troyes,3,2,H,LIGUE1,2022-23,openfootball
LIGUE1,09/10/2022,Stade Brestois 29,FC Lorient,1,2,A,LIGUE1,2022-23,openfootball
LIGUE1,09/10/2022,Stade Rennais,FC Nantes,3,0,H,LIGUE1,2022-23,openfootball
LIGUE1,14/10/2022,RC Strasbourg,Lille OSC,0,3,A,LIGUE1,2022-23,openfootball
LIGUE1,15/10/2022,FC Lorient,Stade de Reims,0,0,D,LIGUE1,2022-23,openfootball
LIGUE1,15/10/2022,RC Lens,Montpellier HSC,1,0,H,LIGUE1,2022-23,openfootball
LIGUE1,16/10/2022,AJ Auxerre,OGC Nice,1,1,D,LIGUE1,2022-23,openfootball
LIGUE1,16/10/2022,AS Monaco,Clermont Foot 63,1,1,D,LIGUE1,2022-23,openfootball
LIGUE1,16/10/2022,ESTAC Troyes,AC Ajaccio,1,1,D,LIGUE1,2022-23,openfootball
LIGUE1,16/10/2022,FC Nantes,Stade Brestois 29,4,1,H,LIGUE1,2022-23,openfootball
LIGUE1,16/10/2022,Paris Saint-Germain,Olympique Marseille,1,0,H,LIGUE1,2022-23,openfootball
LIGUE1,16/10/2022,Stade Rennais,Olympique Lyonnais,3,2,H,LIGUE1,2022-23,openfootball
LIGUE1,16/10/2022,Toulouse FC,Angers SCO,3,2,H,LIGUE1,2022-23,openfootball
LIGUE1,21/10/2022,AC Ajaccio,Paris Saint-Germain,0,3,A,LIGUE1,2022-23,openfootball
LIGUE1,22/10/2022,Montpellier HSC,Olympique Lyonnais,1,2,A,LIGUE1,2022-23,openfootball
LIGUE1,22/10/2022,Olympique Marseille,RC Lens,0,1,A,LIGUE1,2022-23,openfootball
LIGUE1,23/10/2022,Angers SCO,Stade Rennais,1,2,A,LIGUE1,2022-23,openfootball
LIGUE1,23/10/2022,Clermont Foot 63,Stade Brestois 29,1,3,A,LIGUE1,2022-23,openfootball
LIGUE1,23/10/2022,ESTAC Troyes,FC Lorient,2,2,D,LIGUE1,2022-23,openfootball
LIGUE1,23/10/2022,Lille OSC,AS Monaco,4,3,H,LIGUE1,2022-23,openfootball
LIGUE1,23/10/2022,OGC Nice,FC Nantes,1,1,D,LIGUE1,2022-23,openfootball
LIGUE1,23/10/2022,Stade de Reims,AJ Auxerre,2,1,H,LIGUE1,2022-23,openfootball
LIGUE1,23/10/2022,Toulouse FC,RC Strasbourg,2,2,D,LIGUE1,2022-23,openfootball
LIGUE1,28/10/2022,RC Lens,Toulouse FC,3,0,H,LIGUE1,2022-23,openfootball
LIGUE1,29/10/2022,Paris Saint-Germain,ESTAC Troyes,4,3,H,LIGUE1,2022-23,openfootball
LIGUE1,29/10/2022,RC Strasbourg,Olympique Marseille,2,2,D,LIGUE1,2022-23,openfootball
LIGUE1,30/10/2022,AJ Auxerre,AC Ajaccio,1,0,H,LIGUE1,2022-23,openfootball
LIGUE1,30/10/2022,AS Monaco,Angers SCO,2,0,H,LIGUE1,2022-23,openfootball
LIGUE1,30/10/2022,FC Lorient,OGC Nice,1,2,A,LIGUE1,2022-23,openfootball
LIGUE1,30/10/2022,FC Nantes,Clermont Foot 63,1,1,D,LIGUE1,2022-23,openfootball
LIGUE1,30/10/2022,Olympique Lyonnais,Lille OSC,1,0,H,LIGUE1,2022-23,openfootball
LIGUE1,30/10/2022,Stade Brestois 29,Stade de Reims,0,0,D,LIGUE1,2022-23,openfootball
LIGUE1,30/10/2022,Stade Rennais,Montpellier HSC,3,0,H,LIGUE1,2022-23,openfootball
LIGUE1,04/11/2022,ESTAC Troyes,AJ Auxerre,1,1,D,LIGUE1,2022-23,openfootball
LIGUE1,05/11/2022,AC Ajaccio,RC Strasbourg,4,2,H,LIGUE1,2022-23,openfootball
LIGUE1,05/11/2022,Angers SCO,RC Lens,1,2,A,LIGUE1,2022-23,openfootball
LIGUE1,06/11/2022,Clermont Foot 63,Montpellier HSC,1,1,D,LIGUE1,2022-23,openfootball
LIGUE1,06/11/2022,FC Lorient,Paris Saint-Germain,1,2,A,LIGUE1,2022-23,openfootball
LIGUE1,06/11/2022,Lille OSC,Stade Rennais,1,1,D,LIGUE1,2022-23,openfootball
LIGUE1,06/11/2022,OGC Nice,Stade Brestois 29,1,0,H,LIGUE1,2022-23,openfootball
LIGUE1,06/11/2022,Olympique Marseille,Olympique Lyonnais,1,0,H,LIGUE1,2022-23,openfootball
LIGUE1,06/11/2022,Stade de Reims,FC Nantes,1,0,H,LIGUE1,2022-23,openfootball
LIGUE1,06/11/2022,Toulouse FC,AS Monaco,0,2,A,LIGUE1,2022-23,openfootball
LIGUE1,11/11/2022,Olympique Lyonnais,OGC Nice,1,1,D,LIGUE1,2022-23,openfootball
LIGUE1,12/11/2022,RC Lens,Clermont Foot 63,2,1,H,LIGUE1,2022-23,openfootball
LIGUE1,12/11/2022,Stade Rennais,Toulouse FC,2,1,H,LIGUE1,2022-23,openfootball
LIGUE1,13/11/2022,AS Monaco,Olympique Marseille,2,3,A,LIGUE1,2022-23,openfootball
LIGUE1,13/11/2022,FC Nantes,AC Ajaccio,2,2,D,LIGUE1,2022-23,openfootball
LIGUE1,13/11/2022,Lille OSC,Angers SCO,1,0,H,LIGUE1,2022-23,openfootball
LIGUE1,13/11/2022,Montpellier HSC,Stade de Reims,1,1,D,LIGUE1,2022-23,openfootball
LIGUE1,13/11/2022,Paris Saint-Germain,AJ Auxerre,5,0,H,LIGUE1,2022-23,openfootball
LIGUE1,13/11/2022,RC Strasbourg,FC Lorient,1,1,D,LIGUE1,2022-23,openfootball
LIGUE1,13/11/2022,Stade Brestois 29,ESTAC Troyes,2,1,H,LIGUE1,2022-23,openfootball
LIGUE1,28/12/2022,AC Ajaccio,Angers SCO,1,0,H,LIGUE1,2022-23,openfootball
LIGUE1,28/12/2022,AJ Auxerre,AS Monaco,2,3,A,LIGUE1,2022-23,openfootball
LIGUE1,28/12/2022,Clermont Foot 63,Lille OSC,0,2,A,LIGUE1,2022-23,openfootball
LIGUE1,28/12/2022,ESTAC Troyes,FC Nantes,0,0,D,LIGUE1,2022-23,openfootball
LIGUE1,28/12/2022,Paris Saint-Germain,RC Strasbourg,2,1,H,LIGUE1,2022-23,openfootball
LIGUE1,28/12/2022,Stade Brestois 29,Olympique Lyonnais,2,4,A,LIGUE1,2022-23,openfootball
LIGUE1,29/12/2022,FC Lorient,Montpellier HSC,0,2,A,LIGUE1,2022-23,openfootball
LIGUE1,29/12/2022,OGC Nice,RC Lens,0,0,D,LIGUE1,2022-23,openfootball
LIGUE1,29/12/2022,Olympique Marseille,Toulouse FC,6,1,H,LIGUE1,2022-23,openfootball
LIGUE1,29/12/2022,Stade de Reims,Stade Rennais,3,1,H,LIGUE1,2022-23,openfootball
LIGUE1,01/01/2023,AS Monaco,Stade Brestois 29,1,0,H,LIGUE1,2022-23,openfootball
LIGUE1,01/01/2023,Angers SCO,FC Lorient,1,2,A,LIGUE1,2022-23,openfootball
LIGUE1,01/01/2023,FC Nantes,AJ Auxerre,1,0,H,LIGUE1,2022-23,openfootball
LIGUE1,01/01/2023,Olympique Lyonnais,Clermont Foot 63,0,1,A,LIGUE1,2022-23,openfootball
LIGUE1,01/01/2023,RC Lens,Paris Saint-Germain,3,1,H,LIGUE1,2022-23,openfootball
LIGUE1,01/01/2023,Toulouse FC,AC Ajaccio,2,0,H,LIGUE1,2022-23,openfootball
LIGUE1,02/01/2023,Lille OSC,Stade de Reims,1,1,D,LIGUE1,2022-23,openfootball
LIGUE1,02/01/2023,Montpellier HSC,Olympique Marseille,1,2,A,LIGUE1,2022-23,openfootball
LIGUE1,02/01/2023,RC Strasbourg,ESTAC Troyes,2,3,A,LIGUE1,2022-23,openfootball
LIGUE1,02/01/2023,Stade Rennais,OGC Nice,2,1,H,LIGUE1,2022-23,openfootball
LIGUE1,11/01/2023,AC Ajaccio,Stade de Reims,0,1,A,LIGUE1,2022-23,openfootball
LIGUE1,11/01/2023,AJ Auxerre,Toulouse FC,0,5,A,LIGUE1,2022-23,openfootball
LIGUE1,11/01/2023,Clermont Foot 63,Stade Rennais,2,1,H,LIGUE1,2022-23,openfootball
LIGUE1,11/01/2023,ESTAC Troyes,Olympique Marseille,0,2,A,LIGUE1,2022-23,openfootball
LIGUE1,11/01/2023,FC Lorient,AS Monaco,2,2,D,LIGUE1,2022-23,openfootball
LIGUE1,11/01/2023,FC Nantes,Olympique Lyonnais,0,0,D,LIGUE1,2022-23,openfootball
LIGUE1,11/01/2023,OGC Nice,Montpellier HSC,6,1,H,LIGUE1,2022-23,openfootball
LIGUE1,11/01/2023,Paris Saint-Germain,Angers SCO,2,0,H,LIGUE1,2022-23,openfootball
LIGUE1,11/01/2023,RC Strasbourg,RC Lens,2,2,D,LIGUE1,2022-23,openfootball
LIGUE1,11/01/2023,Stade Brestois 29,Lille OSC,0,0,D,LIGUE1,2022-23,openfootball
LIGUE1,14/01/2023,Olympique Lyonnais,RC Strasbourg,1,2,A,LIGUE1,2022-23,openfootball
LIGUE1,14/01/2023,Olympique Marseille,FC Lorient,3,1,H,LIGUE1,2022-23,openfootball
LIGUE1,14/01/2023,RC Lens,AJ Auxerre,1,0,H,LIGUE1,2022-23,openfootball
LIGUE1,15/01/2023,AS Monaco,AC Ajaccio,7,1,H,LIGUE1,2022-23,openfootball
LIGUE1,15/01/2023,Angers SCO,Clermont Foot 63,1,2,A,LIGUE1,2022-23,openfootball
LIGUE1,15/01/2023,Lille OSC,ESTAC Troyes,5,1,H,LIGUE1,2022-23,openfootball
LIGUE1,15/01/2023,Montpellier HSC,FC Nantes,0,3,A,LIGUE1,2022-23,openfootball
LIGUE1,15/01/2023,Stade Rennais,Paris Saint-Germain,1,0,H,LIGUE1,2022-23,openfootball
LIGUE1,15/01/2023,Stade de Reims,OGC Nice,0,0,D,LIGUE1,2022-23,openfootball
LIGUE1,15/01/2023,Toulouse FC,Stade Brestois 29,1,1,D,LIGUE1,2022-23,openfootball
LIGUE1,27/01/2023,FC Lorient,Stade Rennais,2,1,H,LIGUE1,2022-23,openfootball
LIGUE1,28/01/2023,ESTAC Troyes,RC Lens,1,1,D,LIGUE1,2022-23,openfootball
LIGUE1,28/01/2023,Olympique Marseille,AS Monaco,1,1,D,LIGUE1,2022-23,openfootball
LIGUE1,29/01/2023,AC Ajaccio,Olympique Lyonnais,0,2,A,LIGUE1,2022-23,openfootball
LIGUE1,29/01/2023,AJ Auxerre,Montpellier HSC,0,2,A,LIGUE1,2022-23,openfootball
LIGUE1,29/01/2023,Clermont Foot 63,FC Nantes,0,0,D,LIGUE1,2022-23,openfootball
LIGUE1,29/01/2023,OGC Nice,Lille OSC,1,0,H,LIGUE1,2022-23,openfootball
LIGUE1,29/01/2023,Paris Saint-Germain,Stade de Reims,1,1,D,LIGUE1,2022-23,openfootball
LIGUE1,29/01/2023,RC Strasbourg,Toulouse FC,1,2,A,LIGUE1,2022-23,openfootball
LIGUE1,29/01/2023,Stade Brestois 29,Angers SCO,4,0,H,LIGUE1,2022-23,openfootball
LIGUE1,01/02/2023,AS Monaco,AJ Auxerre,3,2,H,LIGUE1,2022-23,openfootball
LIGUE1,01/02/2023,Angers SCO,AC Ajaccio,1,2,A,LIGUE1,2022-23,openfootball
LIGUE1,01/02/2023,FC Nantes,Olympique Marseille,0,2,A,LIGUE1,2022-23,openfootball
LIGUE1,01/02/2023,Lille OSC,Clermont Foot 63,0,0,D,LIGUE1,2022-23,openfootball
LIGUE1,01/02/2023,Montpellier HSC,Paris Saint-Germain,1,3,A,LIGUE1,2022-23,openfootball
LIGUE1,01/02/2023,Olympique Lyonnais,Stade Brestois 29,0,0,D,LIGUE1,2022-23,openfootball
LIGUE1,01/02/2023,RC Lens,OGC Nice,0,1,A,LIGUE1,2022-23,openfootball
LIGUE1,01/02/2023,Stade Rennais,RC Strasbourg,3,0,H,LIGUE1,2022-23,openfootball
LIGUE1,01/02/2023,Stade de Reims,FC Lorient,4,2,H,LIGUE1,2022-23,openfootball
LIGUE1,01/02/2023,Toulouse FC,ESTAC Troyes,4,1,H,LIGUE1,2022-23,openfootball
LIGUE1,04/02/2023,ESTAC Troyes,Olympique Lyonnais,1,3,A,LIGUE1,2022-23,openfootball
LIGUE1,04/02/2023,Paris Saint-Germain,Toulouse FC,2,1,H,LIGUE1,2022-23,openfootball
LIGUE1,04/02/2023,Stade Rennais,Lille OSC,1,3,A,LIGUE1,2022-23,openfootball
LIGUE1,05/02/2023,AC Ajaccio,FC Nantes,0,2,A,LIGUE1,2022-23,openfootball
LIGUE1,05/02/2023,AJ Auxerre,Stade de Reims,0,0,D,LIGUE1,2022-23,openfootball
LIGUE1,05/02/2023,Clermont Foot 63,AS Monaco,0,2,A,LIGUE1,2022-23,openfootball
LIGUE1,05/02/2023,FC Lorient,Angers SCO,0,0,D,LIGUE1,2022-23,openfootball
LIGUE1,05/02/2023,Olympique Marseille,OGC Nice,1,3,A,LIGUE1,2022-23,openfootball
LIGUE1,05/02/2023,RC Strasbourg,Montpellier HSC,2,0,H,LIGUE1,2022-23,openfootball
LIGUE1,05/02/2023,Stade Brestois 29,RC Lens,1,1,D,LIGUE1,2022-23,openfootball
LIGUE1,10/02/2023,OGC Nice,AC Ajaccio,3,0,H,LIGUE1,2022-23,openfootball
LIGUE1,11/02/2023,AS Monaco,Paris Saint-Germain,3,1,H,LIGUE1,2022-23,openfootball
LIGUE1,11/02/2023,Clermont Foot 63,Olympique Marseille,0,2,A,LIGUE1,2022-23,openfootball
LIGUE1,12/02/2023,Angers SCO,AJ Auxerre,1,1,D,LIGUE1,2022-23,openfootball
LIGUE1,12/02/2023,FC Nantes,FC Lorient,1,0,H,LIGUE1,2022-23,openfootball
LIGUE1,12/02/2023,Lille OSC,RC Strasbourg,2,0,H,LIGUE1,2022-23,openfootball
LIGUE1,12/02/2023,Montpellier HSC,Stade Brestois 29,3,0,H,LIGUE1,2022-23,openfootball
LIGUE1,12/02/2023,Olympique Lyonnais,RC Lens,2,1,H,LIGUE1,2022-23,openfootball
LIGUE1,12/02/2023,Stade de Reims,ESTAC Troyes,4,0,H,LIGUE1,2022-23,openfootball
LIGUE1,12/02/2023,Toulouse FC,Stade Rennais,3,1,H,LIGUE1,2022-23,openfootball
LIGUE1,17/02/2023,AJ Auxerre,Olympique Lyonnais,2,1,H,LIGUE1,2022-23,openfootball
LIGUE1,18/02/2023,OGC Nice,Stade de Reims,0,0,D,LIGUE1,2022-23,openfootball
LIGUE1,18/02/2023,RC Strasbourg,Angers SCO,2,1,H,LIGUE1,2022-23,openfootball
LIGUE1,19/02/2023,ESTAC Troyes,Montpellier HSC,0,1,A,LIGUE1,2022-23,openfootball
LIGUE1,19/02/2023,FC Lorient,AC Ajaccio,3,0,H,LIGUE1,2022-23,openfootball
LIGUE1,19/02/2023,Paris Saint-Germain,Lille OSC,4,3,H,LIGUE1,2022-23,openfootball
LIGUE1,19/02/2023,RC Lens,FC Nantes,3,1,H,LIGUE1,2022-23,openfootball
LIGUE1,19/02/2023,Stade Brestois 29,AS Monaco,1,2,A,LIGUE1,2022-23,openfootball
LIGUE1,19/02/2023,Stade Rennais,Clermont Foot 63,2,0,H,LIGUE1,2022-23,openfootball
LIGUE1,19/02/2023,Toulouse FC,Olympique Marseille,2,3,A,LIGUE1,2022-23,openfootball
LIGUE1,24/02/2023,Lille OSC,Stade Brestois 29,2,1,H,LIGUE1,2022-23,openfootball
LIGUE1,25/02/2023,Angers SCO,Olympique Lyonnais,1,3,A,LIGUE1,2022-23,openfootball
LIGUE1,25/02/2023,Montpellier HSC,RC Lens,1,1,D,LIGUE1,2022-23,openfootball
LIGUE1,26/02/2023,AC Ajaccio,ESTAC Troyes,2,1,H,LIGUE1,2022-23,openfootball
LIGUE1,26/02/2023,AS Monaco,OGC Nice,0,3,A,LIGUE1,2022-23,openfootball
LIGUE1,26/02/2023,Clermont Foot 63,RC Strasbourg,1,1,D,LIGUE1,2022-23,openfootball
LIGUE1,26/02/2023,FC Lorient,AJ Auxerre,0,1,A,LIGUE1,2022-23,openfootball
LIGUE1,26/02/2023,FC Nantes,Stade Rennais,0,1,A,LIGUE1,2022-23,openfootball
LIGUE1,26/02/2023,Olympique Marseille,Paris Saint-Germain,0,3,A,LIGUE1,2022-23,openfootball
LIGUE1,26/02/2023,Stade de Reims,Toulouse FC,3,0,H,LIGUE1,2022-23,openfootball
LIGUE1,03/03/2023,OGC Nice,AJ Auxerre,1,1,D,LIGUE1,2022-23,openfootball
LIGUE1,04/03/2023,Paris Saint-Germain,FC Nantes,4,2,H,LIGUE1,2022-23,openfootball
LIGUE1,04/03/2023,RC Lens,Lille OSC,1,1,D,LIGUE1,2022-23,openfootball
LIGUE1,05/03/2023,ESTAC Troyes,AS Monaco,2,2,D,LIGUE1,2022-23,openfootball
LIGUE1,05/03/2023,Montpellier HSC,Angers SCO,5,0,H,LIGUE1,2022-23,openfootball
LIGUE1,05/03/2023,Olympique Lyonnais,FC Lorient,0,0,D,LIGUE1,2022-23,openfootball
LIGUE1,05/03/2023,RC Strasbourg,Stade Brestois 29,0,1,A,LIGUE1,2022-23,openfootball
LIGUE1,05/03/2023,Stade Rennais,Olympique Marseille,0,1,A,LIGUE1,2022-23,openfootball
LIGUE1,05/03/2023,Stade de Reims,AC Ajaccio,1,0,H,LIGUE1,2022-23,openfootball
LIGUE1,05/03/2023,Toulouse FC,Clermont Foot 63,0,1,A,LIGUE1,2022-23,openfootball
LIGUE1,10/03/2023,Lille OSC,Olympique Lyonnais,3,3,D,LIGUE1,2022-23,openfootball
LIGUE1,11/03/2023,AJ Auxerre,Stade Rennais,0,0,D,LIGUE1,2022-23,openfootball
LIGUE1,11/03/2023,Stade Brestois 29,Paris Saint-Germain,1,2,A,LIGUE1,2022-23,openfootball
LIGUE1,12/03/2023,AC Ajaccio,Montpellier HSC,0,1,A,LIGUE1,2022-23,openfootball
LIGUE1,12/03/2023,AS Monaco,Stade de Reims,0,1,A,LIGUE1,2022-23,openfootball
LIGUE1,12/03/2023,Angers SCO,Toulouse FC,0,2,A,LIGUE1,2022-23,openfootball
LIGUE1,12/03/2023,Clermont Foot 63,RC Lens,0,4,A,LIGUE1,2022-23,openfootball
LIGUE1,12/03/2023,FC Lorient,ESTAC Troyes,2,0,H,LIGUE1,2022-23,openfootball
LIGUE1,12/03/2023,FC Nantes,OGC Nice,2,2,D,LIGUE1,2022-23,openfootball
LIGUE1,12/03/2023,Olympique Marseille,RC Strasbourg,2,2,D,LIGUE1,2022-23,openfootball
LIGUE1,17/03/2023,Olympique Lyonnais,FC Nantes,1,1,D,LIGUE1,2022-23,openfootball
LIGUE1,18/03/2023,RC Lens,Angers SCO,3,0,H,LIGUE1,2022-23,openfootball
LIGUE1,18/03/2023,Toulouse FC,Lille OSC,0,2,A,LIGUE1,2022-23,openfootball
LIGUE1,19/03/2023,AC Ajaccio,AS Monaco,0,2,A,LIGUE1,2022-23,openfootball
LIGUE1,19/03/2023,ESTAC Troyes,Stade Brestois 29,2,2,D,LIGUE1,2022-23,openfootball
LIGUE1,19/03/2023,Montpellier HSC,Clermont Foot 63,2,1,H,LIGUE1,2022-23,openfootball
LIGUE1,19/03/2023,OGC Nice,FC Lorient,1,1,D,LIGUE1,2022-23,openfootball
LIGUE1,19/03/2023,Paris Saint-Germain,Stade Rennais,0,2,A,LIGUE1,2022-23,openfootball
LIGUE1,19/03/2023,RC Strasbourg,AJ Auxerre,2,0,H,LIGUE1,2022-23,openfootball
LIGUE1,19/03/2023,Stade de Reims,Olympique Marseille,1,2,A,LIGUE1,2022-23,openfootball
LIGUE1,31/03/2023,Olympique Marseille,Montpellier HSC,1,1,D,LIGUE1,2022-23,openfootball
LIGUE1,01/04/2023,AJ Auxerre,ESTAC Troyes,1,0,H,LIGUE1,2022-23,openfootball
LIGUE1,01/04/2023,Stade Rennais,RC Lens,0,1,A,LIGUE1,2022-23,openfootball
LIGUE1,02/04/2023,AS Monaco,RC Strasbourg,4,3,H,LIGUE1,2022-23,openfootball
LIGUE1,02/04/2023,Angers SCO,OGC Nice,1,1,D,LIGUE1,2022-23,openfootball
LIGUE1,02/04/2023,Clermont Foot 63,AC Ajaccio,2,1,H,LIGUE1,2022-23,openfootball
LIGUE1,02/04/2023,FC Nantes,Stade de Reims,0,3,A,LIGUE1,2022-23,openfootball
LIGUE1,02/04/2023,Lille OSC,FC Lorient,3,1,H,LIGUE1,2022-23,openfootball
LIGUE1,02/04/2023,Paris Saint-Germain,Olympique Lyonnais,0,1,A,LIGUE1,2022-23,openfootball
LIGUE1,02/04/2023,Stade Brestois 29,Toulouse FC,3,1,H,LIGUE1,2022-23,openfootball
LIGUE1,07/04/2023,RC Lens,RC Strasbourg,2,1,H,LIGUE1,2022-23,openfootball
LIGUE1,08/04/2023,Angers SCO,Lille OSC,1,0,H,LIGUE1,2022-23,openfootball
LIGUE1,08/04/2023,OGC Nice,Paris Saint-Germain,0,2,A,LIGUE1,2022-23,openfootball
LIGUE1,09/04/2023,AC Ajaccio,AJ Auxerre,0,3,A,LIGUE1,2022-23,openfootball
LIGUE1,09/04/2023,ESTAC Troyes,Clermont Foot 63,0,2,A,LIGUE1,2022-23,openfootball
LIGUE1,09/04/2023,FC Lorient,Olympique Marseille,0,0,D,LIGUE1,2022-23,openfootball
LIGUE1,09/04/2023,FC Nantes,AS Monaco,2,2,D,LIGUE1,2022-23,openfootball
LIGUE1,09/04/2023,Montpellier HSC,Toulouse FC,1,2,A,LIGUE1,2022-23,openfootball
LIGUE1,09/04/2023,Olympique Lyonnais,Stade Rennais,3,1,H,LIGUE1,2022-23,openfootball
LIGUE1,09/04/2023,Stade de Reims,Stade Brestois 29,1,1,D,LIGUE1,2022-23,openfootball
LIGUE1,14/04/2023,Toulouse FC,Olympique Lyonnais,1,2,A,LIGUE1,2022-23,openfootball
LIGUE1,15/04/2023,Paris Saint-Germain,RC Lens,3,1,H,LIGUE1,2022-23,openfootball
LIGUE1,15/04/2023,Stade Rennais,Stade de Reims,3,0,H,LIGUE1,2022-23,openfootball
LIGUE1,16/04/2023,AJ Auxerre,FC Nantes,2,1,H,LIGUE1,2022-23,openfootball
LIGUE1,16/04/2023,AS Monaco,FC Lorient,3,1,H,LIGUE1,2022-23,openfootball
LIGUE1,16/04/2023,Clermont Foot 63,Angers SCO,2,1,H,LIGUE1,2022-23,openfootball
LIGUE1,16/04/2023,Lille OSC,Montpellier HSC,2,1,H,LIGUE1,2022-23,openfootball
LIGUE1,16/04/2023,Olympique Marseille,ESTAC Troyes,3,1,H,LIGUE1,2022-23,openfootball
LIGUE1,16/04/2023,RC Strasbourg,AC Ajaccio,3,1,H,LIGUE1,2022-23,openfootball
LIGUE1,16/04/2023,Stade Brestois 29,OGC Nice,1,0,H,LIGUE1,2022-23,openfootball
LIGUE1,21/04/2023,Angers SCO,Paris Saint-Germain,1,2,A,LIGUE1,2022-23,openfootball
LIGUE1,22/04/2023,AJ Auxerre,Lille OSC,1,1,D,LIGUE1,2022-23,openfootball
LIGUE1,22/04/2023,RC Lens,AS Monaco,3,0,H,LIGUE1,2022-23,openfootball
LIGUE1,23/04/2023,AC Ajaccio,Stade Brestois 29,0,0,D,LIGUE1,2022-23,openfootball
LIGUE1,23/04/2023,FC Lorient,Toulouse FC,0,1,A,LIGUE1,2022-23,openfootball
LIGUE1,23/04/2023,FC Nantes,ESTAC Troyes,2,2,D,LIGUE1,2022-23,openfootball
LIGUE1,23/04/2023,Montpellier HSC,Stade Rennais,1,0,H,LIGUE1,2022-23,openfootball
LIGUE1,23/04/2023,OGC Nice,Clermont Foot 63,1,2,A,LIGUE1,2022-23,openfootball
LIGUE1,23/04/2023,Olympique Lyonnais,Olympique Marseille,1,2,A,LIGUE1,2022-23,openfootball
LIGUE1,23/04/2023,Stade de Reims,RC Strasbourg,0,2,A,LIGUE1,2022-23,openfootball
LIGUE1,28/04/2023,RC Strasbourg,Olympique Lyonnais,1,2,A,LIGUE1,2022-23,openfootball
LIGUE1,29/04/2023,Lille OSC,AC Ajaccio,3,0,H,LIGUE1,2022-23,openfootball
LIGUE1,30/04/2023,AS Monaco,Montpellier HSC,0,4,A,LIGUE1,2022-23,openfootball
LIGUE1,30/04/2023,Clermont Foot 63,Stade de Reims,1,0,H,LIGUE1,2022-23,openfootball
LIGUE1,30/04/2023,ESTAC Troyes,OGC Nice,0,1,A,LIGUE1,2022-23,openfootball
LIGUE1,30/04/2023,Olympique Marseille,AJ Auxerre,2,1,H,LIGUE1,2022-23,openfootball
LIGUE1,30/04/2023,Paris Saint-Germain,FC Lorient,1,3,A,LIGUE1,2022-23,openfootball
LIGUE1,30/04/2023,Stade Rennais,Angers SCO,4,2,H,LIGUE1,2022-23,openfootball
LIGUE1,02/05/2023,Toulouse FC,RC Lens,0,1,A,LIGUE1,2022-23,openfootball
LIGUE1,03/05/2023,Stade Brestois 29,FC Nantes,2,0,H,LIGUE1,2022-23,openfootball
LIGUE1,06/05/2023,OGC Nice,Stade Rennais,2,1,H,LIGUE1,2022-23,openfootball
LIGUE1,06/05/2023,RC Lens,Olympique Marseille,2,1,H,LIGUE1,2022-23,openfootball
LIGUE1,06/05/2023,Stade de Reims,Lille OSC,1,0,H,LIGUE1,2022-23,openfootball
LIGUE1,07/05/2023,AC Ajaccio,Toulouse FC,0,0,D,LIGUE1,2022-23,openfootball
LIGUE1,07/05/2023,AJ Auxerre,Clermont Foot 63,1,1,D,LIGUE1,2022-23,openfootball
LIGUE1,07/05/2023,Angers SCO,AS Monaco,1,2,A,LIGUE1,2022-23,openfootball
LIGUE1,07/05/2023,ESTAC Troyes,Paris Saint-Germain,1,3,A,LIGUE1,2022-23,openfootball
LIGUE1,07/05/2023,FC Lorient,Stade Brestois 29,2,1,H,LIGUE1,2022-23,openfootball
LIGUE1,07/05/2023,FC Nantes,RC Strasbourg,0,2,A,LIGUE1,2022-23,openfootball
LIGUE1,07/05/2023,Olympique Lyonnais,Montpellier HSC,5,4,H,LIGUE1,2022-23,openfootball
LIGUE1,12/05/2023,RC Lens,Stade de Reims,2,1,H,LIGUE1,2022-23,openfootball
LIGUE1,13/05/2023,Paris Saint-Germain,AC Ajaccio,5,0,H,LIGUE1,2022-23,openfootball
LIGUE1,13/05/2023,RC Strasbourg,OGC Nice,2,0,H,LIGUE1,2022-23,openfootball
LIGUE1,14/05/2023,AS Monaco,Lille OSC,0,0,D,LIGUE1,2022-23,openfootball
LIGUE1,14/05/2023,Clermont Foot 63,Olympique Lyonnais,2,1,H,LIGUE1,2022-23,openfootball
LIGUE1,14/05/2023,Montpellier HSC,FC Lorient,1,1,D,LIGUE1,2022-23,openfootball
LIGUE1,14/05/2023,Olympique Marseille,Angers SCO,3,1,H,LIGUE1,2022-23,openfootball
LIGUE1,14/05/2023,Stade Brestois 29,AJ Auxerre,1,0,H,LIGUE1,2022-23,openfootball
LIGUE1,14/05/2023,Stade Rennais,ESTAC Troyes,4,0,H,LIGUE1,2022-23,openfootball
LIGUE1,14/05/2023,Toulouse FC,FC Nantes,0,0,D,LIGUE1,2022-23,openfootball
LIGUE1,19/05/2023,Olympique Lyonnais,AS Monaco,3,1,H,LIGUE1,2022-23,openfootball
LIGUE1,20/05/2023,FC Nantes,Montpellier HSC,0,3,A,LIGUE1,2022-23,openfootball
LIGUE1,20/05/2023,Lille OSC,Olympique Marseille,2,1,H,LIGUE1,2022-23,openfootball
LIGUE1,21/05/2023,AC Ajaccio,Stade Rennais,0,5,A,LIGUE1,2022-23,openfootball
LIGUE1,21/05/2023,AJ Auxerre,Paris Saint-Germain,1,2,A,LIGUE1,2022-23,openfootball
LIGUE1,21/05/2023,ESTAC Troyes,RC Strasbourg,1,1,D,LIGUE1,2022-23,openfootball
LIGUE1,21/05/2023,FC Lorient,RC Lens,1,3,A,LIGUE1,2022-23,openfootball
LIGUE1,21/05/2023,OGC Nice,Toulouse FC,0,0,D,LIGUE1,2022-23,openfootball
LIGUE1,21/05/2023,Stade Brestois 29,Clermont Foot 63,2,1,H,LIGUE1,2022-23,openfootball
LIGUE1,21/05/2023,Stade de Reims,Angers SCO,2,2,D,LIGUE1,2022-23,openfootball
LIGUE1,27/05/2023,Angers SCO,ESTAC Troyes,2,1,H,LIGUE1,2022-23,openfootball
LIGUE1,27/05/2023,Clermont Foot 63,FC Lorient,2,0,H,LIGUE1,2022-23,openfootball
LIGUE1,27/05/2023,Lille OSC,FC Nantes,2,1,H,LIGUE1,2022-23,openfootball
LIGUE1,27/05/2023,Montpellier HSC,OGC Nice,2,3,A,LIGUE1,2022-23,openfootball
LIGUE1,27/05/2023,Olympique Lyonnais,Stade de Reims,3,0,H,LIGUE1,2022-23,openfootball
LIGUE1,27/05/2023,Olympique Marseille,Stade Brestois 29,1,2,A,LIGUE1,2022-23,openfootball
LIGUE1,27/05/2023,RC Lens,AC Ajaccio,3,0,H,LIGUE1,2022-23,openfootball
LIGUE1,27/05/2023,RC Strasbourg,Paris Saint-Germain,1,1,D,LIGUE1,2022-23,openfootball
LIGUE1,27/05/2023,Stade Rennais,AS Monaco,2,0,H,LIGUE1,2022-23,openfootball
LIGUE1,27/05/2023,Toulouse FC,AJ Auxerre,1,1,D,LIGUE1,2022-23,openfootball
LIGUE1,03/06/2023,AC Ajaccio,Olympique Marseille,1,0,H,LIGUE1,2022-23,openfootball
LIGUE1,03/06/2023,AJ Auxerre,RC Lens,1,3,A,LIGUE1,2022-23,openfootball
LIGUE1,03/06/2023,AS Monaco,Toulouse FC,1,2,A,LIGUE1,2022-23,openfootball
LIGUE1,03/06/2023,ESTAC Troyes,Lille OSC,1,1,D,LIGUE1,2022-23,openfootball
LIGUE1,03/06/2023,FC Lorient,RC Strasbourg,2,1,H,LIGUE1,2022-23,openfootball
LIGUE1,03/06/2023,FC Nantes,Angers SCO,1,0,H,LIGUE1,2022-23,openfootball
LIGUE1,03/06/2023,OGC Nice,Olympique Lyonnais,3,1,H,LIGUE1,2022-23,openfootball
LIGUE1,03/06/2023,Paris Saint-Germain,Clermont Foot 63,2,3,A,LIGUE1,2022-23,openfootball
LIGUE1,03/06/2023,Stade Brestois 29,Stade Rennais,1,2,A,LIGUE1,2022-23,openfootball
LIGUE1,03/06/2023,Stade de Reims,Montpellier HSC,1,3,A,LIGUE1,2022-23,openfootball
LIGUE1,11/08/2023,OGC Nice,Lille OSC,1,1,D,LIGUE1,2023-24,openfootball
LIGUE1,12/08/2023,Olympique de Marseille,Stade de Reims,2,1,H,LIGUE1,2023-24,openfootball
LIGUE1,12/08/2023,Paris Saint-Germain FC,FC Lorient,0,0,D,LIGUE1,2023-24,openfootball
LIGUE1,13/08/2023,Clermont Foot 63,AS Monaco FC,2,4,A,LIGUE1,2023-24,openfootball
LIGUE1,13/08/2023,FC Nantes,Toulouse FC,1,2,A,LIGUE1,2023-24,openfootball
LIGUE1,13/08/2023,Montpellier HSC,Le Havre AC,2,2,D,LIGUE1,2023-24,openfootball
LIGUE1,13/08/2023,RC Strasbourg Alsace,Olympique Lyonnais,2,1,H,LIGUE1,2023-24,openfootball
LIGUE1,13/08/2023,Stade Brestois 29,Racing Club de Lens,3,2,H,LIGUE1,2023-24,openfootball
LIGUE1,13/08/2023,Stade Rennais FC 1901,FC Metz,5,1,H,LIGUE1,2023-24,openfootball
LIGUE1,18/08/2023,FC Metz,Olympique de Marseille,2,2,D,LIGUE1,2023-24,openfootball
LIGUE1,19/08/2023,Olympique Lyonnais,Montpellier HSC,1,4,A,LIGUE1,2023-24,openfootball
LIGUE1,19/08/2023,Toulouse FC,Paris Saint-Germain FC,1,1,D,LIGUE1,2023-24,openfootball
LIGUE1,20/08/2023,AS Monaco FC,RC Strasbourg Alsace,3,0,H,LIGUE1,2023-24,openfootball
LIGUE1,20/08/2023,FC Lorient,OGC Nice,1,1,D,LIGUE1,2023-24,openfootball
LIGUE1,20/08/2023,Le Havre AC,Stade Brestois 29,1,2,A,LIGUE1,2023-24,openfootball
LIGUE1,20/08/2023,Lille OSC,FC Nantes,2,0,H,LIGUE1,2023-24,openfootball
LIGUE1,20/08/2023,Racing Club de Lens,Stade Rennais FC 1901,1,1,D,LIGUE1,2023-24,openfootball
LIGUE1,20/08/2023,Stade de Reims,Clermont Foot 63,2,0,H,LIGUE1,2023-24,openfootball
LIGUE1,25/08/2023,FC Nantes,AS Monaco FC,3,3,D,LIGUE1,2023-24,openfootball
LIGUE1,26/08/2023,Olympique de Marseille,Stade Brestois 29,2,0,H,LIGUE1,2023-24,openfootball
LIGUE1,26/08/2023,Paris Saint-Germain FC,Racing Club de Lens,3,1,H,LIGUE1,2023-24,openfootball
LIGUE1,27/08/2023,Clermont Foot 63,FC Metz,0,1,A,LIGUE1,2023-24,openfootball
LIGUE1,27/08/2023,FC Lorient,Lille OSC,4,1,H,LIGUE1,2023-24,openfootball
LIGUE1,27/08/2023,Montpellier HSC,Stade de Reims,1,3,A,LIGUE1,2023-24,openfootball
LIGUE1,27/08/2023,OGC Nice,Olympique Lyonnais,0,0,D,LIGUE1,2023-24,openfootball
LIGUE1,27/08/2023,RC Strasbourg Alsace,Toulouse FC,2,0,H,LIGUE1,2023-24,openfootball
LIGUE1,27/08/2023,Stade Rennais FC 1901,Le Havre AC,2,2,D,LIGUE1,2023-24,openfootball
LIGUE1,01/09/2023,FC Nantes,Olympique de Marseille,1,1,D,LIGUE1,2023-24,openfootball
LIGUE1,02/09/2023,AS Monaco FC,Racing Club de Lens,3,0,H,LIGUE1,2023-24,openfootball
LIGUE1,02/09/2023,Stade Brestois 29,Stade Rennais FC 1901,0,0,D,LIGUE1,2023-24,openfootball
LIGUE1,03/09/2023,FC Metz,Stade de Reims,2,2,D,LIGUE1,2023-24,openfootball
LIGUE1,03/09/2023,Le Havre AC,FC Lorient,3,0,H,LIGUE1,2023-24,openfootball
LIGUE1,03/09/2023,Lille OSC,Montpellier HSC,1,0,H,LIGUE1,2023-24,openfootball
LIGUE1,03/09/2023,OGC Nice,RC Strasbourg Alsace,2,0,H,LIGUE1,2023-24,openfootball
LIGUE1,03/09/2023,Olympique Lyonnais,Paris Saint-Germain FC,1,4,A,LIGUE1,2023-24,openfootball
LIGUE1,03/09/2023,Toulouse FC,Clermont Foot 63,2,2,D,LIGUE1,2023-24,openfootball
LIGUE1,15/09/2023,Paris Saint-Germain FC,OGC Nice,2,3,A,LIGUE1,2023-24,openfootball
LIGUE1,16/09/2023,Racing Club de Lens,FC Metz,0,1,A,LIGUE1,2023-24,openfootball
LIGUE1,16/09/2023,Stade Rennais FC 1901,Lille OSC,2,2,D,LIGUE1,2023-24,openfootball
LIGUE1,17/09/2023,Clermont Foot 63,FC Nantes,0,1,A,LIGUE1,2023-24,openfootball
LIGUE1,17/09/2023,FC Lorient,AS Monaco FC,2,2,D,LIGUE1,2023-24,openfootball
LIGUE1,17/09/2023,Olympique Lyonnais,Le Havre AC,0,0,D,LIGUE1,2023-24,openfootball
LIGUE1,17/09/2023,Olympique de Marseille,Toulouse FC,0,0,D,LIGUE1,2023-24,openfootball
LIGUE1,17/09/2023,RC Strasbourg Alsace,Montpellier HSC,2,2,D,LIGUE1,2023-24,openfootball
LIGUE1,17/09/2023,Stade de Reims,Stade Brestois 29,1,2,A,LIGUE1,2023-24,openfootball
LIGUE1,22/09/2023,AS Monaco FC,OGC Nice,0,1,A,LIGUE1,2023-24,openfootball
LIGUE1,23/09/2023,FC Nantes,FC Lorient,5,3,H,LIGUE1,2023-24,openfootball
LIGUE1,23/09/2023,Stade Brestois 29,Olympique Lyonnais,1,0,H,LIGUE1,2023-24,openfootball
LIGUE1,24/09/2023,FC Metz,RC Strasbourg Alsace,0,1,A,LIGUE1,2023-24,openfootball
LIGUE1,24/09/2023,Le Havre AC,Clermont Foot 63,2,1,H,LIGUE1,2023-24,openfootball
LIGUE1,24/09/2023,Montpellier HSC,Stade Rennais FC 1901,0,0,D,LIGUE1,2023-24,openfootball
LIGUE1,24/09/2023,Paris Saint-Germain FC,Olympique de Marseille,4,0,H,LIGUE1,2023-24,openfootball
LIGUE1,24/09/2023,Racing Club de Lens,Toulouse FC,2,1,H,LIGUE1,2023-24,openfootball
LIGUE1,26/09/2023,Lille OSC,Stade de Reims,1,2,A,LIGUE1,2023-24,openfootball
LIGUE1,29/09/2023,RC Strasbourg Alsace,Racing Club de Lens,0,1,A,LIGUE1,2023-24,openfootball
LIGUE1,30/09/2023,AS Monaco FC,Olympique de Marseille,3,2,H,LIGUE1,2023-24,openfootball
LIGUE1,30/09/2023,Clermont Foot 63,Paris Saint-Germain FC,0,0,D,LIGUE1,2023-24,openfootball
LIGUE1,01/10/2023,FC Lorient,Montpellier HSC,0,3,A,LIGUE1,2023-24,openfootball
LIGUE1,01/10/2023,Le Havre AC,Lille OSC,0,2,A,LIGUE1,2023-24,openfootball
LIGUE1,01/10/2023,OGC Nice,Stade Brestois 29,0,0,D,LIGUE1,2023-24,openfootball
LIGUE1,01/10/2023,Stade Rennais FC 1901,FC Nantes,3,1,H,LIGUE1,2023-24,openfootball
LIGUE1,01/10/2023,Stade de Reims,Olympique Lyonnais,2,0,H,LIGUE1,2023-24,openfootball
LIGUE1,01/10/2023,Toulouse FC,FC Metz,3,0,H,LIGUE1,2023-24,openfootball
LIGUE1,06/10/2023,RC Strasbourg Alsace,FC Nantes,1,2,A,LIGUE1,2023-24,openfootball
LIGUE1,07/10/2023,FC Metz,OGC Nice,0,1,A,LIGUE1,2023-24,openfootball
LIGUE1,07/10/2023,Stade de Reims,AS Monaco FC,1,3,A,LIGUE1,2023-24,openfootball
LIGUE1,08/10/2023,Olympique Lyonnais,FC Lorient,3,3,D,LIGUE1,2023-24,openfootball
LIGUE1,08/10/2023,Olympique de Marseille,Le Havre AC,3,0,H,LIGUE1,2023-24,openfootball
LIGUE1,08/10/2023,Racing Club de Lens,Lille OSC,1,1,D,LIGUE1,2023-24,openfootball
LIGUE1,08/10/2023,Stade Brestois 29,Toulouse FC,1,1,D,LIGUE1,2023-24,openfootball
LIGUE1,08/10/2023,Stade Rennais FC 1901,Paris Saint-Germain FC,1,3,A,LIGUE1,2023-24,openfootball
LIGUE1,20/10/2023,Le Havre AC,Racing Club de Lens,0,0,D,LIGUE1,2023-24,openfootball
LIGUE1,21/10/2023,OGC Nice,Olympique de Marseille,1,0,H,LIGUE1,2023-24,openfootball
LIGUE1,21/10/2023,Paris Saint-Germain FC,RC Strasbourg Alsace,3,0,H,LIGUE1,2023-24,openfootball
LIGUE1,22/10/2023,AS Monaco FC,FC Metz,2,1,H,LIGUE1,2023-24,openfootball
LIGUE1,22/10/2023,FC Lorient,Stade Rennais FC 1901,2,1,H,LIGUE1,2023-24,openfootball
LIGUE1,22/10/2023,FC Nantes,Montpellier HSC,2,0,H,LIGUE1,2023-24,openfootball
LIGUE1,22/10/2023,Lille OSC,Stade Brestois 29,1,0,H,LIGUE1,2023-24,openfootball
LIGUE1,22/10/2023,Olympique Lyonnais,Clermont Foot 63,1,2,A,LIGUE1,2023-24,openfootball
LIGUE1,22/10/2023,Toulouse FC,Stade de Reims,1,1,D,LIGUE1,2023-24,openfootball
LIGUE1,27/10/2023,Clermont Foot 63,OGC Nice,0,1,A,LIGUE1,2023-24,openfootball
LIGUE1,28/10/2023,Racing Club de Lens,FC Nantes,4,0,H,LIGUE1,2023-24,openfootball
LIGUE1,28/10/2023,Stade de Reims,FC Lorient,1,0,H,LIGUE1,2023-24,openfootball
LIGUE1,29/10/2023,FC Metz,Le Havre AC,0,0,D,LIGUE1,2023-24,openfootball
LIGUE1,29/10/2023,Lille OSC,AS Monaco FC,2,0,H,LIGUE1,2023-24,openfootball
LIGUE1,29/10/2023,Montpellier HSC,Toulouse FC,3,0,H,LIGUE1,2023-24,openfootball
LIGUE1,29/10/2023,Stade Brestois 29,Paris Saint-Germain FC,2,3,A,LIGUE1,2023-24,openfootball
LIGUE1,29/10/2023,Stade Rennais FC 1901,RC Strasbourg Alsace,1,1,D,LIGUE1,2023-24,openfootball
LIGUE1,03/11/2023,Paris Saint-Germain FC,Montpellier HSC,3,0,H,LIGUE1,2023-24,openfootball
LIGUE1,04/11/2023,FC Lorient,Racing Club de Lens,0,0,D,LIGUE1,2023-24,openfootball
LIGUE1,04/11/2023,Olympique de Marseille,Lille OSC,0,0,D,LIGUE1,2023-24,openfootball
LIGUE1,05/11/2023,AS Monaco FC,Stade Brestois 29,2,0,H,LIGUE1,2023-24,openfootball
LIGUE1,05/11/2023,FC Nantes,Stade de Reims,0,1,A,LIGUE1,2023-24,openfootball
LIGUE1,05/11/2023,OGC Nice,Stade Rennais FC 1901,2,0,H,LIGUE1,2023-24,openfootball
LIGUE1,05/11/2023,Olympique Lyonnais,FC Metz,1,1,D,LIGUE1,2023-24,openfootball
LIGUE1,05/11/2023,RC Strasbourg Alsace,Clermont Foot 63,0,0,D,LIGUE1,2023-24,openfootball
LIGUE1,05/11/2023,Toulouse FC,Le Havre AC,1,2,A,LIGUE1,2023-24,openfootball
LIGUE1,10/11/2023,Montpellier HSC,OGC Nice,0,0,D,LIGUE1,2023-24,openfootball
LIGUE1,11/11/2023,Le Havre AC,AS Monaco FC,0,0,D,LIGUE1,2023-24,openfootball
LIGUE1,11/11/2023,Stade de Reims,Paris Saint-Germain FC,0,3,A,LIGUE1,2023-24,openfootball
LIGUE1,12/11/2023,Clermont Foot 63,FC Lorient,1,0,H,LIGUE1,2023-24,openfootball
LIGUE1,12/11/2023,FC Metz,FC Nantes,3,1,H,LIGUE1,2023-24,openfootball
LIGUE1,12/11/2023,Lille OSC,Toulouse FC,1,1,D,LIGUE1,2023-24,openfootball
LIGUE1,12/11/2023,Racing Club de Lens,Olympique de Marseille,1,0,H,LIGUE1,2023-24,openfootball
LIGUE1,12/11/2023,Stade Rennais FC 1901,Olympique Lyonnais,0,1,A,LIGUE1,2023-24,openfootball
LIGUE1,24/11/2023,Paris Saint-Germain FC,AS Monaco FC,5,2,H,LIGUE1,2023-24,openfootball
LIGUE1,25/11/2023,Clermont Foot 63,Racing Club de Lens,0,3,A,LIGUE1,2023-24,openfootball
LIGUE1,25/11/2023,RC Strasbourg Alsace,Olympique de Marseille,1,1,D,LIGUE1,2023-24,openfootball
LIGUE1,26/11/2023,FC Lorient,FC Metz,2,3,A,LIGUE1,2023-24,openfootball
LIGUE1,26/11/2023,FC Nantes,Le Havre AC,0,0,D,LIGUE1,2023-24,openfootball
LIGUE1,26/11/2023,Montpellier HSC,Stade Brestois 29,1,3,A,LIGUE1,2023-24,openfootball
LIGUE1,26/11/2023,OGC Nice,Toulouse FC,1,0,H,LIGUE1,2023-24,openfootball
LIGUE1,26/11/2023,Olympique Lyonnais,Lille OSC,0,2,A,LIGUE1,2023-24,openfootball
LIGUE1,26/11/2023,Stade Rennais FC 1901,Stade de Reims,3,1,H,LIGUE1,2023-24,openfootball
LIGUE1,29/11/2023,Montpellier HSC,Clermont Foot 63,1,1,D,LIGUE1,2023-24,openfootball
LIGUE1,01/12/2023,Stade de Reims,RC Strasbourg Alsace,2,1,H,LIGUE1,2023-24,openfootball
LIGUE1,02/12/2023,FC Nantes,OGC Nice,1,0,H,LIGUE1,2023-24,openfootball
LIGUE1,02/12/2023,Racing Club de Lens,Olympique Lyonnais,3,2,H,LIGUE1,2023-24,openfootball
LIGUE1,03/12/2023,AS Monaco FC,Montpellier HSC,2,0,H,LIGUE1,2023-24,openfootball
LIGUE1,03/12/2023,Le Havre AC,Paris Saint-Germain FC,0,2,A,LIGUE1,2023-24,openfootball
LIGUE1,03/12/2023,Lille OSC,FC Metz,2,0,H,LIGUE1,2023-24,openfootball
LIGUE1,03/12/2023,Olympique de Marseille,Stade Rennais FC 1901,2,0,H,LIGUE1,2023-24,openfootball
LIGUE1,03/12/2023,Stade Brestois 29,Clermont Foot 63,3,0,H,LIGUE1,2023-24,openfootball
LIGUE1,03/12/2023,Toulouse FC,FC Lorient,1,1,D,LIGUE1,2023-24,openfootball
LIGUE1,06/12/2023,Olympique de Marseille,Olympique Lyonnais,3,0,H,LIGUE1,2023-24,openfootball
LIGUE1,07/12/2023,Stade Brestois 29,RC Strasbourg Alsace,1,1,D,LIGUE1,2023-24,openfootball
LIGUE1,08/12/2023,Montpellier HSC,Racing Club de Lens,0,0,D,LIGUE1,2023-24,openfootball
LIGUE1,09/12/2023,Paris Saint-Germain FC,FC Nantes,2,1,H,LIGUE1,2023-24,openfootball
LIGUE1,09/12/2023,Stade Rennais FC 1901,AS Monaco FC,1,2,A,LIGUE1,2023-24,openfootball
LIGUE1,10/12/2023,Clermont Foot 63,Lille OSC,0,0,D,LIGUE1,2023-24,openfootball
LIGUE1,10/12/2023,FC Lorient,Olympique de Marseille,2,4,A,LIGUE1,2023-24,openfootball
LIGUE1,10/12/2023,FC Metz,Stade Brestois 29,0,1,A,LIGUE1,2023-24,openfootball
LIGUE1,10/12/2023,OGC Nice,Stade de Reims,2,1,H,LIGUE1,2023-24,openfootball
LIGUE1,10/12/2023,Olympique Lyonnais,Toulouse FC,3,0,H,LIGUE1,2023-24,openfootball
LIGUE1,10/12/2023,RC Strasbourg Alsace,Le Havre AC,2,1,H,LIGUE1,2023-24,openfootball
LIGUE1,15/12/2023,AS Monaco FC,Olympique Lyonnais,0,1,A,LIGUE1,2023-24,openfootball
LIGUE1,16/12/2023,Le Havre AC,OGC Nice,3,1,H,LIGUE1,2023-24,openfootball
LIGUE1,16/12/2023,Racing Club de Lens,Stade de Reims,2,0,H,LIGUE1,2023-24,openfootball
LIGUE1,17/12/2023,FC Lorient,RC Strasbourg Alsace,1,2,A,LIGUE1,2023-24,openfootball
LIGUE1,17/12/2023,FC Metz,Montpellier HSC,0,1,A,LIGUE1,2023-24,openfootball
LIGUE1,17/12/2023,FC Nantes,Stade Brestois 29,0,2,A,LIGUE1,2023-24,openfootball
LIGUE1,17/12/2023,Lille OSC,Paris Saint-Germain FC,1,1,D,LIGUE1,2023-24,openfootball
LIGUE1,17/12/2023,Olympique de Marseille,Clermont Foot 63,2,1,H,LIGUE1,2023-24,openfootball
LIGUE1,17/12/2023,Toulouse FC,Stade Rennais FC 1901,0,0,D,LIGUE1,2023-24,openfootball
LIGUE1,20/12/2023,Clermont Foot 63,Stade Rennais FC 1901,1,3,A,LIGUE1,2023-24,openfootball
LIGUE1,20/12/2023,Montpellier HSC,Olympique de Marseille,1,1,D,LIGUE1,2023-24,openfootball
LIGUE1,20/12/2023,OGC Nice,Racing Club de Lens,2,0,H,LIGUE1,2023-24,openfootball
LIGUE1,20/12/2023,Olympique Lyonnais,FC Nantes,1,0,H,LIGUE1,2023-24,openfootball
LIGUE1,20/12/2023,Paris Saint-Germain FC,FC Metz,3,1,H,LIGUE1,2023-24,openfootball
LIGUE1,20/12/2023,RC Strasbourg Alsace,Lille OSC,2,1,H,LIGUE1,2023-24,openfootball
LIGUE1,20/12/2023,Stade Brestois 29,FC Lorient,4,0,H,LIGUE1,2023-24,openfootball
LIGUE1,20/12/2023,Stade de Reims,Le Havre AC,1,0,H,LIGUE1,2023-24,openfootball
LIGUE1,20/12/2023,Toulouse FC,AS Monaco FC,1,2,A,LIGUE1,2023-24,openfootball
LIGUE1,12/01/2024,Olympique de Marseille,RC Strasbourg Alsace,1,1,D,LIGUE1,2023-24,openfootball
LIGUE1,13/01/2024,AS Monaco FC,Stade de Reims,1,3,A,LIGUE1,2023-24,openfootball
LIGUE1,13/01/2024,Stade Rennais FC 1901,OGC Nice,2,0,H,LIGUE1,2023-24,openfootball
LIGUE1,14/01/2024,FC Metz,Toulouse FC,0,1,A,LIGUE1,2023-24,openfootball
LIGUE1,14/01/2024,FC Nantes,Clermont Foot 63,1,2,A,LIGUE1,2023-24,openfootball
LIGUE1,14/01/2024,Le Havre AC,Olympique Lyonnais,3,1,H,LIGUE1,2023-24,openfootball
LIGUE1,14/01/2024,Lille OSC,FC Lorient,3,0,H,LIGUE1,2023-24,openfootball
LIGUE1,14/01/2024,Racing Club de Lens,Paris Saint-Germain FC,0,2,A,LIGUE1,2023-24,openfootball
LIGUE1,14/01/2024,Stade Brestois 29,Montpellier HSC,2,0,H,LIGUE1,2023-24,openfootball
LIGUE1,26/01/2024,Olympique Lyonnais,Stade Rennais FC 1901,2,3,A,LIGUE1,2023-24,openfootball
LIGUE1,27/01/2024,OGC Nice,FC Metz,1,0,H,LIGUE1,2023-24,openfootball
LIGUE1,27/01/2024,Olympique de Marseille,AS Monaco FC,2,2,D,LIGUE1,2023-24,openfootball
LIGUE1,28/01/2024,Clermont Foot 63,RC Strasbourg Alsace,1,1,D,LIGUE1,2023-24,openfootball
LIGUE1,28/01/2024,FC Lorient,Le Havre AC,3,3,D,LIGUE1,2023-24,openfootball
LIGUE1,28/01/2024,Montpellier HSC,Lille OSC,0,0,D,LIGUE1,2023-24,openfootball
LIGUE1,28/01/2024,Paris Saint-Germain FC,Stade Brestois 29,2,2,D,LIGUE1,2023-24,openfootball
LIGUE1,28/01/2024,Stade de Reims,FC Nantes,0,0,D,LIGUE1,2023-24,openfootball
LIGUE1,28/01/2024,Toulouse FC,Racing Club de Lens,0,2,A,LIGUE1,2023-24,openfootball
LIGUE1,02/02/2024,RC Strasbourg Alsace,Paris Saint-Germain FC,1,2,A,LIGUE1,2023-24,openfootball
LIGUE1,03/02/2024,FC Nantes,Racing Club de Lens,0,1,A,LIGUE1,2023-24,openfootball
LIGUE1,03/02/2024,Stade Rennais FC 1901,Montpellier HSC,2,1,H,LIGUE1,2023-24,openfootball
LIGUE1,04/02/2024,AS Monaco FC,Le Havre AC,1,1,D,LIGUE1,2023-24,openfootball
LIGUE1,04/02/2024,FC Metz,FC Lorient,1,2,A,LIGUE1,2023-24,openfootball
LIGUE1,04/02/2024,Lille OSC,Clermont Foot 63,4,0,H,LIGUE1,2023-24,openfootball
LIGUE1,04/02/2024,Olympique Lyonnais,Olympique de Marseille,1,0,H,LIGUE1,2023-24,openfootball
LIGUE1,04/02/2024,Stade Brestois 29,OGC Nice,0,0,D,LIGUE1,2023-24,openfootball
LIGUE1,04/02/2024,Stade de Reims,Toulouse FC,2,3,A,LIGUE1,2023-24,openfootball
LIGUE1,09/02/2024,Olympique de Marseille,FC Metz,1,1,D,LIGUE1,2023-24,openfootball
LIGUE1,10/02/2024,Paris Saint-Germain FC,Lille OSC,3,1,H,LIGUE1,2023-24,openfootball
LIGUE1,10/02/2024,Racing Club de Lens,RC Strasbourg Alsace,3,1,H,LIGUE1,2023-24,openfootball
LIGUE1,11/02/2024,Clermont Foot 63,Stade Brestois 29,1,1,D,LIGUE1,2023-24,openfootball
LIGUE1,11/02/2024,FC Lorient,Stade de Reims,2,0,H,LIGUE1,2023-24,openfootball
LIGUE1,11/02/2024,Le Havre AC,Stade Rennais FC 1901,0,1,A,LIGUE1,2023-24,openfootball
LIGUE1,11/02/2024,Montpellier HSC,Olympique Lyonnais,1,2,A,LIGUE1,2023-24,openfootball
LIGUE1,11/02/2024,OGC Nice,AS Monaco FC,2,3,A,LIGUE1,2023-24,openfootball
LIGUE1,11/02/2024,Toulouse FC,FC Nantes,1,2,A,LIGUE1,2023-24,openfootball
LIGUE1,16/02/2024,Olympique Lyonnais,OGC Nice,1,0,H,LIGUE1,2023-24,openfootball
LIGUE1,17/02/2024,FC Nantes,Paris Saint-Germain FC,0,2,A,LIGUE1,2023-24,openfootball
LIGUE1,17/02/2024,Lille OSC,Le Havre AC,3,0,H,LIGUE1,2023-24,openfootball
LIGUE1,18/02/2024,AS Monaco FC,Toulouse FC,1,2,A,LIGUE1,2023-24,openfootball
LIGUE1,18/02/2024,Montpellier HSC,FC Metz,3,0,H,LIGUE1,2023-24,openfootball
LIGUE1,18/02/2024,RC Strasbourg Alsace,FC Lorient,1,3,A,LIGUE1,2023-24,openfootball
LIGUE1,18/02/2024,Stade Brestois 29,Olympique de Marseille,1,0,H,LIGUE1,2023-24,openfootball
LIGUE1,18/02/2024,Stade Rennais FC 1901,Clermont Foot 63,3,1,H,LIGUE1,2023-24,openfootball
LIGUE1,18/02/2024,Stade de Reims,Racing Club de Lens,1,1,D,LIGUE1,2023-24,openfootball
LIGUE1,23/02/2024,FC Metz,Olympique Lyonnais,1,2,A,LIGUE1,2023-24,openfootball
LIGUE1,24/02/2024,FC Lorient,FC Nantes,0,1,A,LIGUE1,2023-24,openfootball
LIGUE1,24/02/2024,RC Strasbourg Alsace,Stade Brestois 29,0,3,A,LIGUE1,2023-24,openfootball
LIGUE1,25/02/2024,Le Havre AC,Stade de Reims,1,2,A,LIGUE1,2023-24,openfootball
LIGUE1,25/02/2024,OGC Nice,Clermont Foot 63,0,0,D,LIGUE1,2023-24,openfootball
LIGUE1,25/02/2024,Olympique de Marseille,Montpellier HSC,4,1,H,LIGUE1,2023-24,openfootball
LIGUE1,25/02/2024,Paris Saint-Germain FC,Stade Rennais FC 1901,1,1,D,LIGUE1,2023-24,openfootball
LIGUE1,25/02/2024,Racing Club de Lens,AS Monaco FC,2,3,A,LIGUE1,2023-24,openfootball
LIGUE1,25/02/2024,Toulouse FC,Lille OSC,3,1,H,LIGUE1,2023-24,openfootball
LIGUE1,01/03/2024,AS Monaco FC,Paris Saint-Germain FC,0,0,D,LIGUE1,2023-24,openfootball
LIGUE1,02/03/2024,Clermont Foot 63,Olympique de Marseille,1,5,A,LIGUE1,2023-24,openfootball
LIGUE1,02/03/2024,Stade de Reims,Lille OSC,0,1,A,LIGUE1,2023-24,openfootball
LIGUE1,03/03/2024,FC Nantes,FC Metz,0,2,A,LIGUE1,2023-24,openfootball
LIGUE1,03/03/2024,Montpellier HSC,RC Strasbourg Alsace,2,2,D,LIGUE1,2023-24,openfootball
LIGUE1,03/03/2024,Olympique Lyonnais,Racing Club de Lens,0,3,A,LIGUE1,2023-24,openfootball
LIGUE1,03/03/2024,Stade Brestois 29,Le Havre AC,1,0,H,LIGUE1,2023-24,openfootball
LIGUE1,03/03/2024,Stade Rennais FC 1901,FC Lorient,1,2,A,LIGUE1,2023-24,openfootball
LIGUE1,03/03/2024,Toulouse FC,OGC Nice,2,1,H,LIGUE1,2023-24,openfootball
LIGUE1,08/03/2024,OGC Nice,Montpellier HSC,1,2,A,LIGUE1,2023-24,openfootball
LIGUE1,09/03/2024,FC Lorient,Olympique Lyonnais,0,2,A,LIGUE1,2023-24,openfootball
LIGUE1,09/03/2024,Racing Club de Lens,Stade Brestois 29,1,0,H,LIGUE1,2023-24,openfootball
LIGUE1,10/03/2024,FC Metz,Clermont Foot 63,1,0,H,LIGUE1,2023-24,openfootball
LIGUE1,10/03/2024,Le Havre AC,Toulouse FC,1,0,H,LIGUE1,2023-24,openfootball
LIGUE1,10/03/2024,Lille OSC,Stade Rennais FC 1901,2,2,D,LIGUE1,2023-24,openfootball
LIGUE1,10/03/2024,Olympique de Marseille,FC Nantes,2,0,H,LIGUE1,2023-24,openfootball
LIGUE1,10/03/2024,Paris Saint-Germain FC,Stade de Reims,2,2,D,LIGUE1,2023-24,openfootball
LIGUE1,10/03/2024,RC Strasbourg Alsace,AS Monaco FC,0,1,A,LIGUE1,2023-24,openfootball
LIGUE1,15/03/2024,Toulouse FC,Olympique Lyonnais,2,3,A,LIGUE1,2023-24,openfootball
LIGUE1,16/03/2024,FC Nantes,RC Strasbourg Alsace,1,3,A,LIGUE1,2023-24,openfootball
LIGUE1,16/03/2024,Racing Club de Lens,OGC Nice,1,3,A,LIGUE1,2023-24,openfootball
LIGUE1,17/03/2024,AS Monaco FC,FC Lorient,2,2,D,LIGUE1,2023-24,openfootball
LIGUE1,17/03/2024,Clermont Foot 63,Le Havre AC,2,1,H,LIGUE1,2023-24,openfootball
LIGUE1,17/03/2024,Montpellier HSC,Paris Saint-Germain FC,2,6,A,LIGUE1,2023-24,openfootball
LIGUE1,17/03/2024,Stade Brestois 29,Lille OSC,1,1,D,LIGUE1,2023-24,openfootball
LIGUE1,17/03/2024,Stade Rennais FC 1901,Olympique de Marseille,2,0,H,LIGUE1,2023-24,openfootball
LIGUE1,17/03/2024,Stade de Reims,FC Metz,2,1,H,LIGUE1,2023-24,openfootball
LIGUE1,29/03/2024,Lille OSC,Racing Club de Lens,2,1,H,LIGUE1,2023-24,openfootball
LIGUE1,30/03/2024,FC Metz,AS Monaco FC,2,5,A,LIGUE1,2023-24,openfootball
LIGUE1,30/03/2024,Olympique Lyonnais,Stade de Reims,1,1,D,LIGUE1,2023-24,openfootball
LIGUE1,31/03/2024,Clermont Foot 63,Toulouse FC,0,3,A,LIGUE1,2023-24,openfootball
LIGUE1,31/03/2024,FC Lorient,Stade Brestois 29,0,1,A,LIGUE1,2023-24,openfootball
LIGUE1,31/03/2024,Le Havre AC,Montpellier HSC,0,2,A,LIGUE1,2023-24,openfootball
LIGUE1,31/03/2024,OGC Nice,FC Nantes,1,2,A,LIGUE1,2023-24,openfootball
LIGUE1,31/03/2024,Olympique de Marseille,Paris Saint-Germain FC,0,2,A,LIGUE1,2023-24,openfootball
LIGUE1,31/03/2024,RC Strasbourg Alsace,Stade Rennais FC 1901,2,0,H,LIGUE1,2023-24,openfootball
LIGUE1,05/04/2024,Lille OSC,Olympique de Marseille,3,1,H,LIGUE1,2023-24,openfootball
LIGUE1,06/04/2024,Paris Saint-Germain FC,Clermont Foot 63,1,1,D,LIGUE1,2023-24,openfootball
LIGUE1,06/04/2024,Racing Club de Lens,Le Havre AC,1,1,D,LIGUE1,2023-24,openfootball
LIGUE1,07/04/2024,AS Monaco FC,Stade Rennais FC 1901,1,0,H,LIGUE1,2023-24,openfootball
LIGUE1,07/04/2024,FC Nantes,Olympique Lyonnais,1,3,A,LIGUE1,2023-24,openfootball
LIGUE1,07/04/2024,Montpellier HSC,FC Lorient,2,0,H,LIGUE1,2023-24,openfootball
LIGUE1,07/04/2024,Stade Brestois 29,FC Metz,4,3,H,LIGUE1,2023-24,openfootball
LIGUE1,07/04/2024,Stade de Reims,OGC Nice,0,0,D,LIGUE1,2023-24,openfootball
LIGUE1,07/04/2024,Toulouse FC,RC Strasbourg Alsace,0,0,D,LIGUE1,2023-24,openfootball
LIGUE1,12/04/2024,FC Metz,Racing Club de Lens,2,1,H,LIGUE1,2023-24,openfootball
LIGUE1,13/04/2024,RC Strasbourg Alsace,Stade de Reims,3,1,H,LIGUE1,2023-24,openfootball
LIGUE1,13/04/2024,Stade Rennais FC 1901,Toulouse FC,1,2,A,LIGUE1,2023-24,openfootball
LIGUE1,14/04/2024,Clermont Foot 63,Montpellier HSC,1,1,D,LIGUE1,2023-24,openfootball
LIGUE1,14/04/2024,Le Havre AC,FC Nantes,0,1,A,LIGUE1,2023-24,openfootball
LIGUE1,14/04/2024,Olympique Lyonnais,Stade Brestois 29,4,3,H,LIGUE1,2023-24,openfootball
LIGUE1,19/04/2024,OGC Nice,FC Lorient,3,0,H,LIGUE1,2023-24,openfootball
LIGUE1,20/04/2024,FC Nantes,Stade Rennais FC 1901,0,3,A,LIGUE1,2023-24,openfootball
LIGUE1,20/04/2024,Racing Club de Lens,Clermont Foot 63,1,0,H,LIGUE1,2023-24,openfootball
LIGUE1,21/04/2024,Le Havre AC,FC Metz,0,1,A,LIGUE1,2023-24,openfootball
LIGUE1,21/04/2024,Lille OSC,RC Strasbourg Alsace,1,0,H,LIGUE1,2023-24,openfootball
LIGUE1,21/04/2024,Paris Saint-Germain FC,Olympique Lyonnais,4,1,H,LIGUE1,2023-24,openfootball
LIGUE1,21/04/2024,Stade Brestois 29,AS Monaco FC,0,2,A,LIGUE1,2023-24,openfootball
LIGUE1,21/04/2024,Stade de Reims,Montpellier HSC,1,2,A,LIGUE1,2023-24,openfootball
LIGUE1,21/04/2024,Toulouse FC,Olympique de Marseille,2,2,D,LIGUE1,2023-24,openfootball
LIGUE1,24/04/2024,AS Monaco FC,Lille OSC,1,0,H,LIGUE1,2023-24,openfootball
LIGUE1,24/04/2024,FC Lorient,Paris Saint-Germain FC,1,4,A,LIGUE1,2023-24,openfootball
LIGUE1,24/04/2024,Olympique de Marseille,OGC Nice,2,2,D,LIGUE1,2023-24,openfootball
LIGUE1,26/04/2024,Montpellier HSC,FC Nantes,1,1,D,LIGUE1,2023-24,openfootball
LIGUE1,27/04/2024,Paris Saint-Germain FC,Le Havre AC,3,3,D,LIGUE1,2023-24,openfootball
LIGUE1,28/04/2024,Clermont Foot 63,Stade de Reims,4,1,H,LIGUE1,2023-24,openfootball
LIGUE1,28/04/2024,FC Lorient,Toulouse FC,1,2,A,LIGUE1,2023-24,openfootball
LIGUE1,28/04/2024,FC Metz,Lille OSC,1,2,A,LIGUE1,2023-24,openfootball
LIGUE1,28/04/2024,Olympique Lyonnais,AS Monaco FC,3,2,H,LIGUE1,2023-24,openfootball
LIGUE1,28/04/2024,Olympique de Marseille,Racing Club de Lens,2,1,H,LIGUE1,2023-24,openfootball
LIGUE1,28/04/2024,RC Strasbourg Alsace,OGC Nice,1,3,A,LIGUE1,2023-24,openfootball
LIGUE1,28/04/2024,Stade Rennais FC 1901,Stade Brestois 29,4,5,A,LIGUE1,2023-24,openfootball
LIGUE1,03/05/2024,Racing Club de Lens,FC Lorient,2,0,H,LIGUE1,2023-24,openfootball
LIGUE1,03/05/2024,Toulouse FC,Montpellier HSC,1,2,A,LIGUE1,2023-24,openfootball
LIGUE1,04/05/2024,AS Monaco FC,Clermont Foot 63,4,1,H,LIGUE1,2023-24,openfootball
LIGUE1,04/05/2024,FC Metz,Stade Rennais FC 1901,2,3,A,LIGUE1,2023-24,openfootball
LIGUE1,04/05/2024,Le Havre AC,RC Strasbourg Alsace,3,1,H,LIGUE1,2023-24,openfootball
LIGUE1,04/05/2024,Stade Brestois 29,FC Nantes,0,0,D,LIGUE1,2023-24,openfootball
LIGUE1,06/05/2024,Lille OSC,Olympique Lyonnais,3,4,A,LIGUE1,2023-24,openfootball
LIGUE1,10/05/2024,OGC Nice,Le Havre AC,1,0,H,LIGUE1,2023-24,openfootball
LIGUE1,10/05/2024,Stade Brestois 29,Stade de Reims,1,1,D,LIGUE1,2023-24,openfootball
LIGUE1,12/05/2024,Clermont Foot 63,Olympique Lyonnais,0,1,A,LIGUE1,2023-24,openfootball
LIGUE1,12/05/2024,FC Nantes,Lille OSC,1,2,A,LIGUE1,2023-24,openfootball
LIGUE1,12/05/2024,Montpellier HSC,AS Monaco FC,0,2,A,LIGUE1,2023-24,openfootball
LIGUE1,12/05/2024,Olympique de Marseille,FC Lorient,3,1,H,LIGUE1,2023-24,openfootball
LIGUE1,12/05/2024,Paris Saint-Germain FC,Toulouse FC,1,3,A,LIGUE1,2023-24,openfootball
LIGUE1,12/05/2024,RC Strasbourg Alsace,FC Metz,2,1,H,LIGUE1,2023-24,openfootball
LIGUE1,12/05/2024,Stade Rennais FC 1901,Racing Club de Lens,1,1,D,LIGUE1,2023-24,openfootball
LIGUE1,15/05/2024,OGC Nice,Paris Saint-Germain FC,1,2,A,LIGUE1,2023-24,openfootball
LIGUE1,15/05/2024,Stade de Reims,Olympique de Marseille,1,0,H,LIGUE1,2023-24,openfootball
LIGUE1,19/05/2024,AS Monaco FC,FC Nantes,4,0,H,LIGUE1,2023-24,openfootball
LIGUE1,19/05/2024,FC Lorient,Clermont Foot 63,5,0,H,LIGUE1,2023-24,openfootball
LIGUE1,19/05/2024,FC Metz,Paris Saint-Germain FC,0,2,A,LIGUE1,2023-24,openfootball
LIGUE1,19/05/2024,Le Havre AC,Olympique de Marseille,1,2,A,LIGUE1,2023-24,openfootball
LIGUE1,19/05/2024,Lille OSC,OGC Nice,2,2,D,LIGUE1,2023-24,openfootball
LIGUE1,19/05/2024,Olympique Lyonnais,RC Strasbourg Alsace,2,1,H,LIGUE1,2023-24,openfootball
LIGUE1,19/05/2024,Racing Club de Lens,Montpellier HSC,2,2,D,LIGUE1,2023-24,openfootball
LIGUE1,19/05/2024,Stade de Reims,Stade Rennais FC 1901,2,1,H,LIGUE1,2023-24,openfootball
LIGUE1,19/05/2024,Toulouse FC,Stade Brestois 29,0,3,A,LIGUE1,2023-24,openfootball
LIGUE1,16/08/2024,Le Havre AC,Paris Saint-Germain FC,1,4,A,LIGUE1,2024-25,openfootball
LIGUE1,17/08/2024,AS Monaco FC,AS Saint-Étienne,1,0,H,LIGUE1,2024-25,openfootball
LIGUE1,17/08/2024,Stade Brestois 29,Olympique de Marseille,1,5,A,LIGUE1,2024-25,openfootball
LIGUE1,17/08/2024,Stade de Reims,Lille OSC,0,2,A,LIGUE1,2024-25,openfootball
LIGUE1,18/08/2024,AJ Auxerre,OGC Nice,2,1,H,LIGUE1,2024-25,openfootball
LIGUE1,18/08/2024,Angers SCO,Racing Club de Lens,0,1,A,LIGUE1,2024-25,openfootball
LIGUE1,18/08/2024,Montpellier HSC,RC Strasbourg Alsace,1,1,D,LIGUE1,2024-25,openfootball
LIGUE1,18/08/2024,Stade Rennais FC 1901,Olympique Lyonnais,3,0,H,LIGUE1,2024-25,openfootball
LIGUE1,18/08/2024,Toulouse FC,FC Nantes,0,0,D,LIGUE1,2024-25,openfootball
LIGUE1,23/08/2024,Paris Saint-Germain FC,Montpellier HSC,6,0,H,LIGUE1,2024-25,openfootball
LIGUE1,24/08/2024,AS Saint-Étienne,Le Havre AC,0,2,A,LIGUE1,2024-25,openfootball
LIGUE1,24/08/2024,Lille OSC,Angers SCO,2,0,H,LIGUE1,2024-25,openfootball
LIGUE1,24/08/2024,Olympique Lyonnais,AS Monaco FC,0,2,A,LIGUE1,2024-25,openfootball
LIGUE1,25/08/2024,FC Nantes,AJ Auxerre,2,0,H,LIGUE1,2024-25,openfootball
LIGUE1,25/08/2024,OGC Nice,Toulouse FC,1,1,D,LIGUE1,2024-25,openfootball
LIGUE1,25/08/2024,Olympique de Marseille,Stade de Reims,2,2,D,LIGUE1,2024-25,openfootball
LIGUE1,25/08/2024,RC Strasbourg Alsace,Stade Rennais FC 1901,3,1,H,LIGUE1,2024-25,openfootball
LIGUE1,25/08/2024,Racing Club de Lens,Stade Brestois 29,2,0,H,LIGUE1,2024-25,openfootball
LIGUE1,30/08/2024,Olympique Lyonnais,RC Strasbourg Alsace,4,3,H,LIGUE1,2024-25,openfootball
LIGUE1,31/08/2024,Montpellier HSC,FC Nantes,1,3,A,LIGUE1,2024-25,openfootball
LIGUE1,31/08/2024,Stade Brestois 29,AS Saint-Étienne,4,0,H,LIGUE1,2024-25,openfootball
LIGUE1,31/08/2024,Toulouse FC,Olympique de Marseille,1,3,A,LIGUE1,2024-25,openfootball
LIGUE1,01/09/2024,AS Monaco FC,Racing Club de Lens,1,1,D,LIGUE1,2024-25,openfootball
LIGUE1,01/09/2024,Angers SCO,OGC Nice,1,4,A,LIGUE1,2024-25,openfootball
LIGUE1,01/09/2024,Le Havre AC,AJ Auxerre,3,1,H,LIGUE1,2024-25,openfootball
LIGUE1,01/09/2024,Lille OSC,Paris Saint-Germain FC,1,3,A,LIGUE1,2024-25,openfootball
LIGUE1,01/09/2024,Stade de Reims,Stade Rennais FC 1901,2,1,H,LIGUE1,2024-25,openfootball
LIGUE1,13/09/2024,AS Saint-Étienne,Lille OSC,1,0,H,LIGUE1,2024-25,openfootball
LIGUE1,14/09/2024,AJ Auxerre,AS Monaco FC,0,3,A,LIGUE1,2024-25,openfootball
LIGUE1,14/09/2024,Olympique de Marseille,OGC Nice,2,0,H,LIGUE1,2024-25,openfootball
LIGUE1,14/09/2024,Paris Saint-Germain FC,Stade Brestois 29,3,1,H,LIGUE1,2024-25,openfootball
LIGUE1,15/09/2024,FC Nantes,Stade de Reims,1,2,A,LIGUE1,2024-25,openfootball
LIGUE1,15/09/2024,RC Strasbourg Alsace,Angers SCO,1,1,D,LIGUE1,2024-25,openfootball
LIGUE1,15/09/2024,Racing Club de Lens,Olympique Lyonnais,0,0,D,LIGUE1,2024-25,openfootball
LIGUE1,15/09/2024,Stade Rennais FC 1901,Montpellier HSC,3,0,H,LIGUE1,2024-25,openfootball
LIGUE1,15/09/2024,Toulouse FC,Le Havre AC,2,0,H,LIGUE1,2024-25,openfootball
LIGUE1,20/09/2024,OGC Nice,AS Saint-Étienne,8,0,H,LIGUE1,2024-25,openfootball
LIGUE1,21/09/2024,Lille OSC,RC Strasbourg Alsace,3,3,D,LIGUE1,2024-25,openfootball
LIGUE1,21/09/2024,Stade Rennais FC 1901,Racing Club de Lens,1,1,D,LIGUE1,2024-25,openfootball
LIGUE1,21/09/2024,Stade de Reims,Paris Saint-Germain FC,1,1,D,LIGUE1,2024-25,openfootball
LIGUE1,22/09/2024,AS Monaco FC,Le Havre AC,3,1,H,LIGUE1,2024-25,openfootball
LIGUE1,22/09/2024,Angers SCO,FC Nantes,1,1,D,LIGUE1,2024-25,openfootball
LIGUE1,22/09/2024,Montpellier HSC,AJ Auxerre,3,2,H,LIGUE1,2024-25,openfootball
LIGUE1,22/09/2024,Olympique Lyonnais,Olympique de Marseille,2,3,A,LIGUE1,2024-25,openfootball
LIGUE1,22/09/2024,Stade Brestois 29,Toulouse FC,2,0,H,LIGUE1,2024-25,openfootball
LIGUE1,27/09/2024,AJ Auxerre,Stade Brestois 29,3,0,H,LIGUE1,2024-25,openfootball
LIGUE1,27/09/2024,Paris Saint-Germain FC,Stade Rennais FC 1901,3,1,H,LIGUE1,2024-25,openfootball
LIGUE1,28/09/2024,AS Monaco FC,Montpellier HSC,2,1,H,LIGUE1,2024-25,openfootball
LIGUE1,28/09/2024,Le Havre AC,Lille OSC,0,3,A,LIGUE1,2024-25,openfootball
LIGUE1,28/09/2024,Racing Club de Lens,OGC Nice,0,0,D,LIGUE1,2024-25,openfootball
LIGUE1,29/09/2024,Angers SCO,Stade de Reims,1,3,A,LIGUE1,2024-25,openfootball
LIGUE1,29/09/2024,FC Nantes,AS Saint-Étienne,2,2,D,LIGUE1,2024-25,openfootball
LIGUE1,29/09/2024,RC Strasbourg Alsace,Olympique de Marseille,1,0,H,LIGUE1,2024-25,openfootball
LIGUE1,29/09/2024,Toulouse FC,Olympique Lyonnais,1,2,A,LIGUE1,2024-25,openfootball
LIGUE1,04/10/2024,Olympique de Marseille,Angers SCO,1,1,D,LIGUE1,2024-25,openfootball
LIGUE1,05/10/2024,AS Saint-Étienne,AJ Auxerre,3,1,H,LIGUE1,2024-25,openfootball
LIGUE1,05/10/2024,Lille OSC,Toulouse FC,2,1,H,LIGUE1,2024-25,openfootball
LIGUE1,05/10/2024,Stade Rennais FC 1901,AS Monaco FC,1,2,A,LIGUE1,2024-25,openfootball
LIGUE1,06/10/2024,OGC Nice,Paris Saint-Germain FC,1,1,D,LIGUE1,2024-25,openfootball
LIGUE1,06/10/2024,Olympique Lyonnais,FC Nantes,2,0,H,LIGUE1,2024-25,openfootball
LIGUE1,06/10/2024,RC Strasbourg Alsace,Racing Club de Lens,2,2,D,LIGUE1,2024-25,openfootball
LIGUE1,06/10/2024,Stade Brestois 29,Le Havre AC,2,0,H,LIGUE1,2024-25,openfootball
LIGUE1,06/10/2024,Stade de Reims,Montpellier HSC,4,2,H,LIGUE1,2024-25,openfootball
LIGUE1,18/10/2024,AS Monaco FC,Lille OSC,0,0,D,LIGUE1,2024-25,openfootball
LIGUE1,19/10/2024,AS Saint-Étienne,Racing Club de Lens,0,2,A,LIGUE1,2024-25,openfootball
LIGUE1,19/10/2024,Paris Saint-Germain FC,RC Strasbourg Alsace,4,2,H,LIGUE1,2024-25,openfootball
LIGUE1,19/10/2024,Stade Brestois 29,Stade Rennais FC 1901,1,1,D,LIGUE1,2024-25,openfootball
LIGUE1,20/10/2024,AJ Auxerre,Stade de Reims,2,1,H,LIGUE1,2024-25,openfootball
LIGUE1,20/10/2024,FC Nantes,OGC Nice,1,1,D,LIGUE1,2024-25,openfootball
LIGUE1,20/10/2024,Le Havre AC,Olympique Lyonnais,0,4,A,LIGUE1,2024-25,openfootball
LIGUE1,20/10/2024,Montpellier HSC,Olympique de Marseille,0,5,A,LIGUE1,2024-25,openfootball
LIGUE1,20/10/2024,Toulouse FC,Angers SCO,1,1,D,LIGUE1,2024-25,openfootball
LIGUE1,25/10/2024,Stade Rennais FC 1901,Le Havre AC,1,0,H,LIGUE1,2024-25,openfootball
LIGUE1,26/10/2024,Angers SCO,AS Saint-Étienne,4,2,H,LIGUE1,2024-25,openfootball
LIGUE1,26/10/2024,Racing Club de Lens,Lille OSC,0,2,A,LIGUE1,2024-25,openfootball
LIGUE1,26/10/2024,Stade de Reims,Stade Brestois 29,1,2,A,LIGUE1,2024-25,openfootball
LIGUE1,27/10/2024,Montpellier HSC,Toulouse FC,0,3,A,LIGUE1,2024-25,openfootball
LIGUE1,27/10/2024,OGC Nice,AS Monaco FC,2,1,H,LIGUE1,2024-25,openfootball
LIGUE1,27/10/2024,Olympique Lyonnais,AJ Auxerre,2,2,D,LIGUE1,2024-25,openfootball
LIGUE1,27/10/2024,Olympique de Marseille,Paris Saint-Germain FC,0,3,A,LIGUE1,2024-25,openfootball
LIGUE1,27/10/2024,RC Strasbourg Alsace,FC Nantes,3,1,H,LIGUE1,2024-25,openfootball
LIGUE1,01/11/2024,AS Monaco FC,Angers SCO,0,1,A,LIGUE1,2024-25,openfootball
LIGUE1,01/11/2024,Lille OSC,Olympique Lyonnais,1,1,D,LIGUE1,2024-25,openfootball
LIGUE1,02/11/2024,AS Saint-Étienne,RC Strasbourg Alsace,2,0,H,LIGUE1,2024-25,openfootball
LIGUE1,02/11/2024,Paris Saint-Germain FC,Racing Club de Lens,1,0,H,LIGUE1,2024-25,openfootball
LIGUE1,02/11/2024,Stade Brestois 29,OGC Nice,0,1,A,LIGUE1,2024-25,openfootball
LIGUE1,03/11/2024,AJ Auxerre,Stade Rennais FC 1901,4,0,H,LIGUE1,2024-25,openfootball
LIGUE1,03/11/2024,FC Nantes,Olympique de Marseille,1,2,A,LIGUE1,2024-25,openfootball
LIGUE1,03/11/2024,Le Havre AC,Montpellier HSC,1,0,H,LIGUE1,2024-25,openfootball
LIGUE1,03/11/2024,Toulouse FC,Stade de Reims,1,0,H,LIGUE1,2024-25,openfootball
LIGUE1,08/11/2024,Olympique de Marseille,AJ Auxerre,1,3,A,LIGUE1,2024-25,openfootball
LIGUE1,09/11/2024,Angers SCO,Paris Saint-Germain FC,2,4,A,LIGUE1,2024-25,openfootball
LIGUE1,09/11/2024,RC Strasbourg Alsace,AS Monaco FC,1,3,A,LIGUE1,2024-25,openfootball
LIGUE1,09/11/2024,Racing Club de Lens,FC Nantes,3,2,H,LIGUE1,2024-25,openfootball
LIGUE1,10/11/2024,Le Havre AC,Stade de Reims,0,3,A,LIGUE1,2024-25,openfootball
LIGUE1,10/11/2024,Montpellier HSC,Stade Brestois 29,3,1,H,LIGUE1,2024-25,openfootball
LIGUE1,10/11/2024,OGC Nice,Lille OSC,2,2,D,LIGUE1,2024-25,openfootball
LIGUE1,10/11/2024,Olympique Lyonnais,AS Saint-Étienne,1,0,H,LIGUE1,2024-25,openfootball
LIGUE1,10/11/2024,Stade Rennais FC 1901,Toulouse FC,0,2,A,LIGUE1,2024-25,openfootball
LIGUE1,22/11/2024,AS Monaco FC,Stade Brestois 29,3,2,H,LIGUE1,2024-25,openfootball
LIGUE1,22/11/2024,Paris Saint-Germain FC,Toulouse FC,3,0,H,LIGUE1,2024-25,openfootball
LIGUE1,23/11/2024,AS Saint-Étienne,Montpellier HSC,1,0,H,LIGUE1,2024-25,openfootball
LIGUE1,23/11/2024,Racing Club de Lens,Olympique de Marseille,1,3,A,LIGUE1,2024-25,openfootball
LIGUE1,23/11/2024,Stade de Reims,Olympique Lyonnais,1,1,D,LIGUE1,2024-25,openfootball
LIGUE1,24/11/2024,AJ Auxerre,Angers SCO,1,0,H,LIGUE1,2024-25,openfootball
LIGUE1,24/11/2024,FC Nantes,Le Havre AC,0,2,A,LIGUE1,2024-25,openfootball
LIGUE1,24/11/2024,Lille OSC,Stade Rennais FC 1901,1,0,H,LIGUE1,2024-25,openfootball
LIGUE1,24/11/2024,OGC Nice,RC Strasbourg Alsace,2,1,H,LIGUE1,2024-25,openfootball
LIGUE1,29/11/2024,Stade de Reims,Racing Club de Lens,0,2,A,LIGUE1,2024-25,openfootball
LIGUE1,30/11/2024,Paris Saint-Germain FC,FC Nantes,1,1,D,LIGUE1,2024-25,openfootball
LIGUE1,30/11/2024,Stade Brestois 29,RC Strasbourg Alsace,3,1,H,LIGUE1,2024-25,openfootball
LIGUE1,30/11/2024,Stade Rennais FC 1901,AS Saint-Étienne,5,0,H,LIGUE1,2024-25,openfootball
LIGUE1,01/12/2024,Le Havre AC,Angers SCO,0,1,A,LIGUE1,2024-25,openfootball
LIGUE1,01/12/2024,Montpellier HSC,Lille OSC,2,2,D,LIGUE1,2024-25,openfootball
LIGUE1,01/12/2024,Olympique Lyonnais,OGC Nice,4,1,H,LIGUE1,2024-25,openfootball
LIGUE1,01/12/2024,Olympique de Marseille,AS Monaco FC,2,1,H,LIGUE1,2024-25,openfootball
LIGUE1,01/12/2024,Toulouse FC,AJ Auxerre,2,0,H,LIGUE1,2024-25,openfootball
LIGUE1,06/12/2024,AJ Auxerre,Paris Saint-Germain FC,0,0,D,LIGUE1,2024-25,openfootball
LIGUE1,06/12/2024,Lille OSC,Stade Brestois 29,3,1,H,LIGUE1,2024-25,openfootball
LIGUE1,07/12/2024,AS Monaco FC,Toulouse FC,2,0,H,LIGUE1,2024-25,openfootball
LIGUE1,07/12/2024,Angers SCO,Olympique Lyonnais,0,3,A,LIGUE1,2024-25,openfootball
LIGUE1,07/12/2024,OGC Nice,Le Havre AC,2,1,H,LIGUE1,2024-25,openfootball
LIGUE1,08/12/2024,AS Saint-Étienne,Olympique de Marseille,0,2,A,LIGUE1,2024-25,openfootball
LIGUE1,08/12/2024,FC Nantes,Stade Rennais FC 1901,1,0,H,LIGUE1,2024-25,openfootball
LIGUE1,08/12/2024,RC Strasbourg Alsace,Stade de Reims,0,0,D,LIGUE1,2024-25,openfootball
LIGUE1,08/12/2024,Racing Club de Lens,Montpellier HSC,2,0,H,LIGUE1,2024-25,openfootball
LIGUE1,13/12/2024,Toulouse FC,AS Saint-Étienne,2,1,H,LIGUE1,2024-25,openfootball
LIGUE1,14/12/2024,AJ Auxerre,Racing Club de Lens,2,2,D,LIGUE1,2024-25,openfootball
LIGUE1,14/12/2024,Olympique de Marseille,Lille OSC,1,1,D,LIGUE1,2024-25,openfootball
LIGUE1,14/12/2024,Stade de Reims,AS Monaco FC,0,0,D,LIGUE1,2024-25,openfootball
LIGUE1,15/12/2024,Le Havre AC,RC Strasbourg Alsace,0,3,A,LIGUE1,2024-25,openfootball
LIGUE1,15/12/2024,Montpellier HSC,OGC Nice,2,2,D,LIGUE1,2024-25,openfootball
LIGUE1,15/12/2024,Paris Saint-Germain FC,Olympique Lyonnais,3,1,H,LIGUE1,2024-25,openfootball
LIGUE1,15/12/2024,Stade Brestois 29,FC Nantes,4,1,H,LIGUE1,2024-25,openfootball
LIGUE1,15/12/2024,Stade Rennais FC 1901,Angers SCO,2,0,H,LIGUE1,2024-25,openfootball
LIGUE1,18/12/2024,AS Monaco FC,Paris Saint-Germain FC,2,4,A,LIGUE1,2024-25,openfootball
LIGUE1,03/01/2025,OGC Nice,Stade Rennais FC 1901,3,2,H,LIGUE1,2024-25,openfootball
LIGUE1,04/01/2025,AS Saint-Étienne,Stade de Reims,3,1,H,LIGUE1,2024-25,openfootball
LIGUE1,04/01/2025,Lille OSC,FC Nantes,1,1,D,LIGUE1,2024-25,openfootball
LIGUE1,04/01/2025,Olympique Lyonnais,Montpellier HSC,1,0,H,LIGUE1,2024-25,openfootball
LIGUE1,05/01/2025,Angers SCO,Stade Brestois 29,2,0,H,LIGUE1,2024-25,openfootball
LIGUE1,05/01/2025,Olympique de Marseille,Le Havre AC,5,1,H,LIGUE1,2024-25,openfootball
LIGUE1,05/01/2025,RC Strasbourg Alsace,AJ Auxerre,3,1,H,LIGUE1,2024-25,openfootball
LIGUE1,05/01/2025,Racing Club de Lens,Toulouse FC,0,1,A,LIGUE1,2024-25,openfootball
LIGUE1,10/01/2025,AJ Auxerre,Lille OSC,0,0,D,LIGUE1,2024-25,openfootball
LIGUE1,10/01/2025,FC Nantes,AS Monaco FC,2,2,D,LIGUE1,2024-25,openfootball
LIGUE1,11/01/2025,Stade Brestois 29,Olympique Lyonnais,2,1,H,LIGUE1,2024-25,openfootball
LIGUE1,11/01/2025,Stade Rennais FC 1901,Olympique de Marseille,1,2,A,LIGUE1,2024-25,openfootball
LIGUE1,11/01/2025,Stade de Reims,OGC Nice,2,4,A,LIGUE1,2024-25,openfootball
LIGUE1,12/01/2025,Le Havre AC,Racing Club de Lens,1,2,A,LIGUE1,2024-25,openfootball
LIGUE1,12/01/2025,Montpellier HSC,Angers SCO,1,3,A,LIGUE1,2024-25,openfootball
LIGUE1,12/01/2025,Paris Saint-Germain FC,AS Saint-Étienne,2,1,H,LIGUE1,2024-25,openfootball
LIGUE1,12/01/2025,Toulouse FC,RC Strasbourg Alsace,1,2,A,LIGUE1,2024-25,openfootball
LIGUE1,17/01/2025,Lille OSC,OGC Nice,2,1,H,LIGUE1,2024-25,openfootball
LIGUE1,17/01/2025,Montpellier HSC,AS Monaco FC,2,1,H,LIGUE1,2024-25,openfootball
LIGUE1,18/01/2025,Olympique Lyonnais,Toulouse FC,0,0,D,LIGUE1,2024-25,openfootball
LIGUE1,18/01/2025,Racing Club de Lens,Paris Saint-Germain FC,1,2,A,LIGUE1,2024-25,openfootball
LIGUE1,18/01/2025,Stade Rennais FC 1901,Stade Brestois 29,1,2,A,LIGUE1,2024-25,openfootball
LIGUE1,19/01/2025,AS Saint-Étienne,FC Nantes,1,1,D,LIGUE1,2024-25,openfootball
LIGUE1,19/01/2025,Angers SCO,AJ Auxerre,2,0,H,LIGUE1,2024-25,openfootball
LIGUE1,19/01/2025,Olympique de Marseille,RC Strasbourg Alsace,1,1,D,LIGUE1,2024-25,openfootball
LIGUE1,19/01/2025,Stade de Reims,Le Havre AC,1,1,D,LIGUE1,2024-25,openfootball
LIGUE1,24/01/2025,AJ Auxerre,AS Saint-Étienne,1,1,D,LIGUE1,2024-25,openfootball
LIGUE1,25/01/2025,AS Monaco FC,Stade Rennais FC 1901,3,2,H,LIGUE1,2024-25,openfootball
LIGUE1,25/01/2025,Paris Saint-Germain FC,Stade de Reims,1,1,D,LIGUE1,2024-25,openfootball
LIGUE1,25/01/2025,RC Strasbourg Alsace,Lille OSC,2,1,H,LIGUE1,2024-25,openfootball
LIGUE1,26/01/2025,FC Nantes,Olympique Lyonnais,1,1,D,LIGUE1,2024-25,openfootball
LIGUE1,26/01/2025,Le Havre AC,Stade Brestois 29,0,1,A,LIGUE1,2024-25,openfootball
LIGUE1,26/01/2025,OGC Nice,Olympique de Marseille,2,0,H,LIGUE1,2024-25,openfootball
LIGUE1,26/01/2025,Racing Club de Lens,Angers SCO,1,0,H,LIGUE1,2024-25,openfootball
LIGUE1,26/01/2025,Toulouse FC,Montpellier HSC,1,2,A,LIGUE1,2024-25,openfootball
LIGUE1,31/01/2025,Montpellier HSC,Racing Club de Lens,0,2,A,LIGUE1,2024-25,openfootball
LIGUE1,01/02/2025,AS Monaco FC,AJ Auxerre,4,2,H,LIGUE1,2024-25,openfootball
LIGUE1,01/02/2025,Lille OSC,AS Saint-Étienne,4,1,H,LIGUE1,2024-25,openfootball
LIGUE1,01/02/2025,Stade Brestois 29,Paris Saint-Germain FC,2,5,A,LIGUE1,2024-25,openfootball
LIGUE1,02/02/2025,Angers SCO,Le Havre AC,1,1,D,LIGUE1,2024-25,openfootball
LIGUE1,02/02/2025,Olympique de Marseille,Olympique Lyonnais,3,2,H,LIGUE1,2024-25,openfootball
LIGUE1,02/02/2025,Stade Rennais FC 1901,RC Strasbourg Alsace,1,0,H,LIGUE1,2024-25,openfootball
LIGUE1,02/02/2025,Stade de Reims,FC Nantes,1,2,A,LIGUE1,2024-25,openfootball
LIGUE1,02/02/2025,Toulouse FC,OGC Nice,1,1,D,LIGUE1,2024-25,openfootball
LIGUE1,07/02/2025,FC Nantes,Stade Brestois 29,0,2,A,LIGUE1,2024-25,openfootball
LIGUE1,07/02/2025,Paris Saint-Germain FC,AS Monaco FC,4,1,H,LIGUE1,2024-25,openfootball
LIGUE1,08/02/2025,AS Saint-Étienne,Stade Rennais FC 1901,0,2,A,LIGUE1,2024-25,openfootball
LIGUE1,08/02/2025,Lille OSC,Le Havre AC,1,2,A,LIGUE1,2024-25,openfootball
LIGUE1,08/02/2025,OGC Nice,Racing Club de Lens,2,0,H,LIGUE1,2024-25,openfootball
LIGUE1,09/02/2025,AJ Auxerre,Toulouse FC,2,2,D,LIGUE1,2024-25,openfootball
LIGUE1,09/02/2025,Angers SCO,Olympique de Marseille,0,2,A,LIGUE1,2024-25,openfootball
LIGUE1,09/02/2025,Olympique Lyonnais,Stade de Reims,4,0,H,LIGUE1,2024-25,openfootball
LIGUE1,09/02/2025,RC Strasbourg Alsace,Montpellier HSC,2,0,H,LIGUE1,2024-25,openfootball
LIGUE1,14/02/2025,Stade Brestois 29,AJ Auxerre,2,2,D,LIGUE1,2024-25,openfootball
LIGUE1,15/02/2025,AS Monaco FC,FC Nantes,7,1,H,LIGUE1,2024-25,openfootball
LIGUE1,15/02/2025,Olympique de Marseille,AS Saint-Étienne,5,1,H,LIGUE1,2024-25,openfootball
LIGUE1,15/02/2025,Toulouse FC,Paris Saint-Germain FC,0,1,A,LIGUE1,2024-25,openfootball
LIGUE1,16/02/2025,Le Havre AC,OGC Nice,1,3,A,LIGUE1,2024-25,openfootball
LIGUE1,16/02/2025,Montpellier HSC,Olympique Lyonnais,1,4,A,LIGUE1,2024-25,openfootball
LIGUE1,16/02/2025,Racing Club de Lens,RC Strasbourg Alsace,0,2,A,LIGUE1,2024-25,openfootball
LIGUE1,16/02/2025,Stade Rennais FC 1901,Lille OSC,0,2,A,LIGUE1,2024-25,openfootball
LIGUE1,16/02/2025,Stade de Reims,Angers SCO,0,1,A,LIGUE1,2024-25,openfootball
LIGUE1,21/02/2025,Stade Rennais FC 1901,Stade de Reims,1,0,H,LIGUE1,2024-25,openfootball
LIGUE1,22/02/2025,AJ Auxerre,Olympique de Marseille,3,0,H,LIGUE1,2024-25,openfootball
LIGUE1,22/02/2025,AS Saint-Étienne,Angers SCO,3,3,D,LIGUE1,2024-25,openfootball
LIGUE1,22/02/2025,Lille OSC,AS Monaco FC,2,1,H,LIGUE1,2024-25,openfootball
LIGUE1,23/02/2025,FC Nantes,Racing Club de Lens,3,1,H,LIGUE1,2024-25,openfootball
LIGUE1,23/02/2025,Le Havre AC,Toulouse FC,1,4,A,LIGUE1,2024-25,openfootball
LIGUE1,23/02/2025,OGC Nice,Montpellier HSC,2,0,H,LIGUE1,2024-25,openfootball
LIGUE1,23/02/2025,Olympique Lyonnais,Paris Saint-Germain FC,2,3,A,LIGUE1,2024-25,openfootball
LIGUE1,23/02/2025,RC Strasbourg Alsace,Stade Brestois 29,0,0,D,LIGUE1,2024-25,openfootball
LIGUE1,28/02/2025,AS Monaco FC,Stade de Reims,3,0,H,LIGUE1,2024-25,openfootball
LIGUE1,01/03/2025,AS Saint-Étienne,OGC Nice,1,3,A,LIGUE1,2024-25,openfootball
LIGUE1,01/03/2025,Paris Saint-Germain FC,Lille OSC,4,1,H,LIGUE1,2024-25,openfootball
LIGUE1,01/03/2025,Racing Club de Lens,Le Havre AC,3,4,A,LIGUE1,2024-25,openfootball
LIGUE1,02/03/2025,AJ Auxerre,RC Strasbourg Alsace,0,1,A,LIGUE1,2024-25,openfootball
LIGUE1,02/03/2025,Angers SCO,Toulouse FC,0,4,A,LIGUE1,2024-25,openfootball
LIGUE1,02/03/2025,Montpellier HSC,Stade Rennais FC 1901,0,4,A,LIGUE1,2024-25,openfootball
LIGUE1,02/03/2025,Olympique Lyonnais,Stade Brestois 29,2,1,H,LIGUE1,2024-25,openfootball
LIGUE1,02/03/2025,Olympique de Marseille,FC Nantes,2,0,H,LIGUE1,2024-25,openfootball
LIGUE1,07/03/2025,Toulouse FC,AS Monaco FC,1,1,D,LIGUE1,2024-25,openfootball
LIGUE1,08/03/2025,Lille OSC,Montpellier HSC,1,0,H,LIGUE1,2024-25,openfootball
LIGUE1,08/03/2025,Olympique de Marseille,Racing Club de Lens,0,1,A,LIGUE1,2024-25,openfootball
LIGUE1,08/03/2025,Stade Rennais FC 1901,Paris Saint-Germain FC,1,4,A,LIGUE1,2024-25,openfootball
LIGUE1,09/03/2025,FC Nantes,RC Strasbourg Alsace,0,1,A,LIGUE1,2024-25,openfootball
LIGUE1,09/03/2025,Le Havre AC,AS Saint-Étienne,1,1,D,LIGUE1,2024-25,openfootball
LIGUE1,09/03/2025,OGC Nice,Olympique Lyonnais,0,2,A,LIGUE1,2024-25,openfootball
LIGUE1,09/03/2025,Stade Brestois 29,Angers SCO,2,0,H,LIGUE1,2024-25,openfootball
LIGUE1,09/03/2025,Stade de Reims,AJ Auxerre,0,2,A,LIGUE1,2024-25,openfootball
LIGUE1,14/03/2025,OGC Nice,AJ Auxerre,1,1,D,LIGUE1,2024-25,openfootball
LIGUE1,15/03/2025,Angers SCO,AS Monaco FC,0,2,A,LIGUE1,2024-25,openfootball
LIGUE1,15/03/2025,FC Nantes,Lille OSC,1,0,H,LIGUE1,2024-25,openfootball
LIGUE1,15/03/2025,Racing Club de Lens,Stade Rennais FC 1901,1,0,H,LIGUE1,2024-25,openfootball
LIGUE1,16/03/2025,Montpellier HSC,AS Saint-Étienne,0,2,A,LIGUE1,2024-25,openfootball
LIGUE1,16/03/2025,Olympique Lyonnais,Le Havre AC,4,2,H,LIGUE1,2024-25,openfootball
LIGUE1,16/03/2025,Paris Saint-Germain FC,Olympique de Marseille,3,1,H,LIGUE1,2024-25,openfootball
LIGUE1,16/03/2025,RC Strasbourg Alsace,Toulouse FC,2,1,H,LIGUE1,2024-25,openfootball
LIGUE1,16/03/2025,Stade Brestois 29,Stade de Reims,0,0,D,LIGUE1,2024-25,openfootball
LIGUE1,28/03/2025,RC Strasbourg Alsace,Olympique Lyonnais,4,2,H,LIGUE1,2024-25,openfootball
LIGUE1,29/03/2025,AS Monaco FC,OGC Nice,2,1,H,LIGUE1,2024-25,openfootball
LIGUE1,29/03/2025,AS Saint-Étienne,Paris Saint-Germain FC,1,6,A,LIGUE1,2024-25,openfootball
LIGUE1,29/03/2025,Stade de Reims,Olympique de Marseille,3,1,H,LIGUE1,2024-25,openfootball
LIGUE1,30/03/2025,AJ Auxerre,Montpellier HSC,1,0,H,LIGUE1,2024-25,openfootball
LIGUE1,30/03/2025,Angers SCO,Stade Rennais FC 1901,0,3,A,LIGUE1,2024-25,openfootball
LIGUE1,30/03/2025,Le Havre AC,FC Nantes,3,2,H,LIGUE1,2024-25,openfootball
LIGUE1,30/03/2025,Lille OSC,Racing Club de Lens,1,0,H,LIGUE1,2024-25,openfootball
LIGUE1,30/03/2025,Toulouse FC,Stade Brestois 29,2,4,A,LIGUE1,2024-25,openfootball
LIGUE1,04/04/2025,OGC Nice,FC Nantes,1,2,A,LIGUE1,2024-25,openfootball
LIGUE1,05/04/2025,Olympique Lyonnais,Lille OSC,2,1,H,LIGUE1,2024-25,openfootball
LIGUE1,05/04/2025,Paris Saint-Germain FC,Angers SCO,1,0,H,LIGUE1,2024-25,openfootball
LIGUE1,05/04/2025,Stade Brestois 29,AS Monaco FC,2,1,H,LIGUE1,2024-25,openfootball
LIGUE1,06/04/2025,Montpellier HSC,Le Havre AC,0,2,A,LIGUE1,2024-25,openfootball
LIGUE1,06/04/2025,Olympique de Marseille,Toulouse FC,3,2,H,LIGUE1,2024-25,openfootball
LIGUE1,06/04/2025,Racing Club de Lens,AS Saint-Étienne,1,0,H,LIGUE1,2024-25,openfootball
LIGUE1,06/04/2025,Stade Rennais FC 1901,AJ Auxerre,0,1,A,LIGUE1,2024-25,openfootball
LIGUE1,06/04/2025,Stade de Reims,RC Strasbourg Alsace,0,1,A,LIGUE1,2024-25,openfootball
LIGUE1,11/04/2025,Racing Club de Lens,Stade de Reims,0,2,A,LIGUE1,2024-25,openfootball
LIGUE1,12/04/2025,AS Monaco FC,Olympique de Marseille,3,0,H,LIGUE1,2024-25,openfootball
LIGUE1,12/04/2025,RC Strasbourg Alsace,OGC Nice,2,2,D,LIGUE1,2024-25,openfootball
LIGUE1,12/04/2025,Toulouse FC,Lille OSC,1,2,A,LIGUE1,2024-25,openfootball
LIGUE1,13/04/2025,AJ Auxerre,Olympique Lyonnais,1,3,A,LIGUE1,2024-25,openfootball
LIGUE1,13/04/2025,AS Saint-Étienne,Stade Brestois 29,3,3,D,LIGUE1,2024-25,openfootball
LIGUE1,13/04/2025,Angers SCO,Montpellier HSC,2,0,H,LIGUE1,2024-25,openfootball
LIGUE1,13/04/2025,Le Havre AC,Stade Rennais FC 1901,1,5,A,LIGUE1,2024-25,openfootball
LIGUE1,18/04/2025,Stade Rennais FC 1901,FC Nantes,2,1,H,LIGUE1,2024-25,openfootball
LIGUE1,19/04/2025,AS Monaco FC,RC Strasbourg Alsace,0,0,D,LIGUE1,2024-25,openfootball
LIGUE1,19/04/2025,Olympique de Marseille,Montpellier HSC,5,1,H,LIGUE1,2024-25,openfootball
LIGUE1,19/04/2025,Paris Saint-Germain FC,Le Havre AC,2,1,H,LIGUE1,2024-25,openfootball
LIGUE1,20/04/2025,AS Saint-Étienne,Olympique Lyonnais,2,1,H,LIGUE1,2024-25,openfootball
LIGUE1,20/04/2025,Lille OSC,AJ Auxerre,3,1,H,LIGUE1,2024-25,openfootball
LIGUE1,20/04/2025,OGC Nice,Angers SCO,2,1,H,LIGUE1,2024-25,openfootball
LIGUE1,20/04/2025,Stade Brestois 29,Racing Club de Lens,1,3,A,LIGUE1,2024-25,openfootball
LIGUE1,20/04/2025,Stade de Reims,Toulouse FC,1,0,H,LIGUE1,2024-25,openfootball
LIGUE1,22/04/2025,FC Nantes,Paris Saint-Germain FC,1,1,D,LIGUE1,2024-25,openfootball
LIGUE1,25/04/2025,Paris Saint-Germain FC,OGC Nice,1,3,A,LIGUE1,2024-25,openfootball
LIGUE1,26/04/2025,Le Havre AC,AS Monaco FC,1,1,D,LIGUE1,2024-25,openfootball
LIGUE1,26/04/2025,Olympique Lyonnais,Stade Rennais FC 1901,4,1,H,LIGUE1,2024-25,openfootball
LIGUE1,26/04/2025,RC Strasbourg Alsace,AS Saint-Étienne,3,1,H,LIGUE1,2024-25,openfootball
LIGUE1,27/04/2025,Angers SCO,Lille OSC,0,2,A,LIGUE1,2024-25,openfootball
LIGUE1,27/04/2025,FC Nantes,Toulouse FC,0,0,D,LIGUE1,2024-25,openfootball
LIGUE1,27/04/2025,Montpellier HSC,Stade de Reims,0,0,D,LIGUE1,2024-25,openfootball
LIGUE1,27/04/2025,Olympique de Marseille,Stade Brestois 29,4,1,H,LIGUE1,2024-25,openfootball
LIGUE1,27/04/2025,Racing Club de Lens,AJ Auxerre,0,4,A,LIGUE1,2024-25,openfootball
LIGUE1,02/05/2025,OGC Nice,Stade de Reims,1,0,H,LIGUE1,2024-25,openfootball
LIGUE1,03/05/2025,AS Saint-Étienne,AS Monaco FC,1,3,A,LIGUE1,2024-25,openfootball
LIGUE1,03/05/2025,RC Strasbourg Alsace,Paris Saint-Germain FC,2,1,H,LIGUE1,2024-25,openfootball
LIGUE1,03/05/2025,Toulouse FC,Stade Rennais FC 1901,2,1,H,LIGUE1,2024-25,openfootball
LIGUE1,04/05/2025,AJ Auxerre,Le Havre AC,1,2,A,LIGUE1,2024-25,openfootball
LIGUE1,04/05/2025,FC Nantes,Angers SCO,0,1,A,LIGUE1,2024-25,openfootball
LIGUE1,04/05/2025,Lille OSC,Olympique de Marseille,1,1,D,LIGUE1,2024-25,openfootball
LIGUE1,04/05/2025,Olympique Lyonnais,Racing Club de Lens,1,2,A,LIGUE1,2024-25,openfootball
LIGUE1,04/05/2025,Stade Brestois 29,Montpellier HSC,1,0,H,LIGUE1,2024-25,openfootball
LIGUE1,10/05/2025,AJ Auxerre,FC Nantes,1,1,D,LIGUE1,2024-25,openfootball
LIGUE1,10/05/2025,AS Monaco FC,Olympique Lyonnais,2,0,H,LIGUE1,2024-25,openfootball
LIGUE1,10/05/2025,Angers SCO,RC Strasbourg Alsace,2,1,H,LIGUE1,2024-25,openfootball
LIGUE1,10/05/2025,Le Havre AC,Olympique de Marseille,1,3,A,LIGUE1,2024-25,openfootball
LIGUE1,10/05/2025,Montpellier HSC,Paris Saint-Germain FC,1,4,A,LIGUE1,2024-25,openfootball
LIGUE1,10/05/2025,Stade Brestois 29,Lille OSC,2,0,H,LIGUE1,2024-25,openfootball
LIGUE1,10/05/2025,Stade Rennais FC 1901,OGC Nice,2,0,H,LIGUE1,2024-25,openfootball
LIGUE1,10/05/2025,Stade de Reims,AS Saint-Étienne,0,2,A,LIGUE1,2024-25,openfootball
LIGUE1,10/05/2025,Toulouse FC,Racing Club de Lens,1,1,D,LIGUE1,2024-25,openfootball
LIGUE1,17/05/2025,AS Saint-Étienne,Toulouse FC,2,3,A,LIGUE1,2024-25,openfootball
LIGUE1,17/05/2025,FC Nantes,Montpellier HSC,3,0,H,LIGUE1,2024-25,openfootball
LIGUE1,17/05/2025,Lille OSC,Stade de Reims,2,1,H,LIGUE1,2024-25,openfootball
LIGUE1,17/05/2025,OGC Nice,Stade Brestois 29,6,0,H,LIGUE1,2024-25,openfootball
LIGUE1,17/05/2025,Olympique Lyonnais,Angers SCO,2,0,H,LIGUE1,2024-25,openfootball
LIGUE1,17/05/2025,Olympique de Marseille,Stade Rennais FC 1901,4,2,H,LIGUE1,2024-25,openfootball
LIGUE1,17/05/2025,Paris Saint-Germain FC,AJ Auxerre,3,1,H,LIGUE1,2024-25,openfootball
LIGUE1,17/05/2025,RC Strasbourg Alsace,Le Havre AC,2,3,A,LIGUE1,2024-25,openfootball
LIGUE1,17/05/2025,Racing Club de Lens,AS Monaco FC,4,0,H,LIGUE1,2024-25,openfootball
LIGUE1,15/08/2025,Stade Rennais FC 1901,Olympique de Marseille,1,0,H,LIGUE1,2025-26,openfootball
LIGUE1,16/08/2025,AS Monaco FC,Le Havre AC,3,1,H,LIGUE1,2025-26,openfootball
LIGUE1,16/08/2025,OGC Nice,Toulouse FC,0,1,A,LIGUE1,2025-26,openfootball
LIGUE1,16/08/2025,Racing Club de Lens,Olympique Lyonnais,0,1,A,LIGUE1,2025-26,openfootball
LIGUE1,17/08/2025,AJ Auxerre,FC Lorient,1,0,H,LIGUE1,2025-26,openfootball
LIGUE1,17/08/2025,Angers SCO,Paris FC,1,0,H,LIGUE1,2025-26,openfootball
LIGUE1,17/08/2025,FC Metz,RC Strasbourg Alsace,0,1,A,LIGUE1,2025-26,openfootball
LIGUE1,17/08/2025,FC Nantes,Paris Saint-Germain FC,0,1,A,LIGUE1,2025-26,openfootball
LIGUE1,17/08/2025,Stade Brestois 29,Lille OSC,3,3,D,LIGUE1,2025-26,openfootball
LIGUE1,22/08/2025,Paris Saint-Germain FC,Angers SCO,1,0,H,LIGUE1,2025-26,openfootball
LIGUE1,23/08/2025,OGC Nice,AJ Auxerre,3,1,H,LIGUE1,2025-26,openfootball
LIGUE1,23/08/2025,Olympique Lyonnais,FC Metz,3,0,H,LIGUE1,2025-26,openfootball
LIGUE1,23/08/2025,Olympique de Marseille,Paris FC,5,2,H,LIGUE1,2025-26,openfootball
LIGUE1,24/08/2025,FC Lorient,Stade Rennais FC 1901,4,0,H,LIGUE1,2025-26,openfootball
LIGUE1,24/08/2025,Le Havre AC,Racing Club de Lens,1,2,A,LIGUE1,2025-26,openfootball
LIGUE1,24/08/2025,Lille OSC,AS Monaco FC,1,0,H,LIGUE1,2025-26,openfootball
LIGUE1,24/08/2025,RC Strasbourg Alsace,FC Nantes,1,0,H,LIGUE1,2025-26,openfootball
LIGUE1,24/08/2025,Toulouse FC,Stade Brestois 29,2,0,H,LIGUE1,2025-26,openfootball
LIGUE1,29/08/2025,Racing Club de Lens,Stade Brestois 29,3,1,H,LIGUE1,2025-26,openfootball
LIGUE1,30/08/2025,FC Lorient,Lille OSC,1,7,A,LIGUE1,2025-26,openfootball
LIGUE1,30/08/2025,FC Nantes,AJ Auxerre,1,0,H,LIGUE1,2025-26,openfootball
LIGUE1,30/08/2025,Toulouse FC,Paris Saint-Germain FC,3,6,A,LIGUE1,2025-26,openfootball
LIGUE1,31/08/2025,AS Monaco FC,RC Strasbourg Alsace,3,2,H,LIGUE1,2025-26,openfootball
LIGUE1,31/08/2025,Angers SCO,Stade Rennais FC 1901,1,1,D,LIGUE1,2025-26,openfootball
LIGUE1,31/08/2025,Le Havre AC,OGC Nice,3,1,H,LIGUE1,2025-26,openfootball
LIGUE1,31/08/2025,Olympique Lyonnais,Olympique de Marseille,1,0,H,LIGUE1,2025-26,openfootball
LIGUE1,31/08/2025,Paris FC,FC Metz,3,2,H,LIGUE1,2025-26,openfootball
LIGUE1,12/09/2025,Olympique de Marseille,FC Lorient,4,0,H,LIGUE1,2025-26,openfootball
LIGUE1,13/09/2025,AJ Auxerre,AS Monaco FC,1,2,A,LIGUE1,2025-26,openfootball
LIGUE1,13/09/2025,OGC Nice,FC Nantes,1,0,H,LIGUE1,2025-26,openfootball
LIGUE1,14/09/2025,FC Metz,Angers SCO,1,1,D,LIGUE1,2025-26,openfootball
LIGUE1,14/09/2025,Lille OSC,Toulouse FC,2,1,H,LIGUE1,2025-26,openfootball
LIGUE1,14/09/2025,Paris Saint-Germain FC,Racing Club de Lens,2,0,H,LIGUE1,2025-26,openfootball
LIGUE1,14/09/2025,RC Strasbourg Alsace,Le Havre AC,1,0,H,LIGUE1,2025-26,openfootball
LIGUE1,14/09/2025,Stade Brestois 29,Paris FC,1,2,A,LIGUE1,2025-26,openfootball
LIGUE1,14/09/2025,Stade Rennais FC 1901,Olympique Lyonnais,3,1,H,LIGUE1,2025-26,openfootball
LIGUE1,19/09/2025,Olympique Lyonnais,Angers SCO,1,0,H,LIGUE1,2025-26,openfootball
LIGUE1,20/09/2025,FC Nantes,Stade Rennais FC 1901,2,2,D,LIGUE1,2025-26,openfootball
LIGUE1,20/09/2025,Racing Club de Lens,Lille OSC,3,0,H,LIGUE1,2025-26,openfootball
LIGUE1,20/09/2025,Stade Brestois 29,OGC Nice,4,1,H,LIGUE1,2025-26,openfootball
LIGUE1,21/09/2025,AJ Auxerre,Toulouse FC,1,0,H,LIGUE1,2025-26,openfootball
LIGUE1,21/09/2025,AS Monaco FC,FC Metz,5,2,H,LIGUE1,2025-26,openfootball
LIGUE1,21/09/2025,Le Havre AC,FC Lorient,1,1,D,LIGUE1,2025-26,openfootball
LIGUE1,21/09/2025,Paris FC,RC Strasbourg Alsace,2,3,A,LIGUE1,2025-26,openfootball
LIGUE1,22/09/2025,Olympique de Marseille,Paris Saint-Germain FC,1,0,H,LIGUE1,2025-26,openfootball
LIGUE1,26/09/2025,RC Strasbourg Alsace,Olympique de Marseille,1,2,A,LIGUE1,2025-26,openfootball
LIGUE1,27/09/2025,FC Lorient,AS Monaco FC,3,1,H,LIGUE1,2025-26,openfootball
LIGUE1,27/09/2025,Paris Saint-Germain FC,AJ Auxerre,2,0,H,LIGUE1,2025-26,openfootball
LIGUE1,27/09/2025,Toulouse FC,FC Nantes,2,2,D,LIGUE1,2025-26,openfootball
LIGUE1,28/09/2025,Angers SCO,Stade Brestois 29,0,2,A,LIGUE1,2025-26,openfootball
LIGUE1,28/09/2025,Lille OSC,Olympique Lyonnais,0,1,A,LIGUE1,2025-26,openfootball
LIGUE1,28/09/2025,OGC Nice,Paris FC,1,1,D,LIGUE1,2025-26,openfootball
LIGUE1,03/10/2025,Paris FC,FC Lorient,2,0,H,LIGUE1,2025-26,openfootball
LIGUE1,04/10/2025,AJ Auxerre,Racing Club de Lens,1,2,A,LIGUE1,2025-26,openfootball
LIGUE1,04/10/2025,FC Metz,Olympique de Marseille,0,3,A,LIGUE1,2025-26,openfootball
LIGUE1,05/10/2025,AS Monaco FC,OGC Nice,2,2,D,LIGUE1,2025-26,openfootball
LIGUE1,05/10/2025,Le Havre AC,Stade Rennais FC 1901,2,2,D,LIGUE1,2025-26,openfootball
LIGUE1,05/10/2025,Lille OSC,Paris Saint-Germain FC,1,1,D,LIGUE1,2025-26,openfootball
LIGUE1,05/10/2025,Olympique Lyonnais,Toulouse FC,1,2,A,LIGUE1,2025-26,openfootball
LIGUE1,05/10/2025,RC Strasbourg Alsace,Angers SCO,5,0,H,LIGUE1,2025-26,openfootball
LIGUE1,17/10/2025,Paris Saint-Germain FC,RC Strasbourg Alsace,3,3,D,LIGUE1,2025-26,openfootball
LIGUE1,18/10/2025,Angers SCO,AS Monaco FC,1,1,D,LIGUE1,2025-26,openfootball
LIGUE1,18/10/2025,OGC Nice,Olympique Lyonnais,3,2,H,LIGUE1,2025-26,openfootball
LIGUE1,18/10/2025,Olympique de Marseille,Le Havre AC,6,2,H,LIGUE1,2025-26,openfootball
LIGUE1,19/10/2025,FC Lorient,Stade Brestois 29,3,3,D,LIGUE1,2025-26,openfootball
LIGUE1,19/10/2025,FC Nantes,Lille OSC,0,2,A,LIGUE1,2025-26,openfootball
LIGUE1,19/10/2025,Racing Club de Lens,Paris FC,2,1,H,LIGUE1,2025-26,openfootball
LIGUE1,19/10/2025,Stade Rennais FC 1901,AJ Auxerre,2,2,D,LIGUE1,2025-26,openfootball
LIGUE1,19/10/2025,Toulouse FC,FC Metz,4,0,H,LIGUE1,2025-26,openfootball
LIGUE1,24/10/2025,Paris FC,FC Nantes,1,2,A,LIGUE1,2025-26,openfootball
LIGUE1,25/10/2025,AS Monaco FC,Toulouse FC,1,0,H,LIGUE1,2025-26,openfootball
LIGUE1,25/10/2025,Racing Club de Lens,Olympique de Marseille,2,1,H,LIGUE1,2025-26,openfootball
LIGUE1,25/10/2025,Stade Brestois 29,Paris Saint-Germain FC,0,3,A,LIGUE1,2025-26,openfootball
LIGUE1,26/10/2025,AJ Auxerre,Le Havre AC,0,1,A,LIGUE1,2025-26,openfootball
LIGUE1,26/10/2025,Angers SCO,FC Lorient,2,0,H,LIGUE1,2025-26,openfootball
LIGUE1,26/10/2025,Lille OSC,FC Metz,6,1,H,LIGUE1,2025-26,openfootball
LIGUE1,26/10/2025,Olympique Lyonnais,RC Strasbourg Alsace,2,1,H,LIGUE1,2025-26,openfootball
LIGUE1,26/10/2025,Stade Rennais FC 1901,OGC Nice,1,2,A,LIGUE1,2025-26,openfootball
LIGUE1,29/10/2025,FC Lorient,Paris Saint-Germain FC,1,1,D,LIGUE1,2025-26,openfootball
LIGUE1,29/10/2025,FC Metz,Racing Club de Lens,2,0,H,LIGUE1,2025-26,openfootball
LIGUE1,29/10/2025,FC Nantes,AS Monaco FC,3,5,A,LIGUE1,2025-26,openfootball
LIGUE1,29/10/2025,Le Havre AC,Stade Brestois 29,1,0,H,LIGUE1,2025-26,openfootball
LIGUE1,29/10/2025,OGC Nice,Lille OSC,2,0,H,LIGUE1,2025-26,openfootball
LIGUE1,29/10/2025,Olympique de Marseille,Angers SCO,2,2,D,LIGUE1,2025-26,openfootball
LIGUE1,29/10/2025,Paris FC,Olympique Lyonnais,3,3,D,LIGUE1,2025-26,openfootball
LIGUE1,29/10/2025,RC Strasbourg Alsace,AJ Auxerre,3,0,H,LIGUE1,2025-26,openfootball
LIGUE1,29/10/2025,Toulouse FC,Stade Rennais FC 1901,2,2,D,LIGUE1,2025-26,openfootball
LIGUE1,01/11/2025,AJ Auxerre,Olympique de Marseille,0,1,A,LIGUE1,2025-26,openfootball
LIGUE1,01/11/2025,AS Monaco FC,Paris FC,0,1,A,LIGUE1,2025-26,openfootball
LIGUE1,01/11/2025,Paris Saint-Germain FC,OGC Nice,1,0,H,LIGUE1,2025-26,openfootball
LIGUE1,02/11/2025,FC Nantes,FC Metz,0,2,A,LIGUE1,2025-26,openfootball
LIGUE1,02/11/2025,Lille OSC,Angers SCO,1,0,H,LIGUE1,2025-26,openfootball
LIGUE1,02/11/2025,Racing Club de Lens,FC Lorient,3,0,H,LIGUE1,2025-26,openfootball
LIGUE1,02/11/2025,Stade Rennais FC 1901,RC Strasbourg Alsace,4,1,H,LIGUE1,2025-26,openfootball
LIGUE1,07/11/2025,Paris FC,Stade Rennais FC 1901,0,1,A,LIGUE1,2025-26,openfootball
LIGUE1,08/11/2025,AS Monaco FC,Racing Club de Lens,1,4,A,LIGUE1,2025-26,openfootball
LIGUE1,08/11/2025,Le Havre AC,FC Nantes,1,1,D,LIGUE1,2025-26,openfootball
LIGUE1,08/11/2025,Olympique de Marseille,Stade Brestois 29,3,0,H,LIGUE1,2025-26,openfootball
LIGUE1,09/11/2025,Angers SCO,AJ Auxerre,2,0,H,LIGUE1,2025-26,openfootball
LIGUE1,09/11/2025,FC Lorient,Toulouse FC,1,1,D,LIGUE1,2025-26,openfootball
LIGUE1,09/11/2025,FC Metz,OGC Nice,2,1,H,LIGUE1,2025-26,openfootball
LIGUE1,09/11/2025,Olympique Lyonnais,Paris Saint-Germain FC,2,3,A,LIGUE1,2025-26,openfootball
LIGUE1,09/11/2025,RC Strasbourg Alsace,Lille OSC,2,0,H,LIGUE1,2025-26,openfootball
LIGUE1,21/11/2025,OGC Nice,Olympique de Marseille,1,5,A,LIGUE1,2025-26,openfootball
LIGUE1,22/11/2025,Paris Saint-Germain FC,Le Havre AC,3,0,H,LIGUE1,2025-26,openfootball
LIGUE1,22/11/2025,Racing Club de Lens,RC Strasbourg Alsace,1,0,H,LIGUE1,2025-26,openfootball
LIGUE1,22/11/2025,Stade Rennais FC 1901,AS Monaco FC,4,1,H,LIGUE1,2025-26,openfootball
LIGUE1,23/11/2025,FC Nantes,FC Lorient,1,1,D,LIGUE1,2025-26,openfootball
LIGUE1,23/11/2025,Lille OSC,Paris FC,4,2,H,LIGUE1,2025-26,openfootball
LIGUE1,23/11/2025,Stade Brestois 29,FC Metz,3,2,H,LIGUE1,2025-26,openfootball
LIGUE1,23/11/2025,Toulouse FC,Angers SCO,0,1,A,LIGUE1,2025-26,openfootball
LIGUE1,28/11/2025,FC Metz,Stade Rennais FC 1901,0,1,A,LIGUE1,2025-26,openfootball
LIGUE1,29/11/2025,AS Monaco FC,Paris Saint-Germain FC,1,0,H,LIGUE1,2025-26,openfootball
LIGUE1,29/11/2025,Olympique de Marseille,Toulouse FC,2,2,D,LIGUE1,2025-26,openfootball
LIGUE1,29/11/2025,Paris FC,AJ Auxerre,1,1,D,LIGUE1,2025-26,openfootball
LIGUE1,30/11/2025,Angers SCO,Racing Club de Lens,1,2,A,LIGUE1,2025-26,openfootball
LIGUE1,30/11/2025,FC Lorient,OGC Nice,3,1,H,LIGUE1,2025-26,openfootball
LIGUE1,30/11/2025,Le Havre AC,Lille OSC,0,1,A,LIGUE1,2025-26,openfootball
LIGUE1,30/11/2025,Olympique Lyonnais,FC Nantes,3,0,H,LIGUE1,2025-26,openfootball
LIGUE1,30/11/2025,RC Strasbourg Alsace,Stade Brestois 29,1,2,A,LIGUE1,2025-26,openfootball
LIGUE1,05/12/2025,Lille OSC,Olympique de Marseille,1,0,H,LIGUE1,2025-26,openfootball
LIGUE1,05/12/2025,Stade Brestois 29,AS Monaco FC,1,0,H,LIGUE1,2025-26,openfootball
LIGUE1,06/12/2025,FC Nantes,Racing Club de Lens,1,2,A,LIGUE1,2025-26,openfootball
LIGUE1,06/12/2025,Paris Saint-Germain FC,Stade Rennais FC 1901,5,0,H,LIGUE1,2025-26,openfootball
LIGUE1,06/12/2025,Toulouse FC,RC Strasbourg Alsace,1,0,H,LIGUE1,2025-26,openfootball
LIGUE1,07/12/2025,AJ Auxerre,FC Metz,3,1,H,LIGUE1,2025-26,openfootball
LIGUE1,07/12/2025,FC Lorient,Olympique Lyonnais,1,0,H,LIGUE1,2025-26,openfootball
LIGUE1,07/12/2025,OGC Nice,Angers SCO,0,1,A,LIGUE1,2025-26,openfootball
LIGUE1,12/12/2025,Angers SCO,FC Nantes,4,1,H,LIGUE1,2025-26,openfootball
LIGUE1,13/12/2025,FC Metz,Paris Saint-Germain FC,2,3,A,LIGUE1,2025-26,openfootball
LIGUE1,13/12/2025,Paris FC,Toulouse FC,0,3,A,LIGUE1,2025-26,openfootball
LIGUE1,13/12/2025,Stade Rennais FC 1901,Stade Brestois 29,3,1,H,LIGUE1,2025-26,openfootball
LIGUE1,14/12/2025,AJ Auxerre,Lille OSC,3,4,A,LIGUE1,2025-26,openfootball
LIGUE1,14/12/2025,Olympique Lyonnais,Le Havre AC,1,0,H,LIGUE1,2025-26,openfootball
LIGUE1,14/12/2025,Olympique de Marseille,AS Monaco FC,1,0,H,LIGUE1,2025-26,openfootball
LIGUE1,14/12/2025,Racing Club de Lens,OGC Nice,2,0,H,LIGUE1,2025-26,openfootball
LIGUE1,02/01/2026,Toulouse FC,Racing Club de Lens,0,3,A,LIGUE1,2025-26,openfootball
LIGUE1,03/01/2026,AS Monaco FC,Olympique Lyonnais,1,3,A,LIGUE1,2025-26,openfootball
LIGUE1,03/01/2026,Lille OSC,Stade Rennais FC 1901,0,2,A,LIGUE1,2025-26,openfootball
LIGUE1,03/01/2026,OGC Nice,RC Strasbourg Alsace,1,1,D,LIGUE1,2025-26,openfootball
LIGUE1,04/01/2026,FC Lorient,FC Metz,1,1,D,LIGUE1,2025-26,openfootball
LIGUE1,04/01/2026,Le Havre AC,Angers SCO,2,1,H,LIGUE1,2025-26,openfootball
LIGUE1,04/01/2026,Olympique de Marseille,FC Nantes,0,2,A,LIGUE1,2025-26,openfootball
LIGUE1,04/01/2026,Paris Saint-Germain FC,Paris FC,2,1,H,LIGUE1,2025-26,openfootball
LIGUE1,04/01/2026,Stade Brestois 29,AJ Auxerre,2,0,H,LIGUE1,2025-26,openfootball
LIGUE1,16/01/2026,AS Monaco FC,FC Lorient,1,3,A,LIGUE1,2025-26,openfootball
LIGUE1,16/01/2026,Paris Saint-Germain FC,Lille OSC,3,0,H,LIGUE1,2025-26,openfootball
LIGUE1,17/01/2026,Angers SCO,Olympique de Marseille,2,5,A,LIGUE1,2025-26,openfootball
LIGUE1,17/01/2026,Racing Club de Lens,AJ Auxerre,1,0,H,LIGUE1,2025-26,openfootball
LIGUE1,17/01/2026,Toulouse FC,OGC Nice,5,1,H,LIGUE1,2025-26,openfootball
LIGUE1,18/01/2026,FC Nantes,Paris FC,1,2,A,LIGUE1,2025-26,openfootball
LIGUE1,18/01/2026,Olympique Lyonnais,Stade Brestois 29,2,1,H,LIGUE1,2025-26,openfootball
LIGUE1,18/01/2026,RC Strasbourg Alsace,FC Metz,2,1,H,LIGUE1,2025-26,openfootball
LIGUE1,18/01/2026,Stade Rennais FC 1901,Le Havre AC,1,1,D,LIGUE1,2025-26,openfootball
LIGUE1,23/01/2026,AJ Auxerre,Paris Saint-Germain FC,0,1,A,LIGUE1,2025-26,openfootball
LIGUE1,24/01/2026,Olympique de Marseille,Racing Club de Lens,3,1,H,LIGUE1,2025-26,openfootball
LIGUE1,24/01/2026,Stade Rennais FC 1901,FC Lorient,0,2,A,LIGUE1,2025-26,openfootball
LIGUE1,25/01/2026,FC Metz,Olympique Lyonnais,2,5,A,LIGUE1,2025-26,openfootball
LIGUE1,25/01/2026,FC Nantes,OGC Nice,1,4,A,LIGUE1,2025-26,openfootball
LIGUE1,25/01/2026,Lille OSC,RC Strasbourg Alsace,1,4,A,LIGUE1,2025-26,openfootball
LIGUE1,25/01/2026,Stade Brestois 29,Toulouse FC,0,2,A,LIGUE1,2025-26,openfootball
LIGUE1,30/01/2026,Racing Club de Lens,Le Havre AC,1,0,H,LIGUE1,2025-26,openfootball
LIGUE1,31/01/2026,AS Monaco FC,Stade Rennais FC 1901,4,0,H,LIGUE1,2025-26,openfootball
LIGUE1,31/01/2026,FC Lorient,FC Nantes,2,1,H,LIGUE1,2025-26,openfootball
LIGUE1,31/01/2026,Paris FC,Olympique de Marseille,2,2,D,LIGUE1,2025-26,openfootball
LIGUE1,01/02/2026,Angers SCO,FC Metz,1,0,H,LIGUE1,2025-26,openfootball
LIGUE1,01/02/2026,OGC Nice,Stade Brestois 29,2,2,D,LIGUE1,2025-26,openfootball
LIGUE1,01/02/2026,Olympique Lyonnais,Lille OSC,1,0,H,LIGUE1,2025-26,openfootball
LIGUE1,01/02/2026,RC Strasbourg Alsace,Paris Saint-Germain FC,1,2,A,LIGUE1,2025-26,openfootball
LIGUE1,07/02/2026,FC Nantes,Olympique Lyonnais,0,1,A,LIGUE1,2025-26,openfootball
LIGUE1,07/02/2026,Racing Club de Lens,Stade Rennais FC 1901,3,1,H,LIGUE1,2025-26,openfootball
LIGUE1,07/02/2026,Stade Brestois 29,FC Lorient,2,0,H,LIGUE1,2025-26,openfootball
LIGUE1,08/02/2026,Angers SCO,Toulouse FC,1,0,H,LIGUE1,2025-26,openfootball
LIGUE1,08/02/2026,Le Havre AC,RC Strasbourg Alsace,2,1,H,LIGUE1,2025-26,openfootball
LIGUE1,08/02/2026,Paris Saint-Germain FC,Olympique de Marseille,5,0,H,LIGUE1,2025-26,openfootball
LIGUE1,13/02/2026,AS Monaco FC,FC Nantes,3,1,H,LIGUE1,2025-26,openfootball
LIGUE1,13/02/2026,Stade Rennais FC 1901,Paris Saint-Germain FC,3,1,H,LIGUE1,2025-26,openfootball
LIGUE1,14/02/2026,Lille OSC,Stade Brestois 29,1,1,D,LIGUE1,2025-26,openfootball
LIGUE1,14/02/2026,Olympique de Marseille,RC Strasbourg Alsace,2,2,D,LIGUE1,2025-26,openfootball
LIGUE1,14/02/2026,Paris FC,Racing Club de Lens,0,5,A,LIGUE1,2025-26,openfootball
LIGUE1,15/02/2026,FC Lorient,Angers SCO,2,0,H,LIGUE1,2025-26,openfootball
LIGUE1,15/02/2026,FC Metz,AJ Auxerre,1,3,A,LIGUE1,2025-26,openfootball
LIGUE1,15/02/2026,Le Havre AC,Toulouse FC,2,1,H,LIGUE1,2025-26,openfootball
LIGUE1,15/02/2026,Olympique Lyonnais,OGC Nice,2,0,H,LIGUE1,2025-26,openfootball
LIGUE1,20/02/2026,Stade Brestois 29,Olympique de Marseille,2,0,H,LIGUE1,2025-26,openfootball
LIGUE1,21/02/2026,Paris Saint-Germain FC,FC Metz,3,0,H,LIGUE1,2025-26,openfootball
LIGUE1,21/02/2026,Racing Club de Lens,AS Monaco FC,2,3,A,LIGUE1,2025-26,openfootball
LIGUE1,21/02/2026,Toulouse FC,Paris FC,1,1,D,LIGUE1,2025-26,openfootball
LIGUE1,22/02/2026,AJ Auxerre,Stade Rennais FC 1901,0,3,A,LIGUE1,2025-26,openfootball
LIGUE1,22/02/2026,Angers SCO,Lille OSC,0,1,A,LIGUE1,2025-26,openfootball
LIGUE1,22/02/2026,FC Nantes,Le Havre AC,2,0,H,LIGUE1,2025-26,openfootball
LIGUE1,22/02/2026,OGC Nice,FC Lorient,3,3,D,LIGUE1,2025-26,openfootball
LIGUE1,22/02/2026,RC Strasbourg Alsace,Olympique Lyonnais,3,1,H,LIGUE1,2025-26,openfootball
LIGUE1,27/02/2026,RC Strasbourg Alsace,Racing Club de Lens,1,1,D,LIGUE1,2025-26,openfootball
LIGUE1,28/02/2026,AS Monaco FC,Angers SCO,2,0,H,LIGUE1,2025-26,openfootball
LIGUE1,28/02/2026,Le Havre AC,Paris Saint-Germain FC,0,1,A,LIGUE1,2025-26,openfootball
LIGUE1,28/02/2026,Stade Rennais FC 1901,Toulouse FC,1,0,H,LIGUE1,2025-26,openfootball
LIGUE1,01/03/2026,FC Lorient,AJ Auxerre,2,2,D,LIGUE1,2025-26,openfootball
LIGUE1,01/03/2026,FC Metz,Stade Brestois 29,0,1,A,LIGUE1,2025-26,openfootball
LIGUE1,01/03/2026,Lille OSC,FC Nantes,1,0,H,LIGUE1,2025-26,openfootball
LIGUE1,01/03/2026,Olympique de Marseille,Olympique Lyonnais,3,2,H,LIGUE1,2025-26,openfootball
LIGUE1,01/03/2026,Paris FC,OGC Nice,1,0,H,LIGUE1,2025-26,openfootball
LIGUE1,06/03/2026,Paris Saint-Germain FC,AS Monaco FC,1,3,A,LIGUE1,2025-26,openfootball
LIGUE1,07/03/2026,FC Nantes,Angers SCO,0,1,A,LIGUE1,2025-26,openfootball
LIGUE1,07/03/2026,Toulouse FC,Olympique de Marseille,0,1,A,LIGUE1,2025-26,openfootball
LIGUE1,08/03/2026,Lille OSC,FC Lorient,1,1,D,LIGUE1,2025-26,openfootball
LIGUE1,08/03/2026,OGC Nice,Stade Rennais FC 1901,0,4,A,LIGUE1,2025-26,openfootball
LIGUE1,08/03/2026,Olympique Lyonnais,Paris FC,1,1,D,LIGUE1,2025-26,openfootball
LIGUE1,08/03/2026,Racing Club de Lens,FC Metz,3,0,H,LIGUE1,2025-26,openfootball
LIGUE1,08/03/2026,Stade Brestois 29,Le Havre AC,2,0,H,LIGUE1,2025-26,openfootball
LIGUE1,13/03/2026,Olympique de Marseille,AJ Auxerre,1,0,H,LIGUE1,2025-26,openfootball
LIGUE1,14/03/2026,AS Monaco FC,Stade Brestois 29,2,0,H,LIGUE1,2025-26,openfootball
LIGUE1,14/03/2026,Angers SCO,OGC Nice,0,2,A,LIGUE1,2025-26,openfootball
LIGUE1,14/03/2026,FC Lorient,Racing Club de Lens,2,1,H,LIGUE1,2025-26,openfootball
LIGUE1,15/03/2026,FC Metz,Toulouse FC,3,4,A,LIGUE1,2025-26,openfootball
LIGUE1,15/03/2026,Stade Rennais FC 1901,Lille OSC,1,2,A,LIGUE1,2025-26,openfootball
LIGUE1,20/03/2026,Racing Club de Lens,Angers SCO,5,1,H,LIGUE1,2025-26,openfootball
LIGUE1,21/03/2026,AJ Auxerre,Stade Brestois 29,3,0,H,LIGUE1,2025-26,openfootball
LIGUE1,21/03/2026,OGC Nice,Paris Saint-Germain FC,0,4,A,LIGUE1,2025-26,openfootball
LIGUE1,21/03/2026,Toulouse FC,FC Lorient,1,0,H,LIGUE1,2025-26,openfootball
LIGUE1,22/03/2026,FC Nantes,RC Strasbourg Alsace,2,3,A,LIGUE1,2025-26,openfootball
LIGUE1,22/03/2026,Olympique Lyonnais,AS Monaco FC,1,2,A,LIGUE1,2025-26,openfootball
LIGUE1,22/03/2026,Olympique de Marseille,Lille OSC,1,2,A,LIGUE1,2025-26,openfootball
LIGUE1,22/03/2026,Paris FC,Le Havre AC,3,2,H,LIGUE1,2025-26,openfootball
LIGUE1,03/04/2026,Paris Saint-Germain FC,Toulouse FC,3,1,H,LIGUE1,2025-26,openfootball
LIGUE1,04/04/2026,Lille OSC,Racing Club de Lens,3,0,H,LIGUE1,2025-26,openfootball
LIGUE1,04/04/2026,RC Strasbourg Alsace,OGC Nice,3,1,H,LIGUE1,2025-26,openfootball
LIGUE1,04/04/2026,Stade Brestois 29,Stade Rennais FC 1901,3,4,A,LIGUE1,2025-26,openfootball
LIGUE1,05/04/2026,AS Monaco FC,Olympique de Marseille,2,1,H,LIGUE1,2025-26,openfootball
LIGUE1,05/04/2026,FC Lorient,Paris FC,1,1,D,LIGUE1,2025-26,openfootball
LIGUE1,05/04/2026,Le Havre AC,AJ Auxerre,1,1,D,LIGUE1,2025-26,openfootball
LIGUE1,10/04/2026,Olympique de Marseille,FC Metz,3,1,H,LIGUE1,2025-26,openfootball
LIGUE1,10/04/2026,Paris FC,AS Monaco FC,4,1,H,LIGUE1,2025-26,openfootball
LIGUE1,11/04/2026,Stade Rennais FC 1901,Angers SCO,2,1,H,LIGUE1,2025-26,openfootball
LIGUE1,12/04/2026,OGC Nice,Le Havre AC,1,1,D,LIGUE1,2025-26,openfootball
LIGUE1,12/04/2026,Olympique Lyonnais,FC Lorient,2,0,H,LIGUE1,2025-26,openfootball
LIGUE1,12/04/2026,Toulouse FC,Lille OSC,0,4,A,LIGUE1,2025-26,openfootball
LIGUE1,17/04/2026,Racing Club de Lens,Toulouse FC,3,2,H,LIGUE1,2025-26,openfootball
LIGUE1,18/04/2026,Angers SCO,Le Havre AC,1,1,D,LIGUE1,2025-26,openfootball
LIGUE1,18/04/2026,FC Lorient,Olympique de Marseille,2,0,H,LIGUE1,2025-26,openfootball
LIGUE1,19/04/2026,AS Monaco FC,AJ Auxerre,2,2,D,LIGUE1,2025-26,openfootball
LIGUE1,19/04/2026,FC Metz,Paris FC,1,3,A,LIGUE1,2025-26,openfootball
LIGUE1,19/04/2026,FC Nantes,Stade Brestois 29,1,1,D,LIGUE1,2025-26,openfootball
LIGUE1,19/04/2026,Paris Saint-Germain FC,Olympique Lyonnais,1,2,A,LIGUE1,2025-26,openfootball
LIGUE1,19/04/2026,RC Strasbourg Alsace,Stade Rennais FC 1901,0,3,A,LIGUE1,2025-26,openfootball
LIGUE1,22/04/2026,Paris Saint-Germain FC,FC Nantes,3,0,H,LIGUE1,2025-26,openfootball
LIGUE1,24/04/2026,Stade Brestois 29,Racing Club de Lens,3,3,D,LIGUE1,2025-26,openfootball
LIGUE1,25/04/2026,Angers SCO,Paris Saint-Germain FC,0,3,A,LIGUE1,2025-26,openfootball
LIGUE1,25/04/2026,Olympique Lyonnais,AJ Auxerre,3,2,H,LIGUE1,2025-26,openfootball
LIGUE1,25/04/2026,Toulouse FC,AS Monaco FC,2,2,D,LIGUE1,2025-26,openfootball
LIGUE1,26/04/2026,FC Lorient,RC Strasbourg Alsace,2,3,A,LIGUE1,2025-26,openfootball
LIGUE1,26/04/2026,Le Havre AC,FC Metz,4,4,D,LIGUE1,2025-26,openfootball
LIGUE1,26/04/2026,Olympique de Marseille,OGC Nice,1,1,D,LIGUE1,2025-26,openfootball
LIGUE1,26/04/2026,Paris FC,Lille OSC,0,1,A,LIGUE1,2025-26,openfootball
LIGUE1,26/04/2026,Stade Rennais FC 1901,FC Nantes,2,1,H,LIGUE1,2025-26,openfootball
LIGUE1,02/05/2026,FC Metz,AS Monaco FC,1,2,A,LIGUE1,2025-26,openfootball
LIGUE1,02/05/2026,FC Nantes,Olympique de Marseille,3,0,H,LIGUE1,2025-26,openfootball
LIGUE1,02/05/2026,OGC Nice,Racing Club de Lens,1,1,D,LIGUE1,2025-26,openfootball
LIGUE1,02/05/2026,Paris Saint-Germain FC,FC Lorient,2,2,D,LIGUE1,2025-26,openfootball
LIGUE1,03/05/2026,AJ Auxerre,Angers SCO,3,1,H,LIGUE1,2025-26,openfootball
LIGUE1,03/05/2026,Lille OSC,Le Havre AC,1,1,D,LIGUE1,2025-26,openfootball
LIGUE1,03/05/2026,Olympique Lyonnais,Stade Rennais FC 1901,4,2,H,LIGUE1,2025-26,openfootball
LIGUE1,03/05/2026,Paris FC,Stade Brestois 29,4,0,H,LIGUE1,2025-26,openfootball
LIGUE1,03/05/2026,RC Strasbourg Alsace,Toulouse FC,1,2,A,LIGUE1,2025-26,openfootball
LIGUE1,08/05/2026,Racing Club de Lens,FC Nantes,1,0,H,LIGUE1,2025-26,openfootball
LIGUE1,10/05/2026,AJ Auxerre,OGC Nice,2,1,H,LIGUE1,2025-26,openfootball
LIGUE1,10/05/2026,AS Monaco FC,Lille OSC,0,1,A,LIGUE1,2025-26,openfootball
LIGUE1,10/05/2026,Angers SCO,RC Strasbourg Alsace,1,1,D,LIGUE1,2025-26,openfootball
LIGUE1,10/05/2026,FC Metz,FC Lorient,0,4,A,LIGUE1,2025-26,openfootball
LIGUE1,10/05/2026,Le Havre AC,Olympique de Marseille,0,1,A,LIGUE1,2025-26,openfootball
LIGUE1,10/05/2026,Paris Saint-Germain FC,Stade Brestois 29,1,0,H,LIGUE1,2025-26,openfootball
LIGUE1,10/05/2026,Stade Rennais FC 1901,Paris FC,2,1,H,LIGUE1,2025-26,openfootball
LIGUE1,10/05/2026,Toulouse FC,Olympique Lyonnais,2,1,H,LIGUE1,2025-26,openfootball
LIGUE1,13/05/2026,Racing Club de Lens,Paris Saint-Germain FC,0,2,A,LIGUE1,2025-26,openfootball
LIGUE1,13/05/2026,Stade Brestois 29,RC Strasbourg Alsace,1,2,A,LIGUE1,2025-26,openfootball
LIGUE1,17/05/2026,FC Lorient,Le Havre AC,0,2,A,LIGUE1,2025-26,openfootball
LIGUE1,17/05/2026,Lille OSC,AJ Auxerre,0,2,A,LIGUE1,2025-26,openfootball
LIGUE1,17/05/2026,Olympique Lyonnais,Racing Club de Lens,0,4,A,LIGUE1,2025-26,openfootball
LIGUE1,17/05/2026,Olympique de Marseille,Stade Rennais FC 1901,3,1,H,LIGUE1,2025-26,openfootball
LIGUE1,17/05/2026,Paris FC,Paris Saint-Germain FC,2,1,H,LIGUE1,2025-26,openfootball
LIGUE1,17/05/2026,RC Strasbourg Alsace,AS Monaco FC,5,4,H,LIGUE1,2025-26,openfootball
LIGUE1,17/05/2026,Stade Brestois 29,Angers SCO,1,1,D,LIGUE1,2025-26,openfootball
