Div,Date,HomeTeam,AwayTeam,FTHG,FTAG,FTR,source_league,source_season,source_provider
SERIEA,21/08/2021,Empoli FC,SS Lazio,1,3,A,SERIEA,2021-22,openfootball
SERIEA,21/08/2021,FC Internazionale Milano,Genoa CFC,4,0,H,SERIEA,2021-22,openfootball
SERIEA,21/08/2021,Hellas Verona FC,US Sassuolo Calcio,2,3,A,SERIEA,2021-22,openfootball
SERIEA,21/08/2021,Torino FC,Atalanta BC,1,2,A,SERIEA,2021-22,openfootball
SERIEA,22/08/2021,AS Roma,ACF Fiorentina,3,1,H,SERIEA,2021-22,openfootball
SERIEA,22/08/2021,Bologna FC 1909,US Salernitana 1919,3,2,H,SERIEA,2021-22,openfootball
SERIEA,22/08/2021,SSC Napoli,Venezia FC,2,0,H,SERIEA,2021-22,openfootball
SERIEA,22/08/2021,Udinese Calcio,Juventus FC,2,2,D,SERIEA,2021-22,openfootball
SERIEA,23/08/2021,Cagliari Calcio,Spezia Calcio,2,2,D,SERIEA,2021-22,openfootball
SERIEA,23/08/2021,UC Sampdoria,AC Milan,0,1,A,SERIEA,2021-22,openfootball
SERIEA,27/08/2021,Hellas Verona FC,FC Internazionale Milano,1,3,A,SERIEA,2021-22,openfootball
SERIEA,27/08/2021,Udinese Calcio,Venezia FC,3,0,H,SERIEA,2021-22,openfootball
SERIEA,28/08/2021,ACF Fiorentina,Torino FC,2,1,H,SERIEA,2021-22,openfootball
SERIEA,28/08/2021,Atalanta BC,Bologna FC 1909,0,0,D,SERIEA,2021-22,openfootball
SERIEA,28/08/2021,Juventus FC,Empoli FC,0,1,A,SERIEA,2021-22,openfootball
SERIEA,28/08/2021,SS Lazio,Spezia Calcio,6,1,H,SERIEA,2021-22,openfootball
SERIEA,29/08/2021,AC Milan,Cagliari Calcio,4,1,H,SERIEA,2021-22,openfootball
SERIEA,29/08/2021,Genoa CFC,SSC Napoli,1,2,A,SERIEA,2021-22,openfootball
SERIEA,29/08/2021,US Salernitana 1919,AS Roma,0,4,A,SERIEA,2021-22,openfootball
SERIEA,29/08/2021,US Sassuolo Calcio,UC Sampdoria,0,0,D,SERIEA,2021-22,openfootball
SERIEA,11/09/2021,Atalanta BC,ACF Fiorentina,1,2,A,SERIEA,2021-22,openfootball
SERIEA,11/09/2021,Empoli FC,Venezia FC,1,2,A,SERIEA,2021-22,openfootball
SERIEA,11/09/2021,SSC Napoli,Juventus FC,2,1,H,SERIEA,2021-22,openfootball
SERIEA,12/09/2021,AC Milan,SS Lazio,2,0,H,SERIEA,2021-22,openfootball
SERIEA,12/09/2021,AS Roma,US Sassuolo Calcio,2,1,H,SERIEA,2021-22,openfootball
SERIEA,12/09/2021,Cagliari Calcio,Genoa CFC,2,3,A,SERIEA,2021-22,openfootball
SERIEA,12/09/2021,Spezia Calcio,Udinese Calcio,0,1,A,SERIEA,2021-22,openfootball
SERIEA,12/09/2021,Torino FC,US Salernitana 1919,4,0,H,SERIEA,2021-22,openfootball
SERIEA,12/09/2021,UC Sampdoria,FC Internazionale Milano,2,2,D,SERIEA,2021-22,openfootball
SERIEA,13/09/2021,Bologna FC 1909,Hellas Verona FC,1,0,H,SERIEA,2021-22,openfootball
SERIEA,17/09/2021,US Sassuolo Calcio,Torino FC,0,1,A,SERIEA,2021-22,openfootball
SERIEA,18/09/2021,FC Internazionale Milano,Bologna FC 1909,6,1,H,SERIEA,2021-22,openfootball
SERIEA,18/09/2021,Genoa CFC,ACF Fiorentina,1,2,A,SERIEA,2021-22,openfootball
SERIEA,18/09/2021,US Salernitana 1919,Atalanta BC,0,1,A,SERIEA,2021-22,openfootball
SERIEA,19/09/2021,Empoli FC,UC Sampdoria,0,3,A,SERIEA,2021-22,openfootball
SERIEA,19/09/2021,Hellas Verona FC,AS Roma,3,2,H,SERIEA,2021-22,openfootball
SERIEA,19/09/2021,Juventus FC,AC Milan,1,1,D,SERIEA,2021-22,openfootball
SERIEA,19/09/2021,SS Lazio,Cagliari Calcio,2,2,D,SERIEA,2021-22,openfootball
SERIEA,19/09/2021,Venezia FC,Spezia Calcio,1,2,A,SERIEA,2021-22,openfootball
SERIEA,20/09/2021,Udinese Calcio,SSC Napoli,0,4,A,SERIEA,2021-22,openfootball
SERIEA,21/09/2021,ACF Fiorentina,FC Internazionale Milano,1,3,A,SERIEA,2021-22,openfootball
SERIEA,21/09/2021,Atalanta BC,US Sassuolo Calcio,2,1,H,SERIEA,2021-22,openfootball
SERIEA,21/09/2021,Bologna FC 1909,Genoa CFC,2,2,D,SERIEA,2021-22,openfootball
SERIEA,22/09/2021,AC Milan,Venezia FC,2,0,H,SERIEA,2021-22,openfootball
SERIEA,22/09/2021,Cagliari Calcio,Empoli FC,0,2,A,SERIEA,2021-22,openfootball
SERIEA,22/09/2021,Spezia Calcio,Juventus FC,2,3,A,SERIEA,2021-22,openfootball
SERIEA,22/09/2021,US Salernitana 1919,Hellas Verona FC,2,2,D,SERIEA,2021-22,openfootball
SERIEA,23/09/2021,AS Roma,Udinese Calcio,1,0,H,SERIEA,2021-22,openfootball
SERIEA,23/09/2021,Torino FC,SS Lazio,1,1,D,SERIEA,2021-22,openfootball
SERIEA,23/09/2021,UC Sampdoria,SSC Napoli,0,4,A,SERIEA,2021-22,openfootball
SERIEA,25/09/2021,FC Internazionale Milano,Atalanta BC,2,2,D,SERIEA,2021-22,openfootball
SERIEA,25/09/2021,Genoa CFC,Hellas Verona FC,3,3,D,SERIEA,2021-22,openfootball
SERIEA,25/09/2021,Spezia Calcio,AC Milan,1,2,A,SERIEA,2021-22,openfootball
SERIEA,26/09/2021,Empoli FC,Bologna FC 1909,4,2,H,SERIEA,2021-22,openfootball
SERIEA,26/09/2021,Juventus FC,UC Sampdoria,3,2,H,SERIEA,2021-22,openfootball
SERIEA,26/09/2021,SS Lazio,AS Roma,3,2,H,SERIEA,2021-22,openfootball
SERIEA,26/09/2021,SSC Napoli,Cagliari Calcio,2,0,H,SERIEA,2021-22,openfootball
SERIEA,26/09/2021,US Sassuolo Calcio,US Salernitana 1919,1,0,H,SERIEA,2021-22,openfootball
SERIEA,26/09/2021,Udinese Calcio,ACF Fiorentina,0,1,A,SERIEA,2021-22,openfootball
SERIEA,27/09/2021,Venezia FC,Torino FC,1,1,D,SERIEA,2021-22,openfootball
SERIEA,01/10/2021,Cagliari Calcio,Venezia FC,1,1,D,SERIEA,2021-22,openfootball
SERIEA,02/10/2021,Torino FC,Juventus FC,0,1,A,SERIEA,2021-22,openfootball
SERIEA,02/10/2021,US Salernitana 1919,Genoa CFC,1,0,H,SERIEA,2021-22,openfootball
SERIEA,02/10/2021,US Sassuolo Calcio,FC Internazionale Milano,1,2,A,SERIEA,2021-22,openfootball
SERIEA,03/10/2021,ACF Fiorentina,SSC Napoli,1,2,A,SERIEA,2021-22,openfootball
SERIEA,03/10/2021,AS Roma,Empoli FC,2,0,H,SERIEA,2021-22,openfootball
SERIEA,03/10/2021,Atalanta BC,AC Milan,2,3,A,SERIEA,2021-22,openfootball
SERIEA,03/10/2021,Bologna FC 1909,SS Lazio,3,0,H,SERIEA,2021-22,openfootball
SERIEA,03/10/2021,Hellas Verona FC,Spezia Calcio,4,0,H,SERIEA,2021-22,openfootball
SERIEA,03/10/2021,UC Sampdoria,Udinese Calcio,3,3,D,SERIEA,2021-22,openfootball
SERIEA,16/10/2021,AC Milan,Hellas Verona FC,3,2,H,SERIEA,2021-22,openfootball
SERIEA,16/10/2021,SS Lazio,FC Internazionale Milano,3,1,H,SERIEA,2021-22,openfootball
SERIEA,16/10/2021,Spezia Calcio,US Salernitana 1919,2,1,H,SERIEA,2021-22,openfootball
SERIEA,17/10/2021,Cagliari Calcio,UC Sampdoria,3,1,H,SERIEA,2021-22,openfootball
SERIEA,17/10/2021,Empoli FC,Atalanta BC,1,4,A,SERIEA,2021-22,openfootball
SERIEA,17/10/2021,Genoa CFC,US Sassuolo Calcio,2,2,D,SERIEA,2021-22,openfootball
SERIEA,17/10/2021,Juventus FC,AS Roma,1,0,H,SERIEA,2021-22,openfootball
SERIEA,17/10/2021,SSC Napoli,Torino FC,1,0,H,SERIEA,2021-22,openfootball
SERIEA,17/10/2021,Udinese Calcio,Bologna FC 1909,1,1,D,SERIEA,2021-22,openfootball
SERIEA,18/10/2021,Venezia FC,ACF Fiorentina,1,0,H,SERIEA,2021-22,openfootball
SERIEA,22/10/2021,Torino FC,Genoa CFC,3,2,H,SERIEA,2021-22,openfootball
SERIEA,22/10/2021,UC Sampdoria,Spezia Calcio,2,1,H,SERIEA,2021-22,openfootball
SERIEA,23/10/2021,Bologna FC 1909,AC Milan,2,4,A,SERIEA,2021-22,openfootball
SERIEA,23/10/2021,US Salernitana 1919,Empoli FC,2,4,A,SERIEA,2021-22,openfootball
SERIEA,23/10/2021,US Sassuolo Calcio,Venezia FC,3,1,H,SERIEA,2021-22,openfootball
SERIEA,24/10/2021,ACF Fiorentina,Cagliari Calcio,3,0,H,SERIEA,2021-22,openfootball
SERIEA,24/10/2021,AS Roma,SSC Napoli,0,0,D,SERIEA,2021-22,openfootball
SERIEA,24/10/2021,Atalanta BC,Udinese Calcio,1,1,D,SERIEA,2021-22,openfootball
SERIEA,24/10/2021,FC Internazionale Milano,Juventus FC,1,1,D,SERIEA,2021-22,openfootball
SERIEA,24/10/2021,Hellas Verona FC,SS Lazio,4,1,H,SERIEA,2021-22,openfootball
SERIEA,26/10/2021,AC Milan,Torino FC,1,0,H,SERIEA,2021-22,openfootball
SERIEA,26/10/2021,Spezia Calcio,Genoa CFC,1,1,D,SERIEA,2021-22,openfootball
SERIEA,26/10/2021,Venezia FC,US Salernitana 1919,1,2,A,SERIEA,2021-22,openfootball
SERIEA,27/10/2021,Cagliari Calcio,AS Roma,1,2,A,SERIEA,2021-22,openfootball
SERIEA,27/10/2021,Empoli FC,FC Internazionale Milano,0,2,A,SERIEA,2021-22,openfootball
SERIEA,27/10/2021,Juventus FC,US Sassuolo Calcio,1,2,A,SERIEA,2021-22,openfootball
SERIEA,27/10/2021,SS Lazio,ACF Fiorentina,1,0,H,SERIEA,2021-22,openfootball
SERIEA,27/10/2021,UC Sampdoria,Atalanta BC,1,3,A,SERIEA,2021-22,openfootball
SERIEA,27/10/2021,Udinese Calcio,Hellas Verona FC,1,1,D,SERIEA,2021-22,openfootball
SERIEA,28/10/2021,SSC Napoli,Bologna FC 1909,3,0,H,SERIEA,2021-22,openfootball
SERIEA,30/10/2021,Atalanta BC,SS Lazio,2,2,D,SERIEA,2021-22,openfootball
SERIEA,30/10/2021,Hellas Verona FC,Juventus FC,2,1,H,SERIEA,2021-22,openfootball
SERIEA,30/10/2021,Torino FC,UC Sampdoria,3,0,H,SERIEA,2021-22,openfootball
SERIEA,31/10/2021,ACF Fiorentina,Spezia Calcio,3,0,H,SERIEA,2021-22,openfootball
SERIEA,31/10/2021,AS Roma,AC Milan,1,2,A,SERIEA,2021-22,openfootball
SERIEA,31/10/2021,FC Internazionale Milano,Udinese Calcio,2,0,H,SERIEA,2021-22,openfootball
SERIEA,31/10/2021,Genoa CFC,Venezia FC,0,0,D,SERIEA,2021-22,openfootball
SERIEA,31/10/2021,US Salernitana 1919,SSC Napoli,0,1,A,SERIEA,2021-22,openfootball
SERIEA,31/10/2021,US Sassuolo Calcio,Empoli FC,1,2,A,SERIEA,2021-22,openfootball
SERIEA,01/11/2021,Bologna FC 1909,Cagliari Calcio,2,0,H,SERIEA,2021-22,openfootball
SERIEA,05/11/2021,Empoli FC,Genoa CFC,2,2,D,SERIEA,2021-22,openfootball
SERIEA,06/11/2021,Cagliari Calcio,Atalanta BC,1,2,A,SERIEA,2021-22,openfootball
SERIEA,06/11/2021,Juventus FC,ACF Fiorentina,1,0,H,SERIEA,2021-22,openfootball
SERIEA,06/11/2021,Spezia Calcio,Torino FC,1,0,H,SERIEA,2021-22,openfootball
SERIEA,07/11/2021,AC Milan,FC Internazionale Milano,1,1,D,SERIEA,2021-22,openfootball
SERIEA,07/11/2021,SS Lazio,US Salernitana 1919,3,0,H,SERIEA,2021-22,openfootball
SERIEA,07/11/2021,SSC Napoli,Hellas Verona FC,1,1,D,SERIEA,2021-22,openfootball
SERIEA,07/11/2021,UC Sampdoria,Bologna FC 1909,1,2,A,SERIEA,2021-22,openfootball
SERIEA,07/11/2021,Udinese Calcio,US Sassuolo Calcio,3,2,H,SERIEA,2021-22,openfootball
SERIEA,07/11/2021,Venezia FC,AS Roma,3,2,H,SERIEA,2021-22,openfootball
SERIEA,20/11/2021,ACF Fiorentina,AC Milan,4,3,H,SERIEA,2021-22,openfootball
SERIEA,20/11/2021,Atalanta BC,Spezia Calcio,5,2,H,SERIEA,2021-22,openfootball
SERIEA,20/11/2021,SS Lazio,Juventus FC,0,2,A,SERIEA,2021-22,openfootball
SERIEA,21/11/2021,Bologna FC 1909,Venezia FC,0,1,A,SERIEA,2021-22,openfootball
SERIEA,21/11/2021,FC Internazionale Milano,SSC Napoli,3,2,H,SERIEA,2021-22,openfootball
SERIEA,21/11/2021,Genoa CFC,AS Roma,0,2,A,SERIEA,2021-22,openfootball
SERIEA,21/11/2021,US Salernitana 1919,UC Sampdoria,0,2,A,SERIEA,2021-22,openfootball
SERIEA,21/11/2021,US Sassuolo Calcio,Cagliari Calcio,2,2,D,SERIEA,2021-22,openfootball
SERIEA,22/11/2021,Hellas Verona FC,Empoli FC,2,1,H,SERIEA,2021-22,openfootball
SERIEA,22/11/2021,Torino FC,Udinese Calcio,2,1,H,SERIEA,2021-22,openfootball
SERIEA,26/11/2021,Cagliari Calcio,US Salernitana 1919,1,1,D,SERIEA,2021-22,openfootball
SERIEA,27/11/2021,Empoli FC,ACF Fiorentina,2,1,H,SERIEA,2021-22,openfootball
SERIEA,27/11/2021,Juventus FC,Atalanta BC,0,1,A,SERIEA,2021-22,openfootball
SERIEA,27/11/2021,UC Sampdoria,Hellas Verona FC,3,1,H,SERIEA,2021-22,openfootball
SERIEA,27/11/2021,Venezia FC,FC Internazionale Milano,0,2,A,SERIEA,2021-22,openfootball
SERIEA,28/11/2021,AC Milan,US Sassuolo Calcio,1,3,A,SERIEA,2021-22,openfootball
SERIEA,28/11/2021,AS Roma,Torino FC,1,0,H,SERIEA,2021-22,openfootball
SERIEA,28/11/2021,SSC Napoli,SS Lazio,4,0,H,SERIEA,2021-22,openfootball
SERIEA,28/11/2021,Spezia Calcio,Bologna FC 1909,0,1,A,SERIEA,2021-22,openfootball
SERIEA,28/11/2021,Udinese Calcio,Genoa CFC,0,0,D,SERIEA,2021-22,openfootball
SERIEA,30/11/2021,ACF Fiorentina,UC Sampdoria,3,1,H,SERIEA,2021-22,openfootball
SERIEA,30/11/2021,Atalanta BC,Venezia FC,4,0,H,SERIEA,2021-22,openfootball
SERIEA,30/11/2021,Hellas Verona FC,Cagliari Calcio,0,0,D,SERIEA,2021-22,openfootball
SERIEA,30/11/2021,US Salernitana 1919,Juventus FC,0,2,A,SERIEA,2021-22,openfootball
SERIEA,01/12/2021,Bologna FC 1909,AS Roma,1,0,H,SERIEA,2021-22,openfootball
SERIEA,01/12/2021,FC Internazionale Milano,Spezia Calcio,2,0,H,SERIEA,2021-22,openfootball
SERIEA,01/12/2021,Genoa CFC,AC Milan,0,3,A,SERIEA,2021-22,openfootball
SERIEA,01/12/2021,US Sassuolo Calcio,SSC Napoli,2,2,D,SERIEA,2021-22,openfootball
SERIEA,02/12/2021,SS Lazio,Udinese Calcio,4,4,D,SERIEA,2021-22,openfootball
SERIEA,02/12/2021,Torino FC,Empoli FC,2,2,D,SERIEA,2021-22,openfootball
SERIEA,04/12/2021,AC Milan,US Salernitana 1919,2,0,H,SERIEA,2021-22,openfootball
SERIEA,04/12/2021,AS Roma,FC Internazionale Milano,0,3,A,SERIEA,2021-22,openfootball
SERIEA,04/12/2021,SSC Napoli,Atalanta BC,2,3,A,SERIEA,2021-22,openfootball
SERIEA,05/12/2021,Bologna FC 1909,ACF Fiorentina,2,3,A,SERIEA,2021-22,openfootball
SERIEA,05/12/2021,Juventus FC,Genoa CFC,2,0,H,SERIEA,2021-22,openfootball
SERIEA,05/12/2021,Spezia Calcio,US Sassuolo Calcio,2,2,D,SERIEA,2021-22,openfootball
SERIEA,05/12/2021,UC Sampdoria,SS Lazio,1,3,A,SERIEA,2021-22,openfootball
SERIEA,05/12/2021,Venezia FC,Hellas Verona FC,3,4,A,SERIEA,2021-22,openfootball
SERIEA,06/12/2021,Cagliari Calcio,Torino FC,1,1,D,SERIEA,2021-22,openfootball
SERIEA,06/12/2021,Empoli FC,Udinese Calcio,3,1,H,SERIEA,2021-22,openfootball
SERIEA,10/12/2021,Genoa CFC,UC Sampdoria,1,3,A,SERIEA,2021-22,openfootball
SERIEA,11/12/2021,ACF Fiorentina,US Salernitana 1919,4,0,H,SERIEA,2021-22,openfootball
SERIEA,11/12/2021,Udinese Calcio,AC Milan,1,1,D,SERIEA,2021-22,openfootball
SERIEA,11/12/2021,Venezia FC,Juventus FC,1,1,D,SERIEA,2021-22,openfootball
SERIEA,12/12/2021,FC Internazionale Milano,Cagliari Calcio,4,0,H,SERIEA,2021-22,openfootball
SERIEA,12/12/2021,Hellas Verona FC,Atalanta BC,1,2,A,SERIEA,2021-22,openfootball
SERIEA,12/12/2021,SSC Napoli,Empoli FC,0,1,A,SERIEA,2021-22,openfootball
SERIEA,12/12/2021,Torino FC,Bologna FC 1909,2,1,H,SERIEA,2021-22,openfootball
SERIEA,12/12/2021,US Sassuolo Calcio,SS Lazio,2,1,H,SERIEA,2021-22,openfootball
SERIEA,13/12/2021,AS Roma,Spezia Calcio,2,0,H,SERIEA,2021-22,openfootball
SERIEA,17/12/2021,SS Lazio,Genoa CFC,3,1,H,SERIEA,2021-22,openfootball
SERIEA,17/12/2021,US Salernitana 1919,FC Internazionale Milano,0,5,A,SERIEA,2021-22,openfootball
SERIEA,18/12/2021,Atalanta BC,AS Roma,1,4,A,SERIEA,2021-22,openfootball
SERIEA,18/12/2021,Bologna FC 1909,Juventus FC,0,2,A,SERIEA,2021-22,openfootball
SERIEA,18/12/2021,Cagliari Calcio,Udinese Calcio,0,4,A,SERIEA,2021-22,openfootball
SERIEA,19/12/2021,AC Milan,SSC Napoli,0,1,A,SERIEA,2021-22,openfootball
SERIEA,19/12/2021,ACF Fiorentina,US Sassuolo Calcio,2,2,D,SERIEA,2021-22,openfootball
SERIEA,19/12/2021,Spezia Calcio,Empoli FC,1,1,D,SERIEA,2021-22,openfootball
SERIEA,19/12/2021,Torino FC,Hellas Verona FC,1,0,H,SERIEA,2021-22,openfootball
SERIEA,19/12/2021,UC Sampdoria,Venezia FC,1,1,D,SERIEA,2021-22,openfootball
SERIEA,21/12/2021,Genoa CFC,Atalanta BC,0,0,D,SERIEA,2021-22,openfootball
SERIEA,21/12/2021,Juventus FC,Cagliari Calcio,2,0,H,SERIEA,2021-22,openfootball
SERIEA,22/12/2021,AS Roma,UC Sampdoria,1,1,D,SERIEA,2021-22,openfootball
SERIEA,22/12/2021,Empoli FC,AC Milan,2,4,A,SERIEA,2021-22,openfootball
SERIEA,22/12/2021,FC Internazionale Milano,Torino FC,1,0,H,SERIEA,2021-22,openfootball
SERIEA,22/12/2021,Hellas Verona FC,ACF Fiorentina,1,1,D,SERIEA,2021-22,openfootball
SERIEA,22/12/2021,SSC Napoli,Spezia Calcio,0,1,A,SERIEA,2021-22,openfootball
SERIEA,22/12/2021,US Sassuolo Calcio,Bologna FC 1909,0,3,A,SERIEA,2021-22,openfootball
SERIEA,22/12/2021,Venezia FC,SS Lazio,1,3,A,SERIEA,2021-22,openfootball
SERIEA,06/01/2022,AC Milan,AS Roma,3,1,H,SERIEA,2021-22,openfootball
SERIEA,06/01/2022,Juventus FC,SSC Napoli,1,1,D,SERIEA,2021-22,openfootball
SERIEA,06/01/2022,SS Lazio,Empoli FC,3,3,D,SERIEA,2021-22,openfootball
SERIEA,06/01/2022,Spezia Calcio,Hellas Verona FC,1,2,A,SERIEA,2021-22,openfootball
SERIEA,06/01/2022,UC Sampdoria,Cagliari Calcio,1,2,A,SERIEA,2021-22,openfootball
SERIEA,06/01/2022,US Sassuolo Calcio,Genoa CFC,1,1,D,SERIEA,2021-22,openfootball
SERIEA,09/01/2022,AS Roma,Juventus FC,3,4,A,SERIEA,2021-22,openfootball
SERIEA,09/01/2022,Empoli FC,US Sassuolo Calcio,1,5,A,SERIEA,2021-22,openfootball
SERIEA,09/01/2022,FC Internazionale Milano,SS Lazio,2,1,H,SERIEA,2021-22,openfootball
SERIEA,09/01/2022,Genoa CFC,Spezia Calcio,0,1,A,SERIEA,2021-22,openfootball
SERIEA,09/01/2022,Hellas Verona FC,US Salernitana 1919,1,2,A,SERIEA,2021-22,openfootball
SERIEA,09/01/2022,SSC Napoli,UC Sampdoria,1,0,H,SERIEA,2021-22,openfootball
SERIEA,09/01/2022,Udinese Calcio,Atalanta BC,2,6,A,SERIEA,2021-22,openfootball
SERIEA,09/01/2022,Venezia FC,AC Milan,0,3,A,SERIEA,2021-22,openfootball
SERIEA,10/01/2022,Torino FC,ACF Fiorentina,4,0,H,SERIEA,2021-22,openfootball
SERIEA,11/01/2022,Cagliari Calcio,Bologna FC 1909,2,1,H,SERIEA,2021-22,openfootball
SERIEA,15/01/2022,Juventus FC,Udinese Calcio,2,0,H,SERIEA,2021-22,openfootball
SERIEA,15/01/2022,UC Sampdoria,Torino FC,1,2,A,SERIEA,2021-22,openfootball
SERIEA,15/01/2022,US Salernitana 1919,SS Lazio,0,3,A,SERIEA,2021-22,openfootball
SERIEA,16/01/2022,AS Roma,Cagliari Calcio,1,0,H,SERIEA,2021-22,openfootball
SERIEA,16/01/2022,Atalanta BC,FC Internazionale Milano,0,0,D,SERIEA,2021-22,openfootball
SERIEA,16/01/2022,US Sassuolo Calcio,Hellas Verona FC,2,4,A,SERIEA,2021-22,openfootball
SERIEA,16/01/2022,Venezia FC,Empoli FC,1,1,D,SERIEA,2021-22,openfootball
SERIEA,17/01/2022,AC Milan,Spezia Calcio,1,2,A,SERIEA,2021-22,openfootball
SERIEA,17/01/2022,ACF Fiorentina,Genoa CFC,6,0,H,SERIEA,2021-22,openfootball
SERIEA,17/01/2022,Bologna FC 1909,SSC Napoli,0,2,A,SERIEA,2021-22,openfootball
SERIEA,21/01/2022,Hellas Verona FC,Bologna FC 1909,2,1,H,SERIEA,2021-22,openfootball
SERIEA,22/01/2022,FC Internazionale Milano,Venezia FC,2,1,H,SERIEA,2021-22,openfootball
SERIEA,22/01/2022,Genoa CFC,Udinese Calcio,0,0,D,SERIEA,2021-22,openfootball
SERIEA,22/01/2022,SS Lazio,Atalanta BC,0,0,D,SERIEA,2021-22,openfootball
SERIEA,23/01/2022,AC Milan,Juventus FC,0,0,D,SERIEA,2021-22,openfootball
SERIEA,23/01/2022,Cagliari Calcio,ACF Fiorentina,1,1,D,SERIEA,2021-22,openfootball
SERIEA,23/01/2022,Empoli FC,AS Roma,2,4,A,SERIEA,2021-22,openfootball
SERIEA,23/01/2022,SSC Napoli,US Salernitana 1919,4,1,H,SERIEA,2021-22,openfootball
SERIEA,23/01/2022,Spezia Calcio,UC Sampdoria,1,0,H,SERIEA,2021-22,openfootball
SERIEA,23/01/2022,Torino FC,US Sassuolo Calcio,1,1,D,SERIEA,2021-22,openfootball
SERIEA,05/02/2022,ACF Fiorentina,SS Lazio,0,3,A,SERIEA,2021-22,openfootball
SERIEA,05/02/2022,AS Roma,Genoa CFC,0,0,D,SERIEA,2021-22,openfootball
SERIEA,05/02/2022,FC Internazionale Milano,AC Milan,1,2,A,SERIEA,2021-22,openfootball
SERIEA,06/02/2022,Atalanta BC,Cagliari Calcio,1,2,A,SERIEA,2021-22,openfootball
SERIEA,06/02/2022,Bologna FC 1909,Empoli FC,0,0,D,SERIEA,2021-22,openfootball
SERIEA,06/02/2022,Juventus FC,Hellas Verona FC,2,0,H,SERIEA,2021-22,openfootball
SERIEA,06/02/2022,UC Sampdoria,US Sassuolo Calcio,4,0,H,SERIEA,2021-22,openfootball
SERIEA,06/02/2022,Udinese Calcio,Torino FC,2,0,H,SERIEA,2021-22,openfootball
SERIEA,06/02/2022,Venezia FC,SSC Napoli,0,2,A,SERIEA,2021-22,openfootball
SERIEA,07/02/2022,US Salernitana 1919,Spezia Calcio,2,2,D,SERIEA,2021-22,openfootball
SERIEA,12/02/2022,SS Lazio,Bologna FC 1909,3,0,H,SERIEA,2021-22,openfootball
SERIEA,12/02/2022,SSC Napoli,FC Internazionale Milano,1,1,D,SERIEA,2021-22,openfootball
SERIEA,12/02/2022,Torino FC,Venezia FC,1,2,A,SERIEA,2021-22,openfootball
SERIEA,13/02/2022,AC Milan,UC Sampdoria,1,0,H,SERIEA,2021-22,openfootball
SERIEA,13/02/2022,Atalanta BC,Juventus FC,1,1,D,SERIEA,2021-22,openfootball
SERIEA,13/02/2022,Empoli FC,Cagliari Calcio,1,1,D,SERIEA,2021-22,openfootball
SERIEA,13/02/2022,Genoa CFC,US Salernitana 1919,1,1,D,SERIEA,2021-22,openfootball
SERIEA,13/02/2022,Hellas Verona FC,Udinese Calcio,4,0,H,SERIEA,2021-22,openfootball
SERIEA,13/02/2022,US Sassuolo Calcio,AS Roma,2,2,D,SERIEA,2021-22,openfootball
SERIEA,14/02/2022,Spezia Calcio,ACF Fiorentina,1,2,A,SERIEA,2021-22,openfootball
SERIEA,18/02/2022,Juventus FC,Torino FC,1,1,D,SERIEA,2021-22,openfootball
SERIEA,19/02/2022,AS Roma,Hellas Verona FC,2,2,D,SERIEA,2021-22,openfootball
SERIEA,19/02/2022,UC Sampdoria,Empoli FC,2,0,H,SERIEA,2021-22,openfootball
SERIEA,19/02/2022,US Salernitana 1919,AC Milan,2,2,D,SERIEA,2021-22,openfootball
SERIEA,20/02/2022,ACF Fiorentina,Atalanta BC,1,0,H,SERIEA,2021-22,openfootball
SERIEA,20/02/2022,FC Internazionale Milano,US Sassuolo Calcio,0,2,A,SERIEA,2021-22,openfootball
SERIEA,20/02/2022,Udinese Calcio,SS Lazio,1,1,D,SERIEA,2021-22,openfootball
SERIEA,20/02/2022,Venezia FC,Genoa CFC,1,1,D,SERIEA,2021-22,openfootball
SERIEA,21/02/2022,Bologna FC 1909,Spezia Calcio,2,1,H,SERIEA,2021-22,openfootball
SERIEA,21/02/2022,Cagliari Calcio,SSC Napoli,1,1,D,SERIEA,2021-22,openfootball
SERIEA,25/02/2022,AC Milan,Udinese Calcio,1,1,D,SERIEA,2021-22,openfootball
SERIEA,25/02/2022,Genoa CFC,FC Internazionale Milano,0,0,D,SERIEA,2021-22,openfootball
SERIEA,26/02/2022,Empoli FC,Juventus FC,2,3,A,SERIEA,2021-22,openfootball
SERIEA,26/02/2022,US Salernitana 1919,Bologna FC 1909,1,1,D,SERIEA,2021-22,openfootball
SERIEA,26/02/2022,US Sassuolo Calcio,ACF Fiorentina,2,1,H,SERIEA,2021-22,openfootball
SERIEA,27/02/2022,Hellas Verona FC,Venezia FC,3,1,H,SERIEA,2021-22,openfootball
SERIEA,27/02/2022,SS Lazio,SSC Napoli,1,2,A,SERIEA,2021-22,openfootball
SERIEA,27/02/2022,Spezia Calcio,AS Roma,0,1,A,SERIEA,2021-22,openfootball
SERIEA,27/02/2022,Torino FC,Cagliari Calcio,1,2,A,SERIEA,2021-22,openfootball
SERIEA,28/02/2022,Atalanta BC,UC Sampdoria,4,0,H,SERIEA,2021-22,openfootball
SERIEA,04/03/2022,FC Internazionale Milano,US Salernitana 1919,5,0,H,SERIEA,2021-22,openfootball
SERIEA,05/03/2022,AS Roma,Atalanta BC,1,0,H,SERIEA,2021-22,openfootball
SERIEA,05/03/2022,Cagliari Calcio,SS Lazio,0,3,A,SERIEA,2021-22,openfootball
SERIEA,05/03/2022,Udinese Calcio,UC Sampdoria,2,1,H,SERIEA,2021-22,openfootball
SERIEA,06/03/2022,ACF Fiorentina,Hellas Verona FC,1,1,D,SERIEA,2021-22,openfootball
SERIEA,06/03/2022,Bologna FC 1909,Torino FC,0,0,D,SERIEA,2021-22,openfootball
SERIEA,06/03/2022,Genoa CFC,Empoli FC,0,0,D,SERIEA,2021-22,openfootball
SERIEA,06/03/2022,Juventus FC,Spezia Calcio,1,0,H,SERIEA,2021-22,openfootball
SERIEA,06/03/2022,SSC Napoli,AC Milan,0,1,A,SERIEA,2021-22,openfootball
SERIEA,06/03/2022,Venezia FC,US Sassuolo Calcio,1,4,A,SERIEA,2021-22,openfootball
SERIEA,12/03/2022,AC Milan,Empoli FC,1,0,H,SERIEA,2021-22,openfootball
SERIEA,12/03/2022,Spezia Calcio,Cagliari Calcio,2,0,H,SERIEA,2021-22,openfootball
SERIEA,12/03/2022,UC Sampdoria,Juventus FC,1,3,A,SERIEA,2021-22,openfootball
SERIEA,12/03/2022,US Salernitana 1919,US Sassuolo Calcio,2,2,D,SERIEA,2021-22,openfootball
SERIEA,13/03/2022,ACF Fiorentina,Bologna FC 1909,1,0,H,SERIEA,2021-22,openfootball
SERIEA,13/03/2022,Atalanta BC,Genoa CFC,0,0,D,SERIEA,2021-22,openfootball
SERIEA,13/03/2022,Hellas Verona FC,SSC Napoli,1,2,A,SERIEA,2021-22,openfootball
SERIEA,13/03/2022,Torino FC,FC Internazionale Milano,1,1,D,SERIEA,2021-22,openfootball
SERIEA,13/03/2022,Udinese Calcio,AS Roma,1,1,D,SERIEA,2021-22,openfootball
SERIEA,14/03/2022,SS Lazio,Venezia FC,1,0,H,SERIEA,2021-22,openfootball
SERIEA,18/03/2022,Genoa CFC,Torino FC,1,0,H,SERIEA,2021-22,openfootball
SERIEA,18/03/2022,US Sassuolo Calcio,Spezia Calcio,4,1,H,SERIEA,2021-22,openfootball
SERIEA,19/03/2022,Cagliari Calcio,AC Milan,0,1,A,SERIEA,2021-22,openfootball
SERIEA,19/03/2022,FC Internazionale Milano,ACF Fiorentina,1,1,D,SERIEA,2021-22,openfootball
SERIEA,19/03/2022,SSC Napoli,Udinese Calcio,2,1,H,SERIEA,2021-22,openfootball
SERIEA,20/03/2022,AS Roma,SS Lazio,3,0,H,SERIEA,2021-22,openfootball
SERIEA,20/03/2022,Bologna FC 1909,Atalanta BC,0,1,A,SERIEA,2021-22,openfootball
SERIEA,20/03/2022,Empoli FC,Hellas Verona FC,1,1,D,SERIEA,2021-22,openfootball
SERIEA,20/03/2022,Juventus FC,US Salernitana 1919,2,0,H,SERIEA,2021-22,openfootball
SERIEA,20/03/2022,Venezia FC,UC Sampdoria,0,2,A,SERIEA,2021-22,openfootball
SERIEA,02/04/2022,SS Lazio,US Sassuolo Calcio,2,1,H,SERIEA,2021-22,openfootball
SERIEA,02/04/2022,Spezia Calcio,Venezia FC,1,0,H,SERIEA,2021-22,openfootball
SERIEA,02/04/2022,US Salernitana 1919,Torino FC,0,1,A,SERIEA,2021-22,openfootball
SERIEA,03/04/2022,ACF Fiorentina,Empoli FC,1,0,H,SERIEA,2021-22,openfootball
SERIEA,03/04/2022,Atalanta BC,SSC Napoli,1,3,A,SERIEA,2021-22,openfootball
SERIEA,03/04/2022,Juventus FC,FC Internazionale Milano,0,1,A,SERIEA,2021-22,openfootball
SERIEA,03/04/2022,UC Sampdoria,AS Roma,0,1,A,SERIEA,2021-22,openfootball
SERIEA,03/04/2022,Udinese Calcio,Cagliari Calcio,5,1,H,SERIEA,2021-22,openfootball
SERIEA,04/04/2022,AC Milan,Bologna FC 1909,0,0,D,SERIEA,2021-22,openfootball
SERIEA,04/04/2022,Hellas Verona FC,Genoa CFC,1,0,H,SERIEA,2021-22,openfootball
SERIEA,09/04/2022,Cagliari Calcio,Juventus FC,1,2,A,SERIEA,2021-22,openfootball
SERIEA,09/04/2022,Empoli FC,Spezia Calcio,0,0,D,SERIEA,2021-22,openfootball
SERIEA,09/04/2022,FC Internazionale Milano,Hellas Verona FC,2,0,H,SERIEA,2021-22,openfootball
SERIEA,10/04/2022,AS Roma,US Salernitana 1919,2,1,H,SERIEA,2021-22,openfootball
SERIEA,10/04/2022,Genoa CFC,SS Lazio,1,4,A,SERIEA,2021-22,openfootball
SERIEA,10/04/2022,SSC Napoli,ACF Fiorentina,2,3,A,SERIEA,2021-22,openfootball
SERIEA,10/04/2022,Torino FC,AC Milan,0,0,D,SERIEA,2021-22,openfootball
SERIEA,10/04/2022,US Sassuolo Calcio,Atalanta BC,2,1,H,SERIEA,2021-22,openfootball
SERIEA,10/04/2022,Venezia FC,Udinese Calcio,1,2,A,SERIEA,2021-22,openfootball
SERIEA,11/04/2022,Bologna FC 1909,UC Sampdoria,2,0,H,SERIEA,2021-22,openfootball
SERIEA,15/04/2022,AC Milan,Genoa CFC,2,0,H,SERIEA,2021-22,openfootball
SERIEA,15/04/2022,Spezia Calcio,FC Internazionale Milano,1,3,A,SERIEA,2021-22,openfootball
SERIEA,16/04/2022,ACF Fiorentina,Venezia FC,1,0,H,SERIEA,2021-22,openfootball
SERIEA,16/04/2022,Cagliari Calcio,US Sassuolo Calcio,1,0,H,SERIEA,2021-22,openfootball
SERIEA,16/04/2022,Juventus FC,Bologna FC 1909,1,1,D,SERIEA,2021-22,openfootball
SERIEA,16/04/2022,SS Lazio,Torino FC,1,1,D,SERIEA,2021-22,openfootball
SERIEA,16/04/2022,UC Sampdoria,US Salernitana 1919,1,2,A,SERIEA,2021-22,openfootball
SERIEA,16/04/2022,Udinese Calcio,Empoli FC,4,1,H,SERIEA,2021-22,openfootball
SERIEA,18/04/2022,Atalanta BC,Hellas Verona FC,1,2,A,SERIEA,2021-22,openfootball
SERIEA,18/04/2022,SSC Napoli,AS Roma,1,1,D,SERIEA,2021-22,openfootball
SERIEA,20/04/2022,Udinese Calcio,US Salernitana 1919,0,1,A,SERIEA,2021-22,openfootball
SERIEA,23/04/2022,FC Internazionale Milano,AS Roma,3,1,H,SERIEA,2021-22,openfootball
SERIEA,23/04/2022,Hellas Verona FC,UC Sampdoria,1,1,D,SERIEA,2021-22,openfootball
SERIEA,23/04/2022,Torino FC,Spezia Calcio,2,1,H,SERIEA,2021-22,openfootball
SERIEA,23/04/2022,Venezia FC,Atalanta BC,1,3,A,SERIEA,2021-22,openfootball
SERIEA,24/04/2022,Bologna FC 1909,Udinese Calcio,2,2,D,SERIEA,2021-22,openfootball
SERIEA,24/04/2022,Empoli FC,SSC Napoli,3,2,H,SERIEA,2021-22,openfootball
SERIEA,24/04/2022,Genoa CFC,Cagliari Calcio,1,0,H,SERIEA,2021-22,openfootball
SERIEA,24/04/2022,SS Lazio,AC Milan,1,2,A,SERIEA,2021-22,openfootball
SERIEA,24/04/2022,US Salernitana 1919,ACF Fiorentina,2,1,H,SERIEA,2021-22,openfootball
SERIEA,25/04/2022,US Sassuolo Calcio,Juventus FC,1,2,A,SERIEA,2021-22,openfootball
SERIEA,27/04/2022,ACF Fiorentina,Udinese Calcio,0,4,A,SERIEA,2021-22,openfootball
SERIEA,27/04/2022,Atalanta BC,Torino FC,4,4,D,SERIEA,2021-22,openfootball
SERIEA,27/04/2022,Bologna FC 1909,FC Internazionale Milano,2,1,H,SERIEA,2021-22,openfootball
SERIEA,30/04/2022,Cagliari Calcio,Hellas Verona FC,1,2,A,SERIEA,2021-22,openfootball
SERIEA,30/04/2022,SSC Napoli,US Sassuolo Calcio,6,1,H,SERIEA,2021-22,openfootball
SERIEA,30/04/2022,Spezia Calcio,SS Lazio,3,4,A,SERIEA,2021-22,openfootball
SERIEA,30/04/2022,UC Sampdoria,Genoa CFC,1,0,H,SERIEA,2021-22,openfootball
SERIEA,01/05/2022,AC Milan,ACF Fiorentina,1,0,H,SERIEA,2021-22,openfootball
SERIEA,01/05/2022,AS Roma,Bologna FC 1909,0,0,D,SERIEA,2021-22,openfootball
SERIEA,01/05/2022,Empoli FC,Torino FC,1,3,A,SERIEA,2021-22,openfootball
SERIEA,01/05/2022,Juventus FC,Venezia FC,2,1,H,SERIEA,2021-22,openfootball
SERIEA,01/05/2022,Udinese Calcio,FC Internazionale Milano,1,2,A,SERIEA,2021-22,openfootball
SERIEA,02/05/2022,Atalanta BC,US Salernitana 1919,1,1,D,SERIEA,2021-22,openfootball
SERIEA,05/05/2022,US Salernitana 1919,Venezia FC,2,1,H,SERIEA,2021-22,openfootball
SERIEA,06/05/2022,FC Internazionale Milano,Empoli FC,4,2,H,SERIEA,2021-22,openfootball
SERIEA,06/05/2022,Genoa CFC,Juventus FC,2,1,H,SERIEA,2021-22,openfootball
SERIEA,07/05/2022,SS Lazio,UC Sampdoria,2,0,H,SERIEA,2021-22,openfootball
SERIEA,07/05/2022,Torino FC,SSC Napoli,0,1,A,SERIEA,2021-22,openfootball
SERIEA,07/05/2022,US Sassuolo Calcio,Udinese Calcio,1,1,D,SERIEA,2021-22,openfootball
SERIEA,08/05/2022,Hellas Verona FC,AC Milan,1,3,A,SERIEA,2021-22,openfootball
SERIEA,08/05/2022,Spezia Calcio,Atalanta BC,1,3,A,SERIEA,2021-22,openfootball
SERIEA,08/05/2022,US Salernitana 1919,Cagliari Calcio,1,1,D,SERIEA,2021-22,openfootball
SERIEA,08/05/2022,Venezia FC,Bologna FC 1909,4,3,H,SERIEA,2021-22,openfootball
SERIEA,09/05/2022,ACF Fiorentina,AS Roma,2,0,H,SERIEA,2021-22,openfootball
SERIEA,14/05/2022,AS Roma,Venezia FC,1,1,D,SERIEA,2021-22,openfootball
SERIEA,14/05/2022,Empoli FC,US Salernitana 1919,1,1,D,SERIEA,2021-22,openfootball
SERIEA,14/05/2022,Hellas Verona FC,Torino FC,0,1,A,SERIEA,2021-22,openfootball
SERIEA,14/05/2022,Udinese Calcio,Spezia Calcio,2,3,A,SERIEA,2021-22,openfootball
SERIEA,15/05/2022,AC Milan,Atalanta BC,2,0,H,SERIEA,2021-22,openfootball
SERIEA,15/05/2022,Bologna FC 1909,US Sassuolo Calcio,1,3,A,SERIEA,2021-22,openfootball
SERIEA,15/05/2022,Cagliari Calcio,FC Internazionale Milano,1,3,A,SERIEA,2021-22,openfootball
SERIEA,15/05/2022,SSC Napoli,Genoa CFC,3,0,H,SERIEA,2021-22,openfootball
SERIEA,16/05/2022,Juventus FC,SS Lazio,2,2,D,SERIEA,2021-22,openfootball
SERIEA,16/05/2022,UC Sampdoria,ACF Fiorentina,4,1,H,SERIEA,2021-22,openfootball
SERIEA,20/05/2022,Torino FC,AS Roma,0,3,A,SERIEA,2021-22,openfootball
SERIEA,21/05/2022,ACF Fiorentina,Juventus FC,2,0,H,SERIEA,2021-22,openfootball
SERIEA,21/05/2022,Atalanta BC,Empoli FC,0,1,A,SERIEA,2021-22,openfootball
SERIEA,21/05/2022,Genoa CFC,Bologna FC 1909,0,1,A,SERIEA,2021-22,openfootball
SERIEA,21/05/2022,SS Lazio,Hellas Verona FC,3,3,D,SERIEA,2021-22,openfootball
SERIEA,22/05/2022,FC Internazionale Milano,UC Sampdoria,3,0,H,SERIEA,2021-22,openfootball
SERIEA,22/05/2022,Spezia Calcio,SSC Napoli,0,3,A,SERIEA,2021-22,openfootball
SERIEA,22/05/2022,US Salernitana 1919,Udinese Calcio,0,4,A,SERIEA,2021-22,openfootball
SERIEA,22/05/2022,US Sassuolo Calcio,AC Milan,0,3,A,SERIEA,2021-22,openfootball
SERIEA,22/05/2022,Venezia FC,Cagliari Calcio,0,0,D,SERIEA,2021-22,openfootball
SERIEA,13/08/2022,AC Milan,Udinese Calcio,4,2,H,SERIEA,2022-23,openfootball
SERIEA,13/08/2022,AC Monza,Torino FC,1,2,A,SERIEA,2022-23,openfootball
SERIEA,13/08/2022,UC Sampdoria,Atalanta BC,0,2,A,SERIEA,2022-23,openfootball
SERIEA,13/08/2022,US Lecce,FC Internazionale Milano,1,2,A,SERIEA,2022-23,openfootball
SERIEA,14/08/2022,ACF Fiorentina,US Cremonese,3,2,H,SERIEA,2022-23,openfootball
SERIEA,14/08/2022,SS Lazio,Bologna FC 1909,2,1,H,SERIEA,2022-23,openfootball
SERIEA,14/08/2022,Spezia Calcio,Empoli FC,1,0,H,SERIEA,2022-23,openfootball
SERIEA,14/08/2022,US Salernitana 1919,AS Roma,0,1,A,SERIEA,2022-23,openfootball
SERIEA,15/08/2022,Hellas Verona FC,SSC Napoli,2,5,A,SERIEA,2022-23,openfootball
SERIEA,15/08/2022,Juventus FC,US Sassuolo Calcio,3,0,H,SERIEA,2022-23,openfootball
SERIEA,20/08/2022,FC Internazionale Milano,Spezia Calcio,3,0,H,SERIEA,2022-23,openfootball
SERIEA,20/08/2022,Torino FC,SS Lazio,0,0,D,SERIEA,2022-23,openfootball
SERIEA,20/08/2022,US Sassuolo Calcio,US Lecce,1,0,H,SERIEA,2022-23,openfootball
SERIEA,20/08/2022,Udinese Calcio,US Salernitana 1919,0,0,D,SERIEA,2022-23,openfootball
SERIEA,21/08/2022,Atalanta BC,AC Milan,1,1,D,SERIEA,2022-23,openfootball
SERIEA,21/08/2022,Bologna FC 1909,Hellas Verona FC,1,1,D,SERIEA,2022-23,openfootball
SERIEA,21/08/2022,Empoli FC,ACF Fiorentina,0,0,D,SERIEA,2022-23,openfootball
SERIEA,21/08/2022,SSC Napoli,AC Monza,4,0,H,SERIEA,2022-23,openfootball
SERIEA,22/08/2022,AS Roma,US Cremonese,1,0,H,SERIEA,2022-23,openfootball
SERIEA,22/08/2022,UC Sampdoria,Juventus FC,0,0,D,SERIEA,2022-23,openfootball
SERIEA,26/08/2022,AC Monza,Udinese Calcio,1,2,A,SERIEA,2022-23,openfootball
SERIEA,26/08/2022,SS Lazio,FC Internazionale Milano,3,1,H,SERIEA,2022-23,openfootball
SERIEA,27/08/2022,AC Milan,Bologna FC 1909,2,0,H,SERIEA,2022-23,openfootball
SERIEA,27/08/2022,Juventus FC,AS Roma,1,1,D,SERIEA,2022-23,openfootball
SERIEA,27/08/2022,Spezia Calcio,US Sassuolo Calcio,2,2,D,SERIEA,2022-23,openfootball
SERIEA,27/08/2022,US Cremonese,Torino FC,1,2,A,SERIEA,2022-23,openfootball
SERIEA,28/08/2022,ACF Fiorentina,SSC Napoli,0,0,D,SERIEA,2022-23,openfootball
SERIEA,28/08/2022,Hellas Verona FC,Atalanta BC,0,1,A,SERIEA,2022-23,openfootball
SERIEA,28/08/2022,US Lecce,Empoli FC,1,1,D,SERIEA,2022-23,openfootball
SERIEA,28/08/2022,US Salernitana 1919,UC Sampdoria,4,0,H,SERIEA,2022-23,openfootball
SERIEA,30/08/2022,AS Roma,AC Monza,3,0,H,SERIEA,2022-23,openfootball
SERIEA,30/08/2022,FC Internazionale Milano,US Cremonese,3,1,H,SERIEA,2022-23,openfootball
SERIEA,30/08/2022,US Sassuolo Calcio,AC Milan,0,0,D,SERIEA,2022-23,openfootball
SERIEA,31/08/2022,Empoli FC,Hellas Verona FC,1,1,D,SERIEA,2022-23,openfootball
SERIEA,31/08/2022,Juventus FC,Spezia Calcio,2,0,H,SERIEA,2022-23,openfootball
SERIEA,31/08/2022,SSC Napoli,US Lecce,1,1,D,SERIEA,2022-23,openfootball
SERIEA,31/08/2022,UC Sampdoria,SS Lazio,1,1,D,SERIEA,2022-23,openfootball
SERIEA,31/08/2022,Udinese Calcio,ACF Fiorentina,1,0,H,SERIEA,2022-23,openfootball
SERIEA,01/09/2022,Atalanta BC,Torino FC,3,1,H,SERIEA,2022-23,openfootball
SERIEA,01/09/2022,Bologna FC 1909,US Salernitana 1919,1,1,D,SERIEA,2022-23,openfootball
SERIEA,03/09/2022,AC Milan,FC Internazionale Milano,3,2,H,SERIEA,2022-23,openfootball
SERIEA,03/09/2022,ACF Fiorentina,Juventus FC,1,1,D,SERIEA,2022-23,openfootball
SERIEA,03/09/2022,SS Lazio,SSC Napoli,1,2,A,SERIEA,2022-23,openfootball
SERIEA,04/09/2022,Hellas Verona FC,UC Sampdoria,2,1,H,SERIEA,2022-23,openfootball
SERIEA,04/09/2022,Spezia Calcio,Bologna FC 1909,2,2,D,SERIEA,2022-23,openfootball
SERIEA,04/09/2022,US Cremonese,US Sassuolo Calcio,0,0,D,SERIEA,2022-23,openfootball
SERIEA,04/09/2022,Udinese Calcio,AS Roma,4,0,H,SERIEA,2022-23,openfootball
SERIEA,05/09/2022,AC Monza,Atalanta BC,0,2,A,SERIEA,2022-23,openfootball
SERIEA,05/09/2022,Torino FC,US Lecce,1,0,H,SERIEA,2022-23,openfootball
SERIEA,05/09/2022,US Salernitana 1919,Empoli FC,2,2,D,SERIEA,2022-23,openfootball
SERIEA,10/09/2022,FC Internazionale Milano,Torino FC,1,0,H,SERIEA,2022-23,openfootball
SERIEA,10/09/2022,SSC Napoli,Spezia Calcio,1,0,H,SERIEA,2022-23,openfootball
SERIEA,10/09/2022,UC Sampdoria,AC Milan,1,2,A,SERIEA,2022-23,openfootball
SERIEA,11/09/2022,Atalanta BC,US Cremonese,1,1,D,SERIEA,2022-23,openfootball
SERIEA,11/09/2022,Bologna FC 1909,ACF Fiorentina,2,1,H,SERIEA,2022-23,openfootball
SERIEA,11/09/2022,Juventus FC,US Salernitana 1919,2,2,D,SERIEA,2022-23,openfootball
SERIEA,11/09/2022,SS Lazio,Hellas Verona FC,2,0,H,SERIEA,2022-23,openfootball
SERIEA,11/09/2022,US Lecce,AC Monza,1,1,D,SERIEA,2022-23,openfootball
SERIEA,11/09/2022,US Sassuolo Calcio,Udinese Calcio,1,3,A,SERIEA,2022-23,openfootball
SERIEA,12/09/2022,Empoli FC,AS Roma,1,2,A,SERIEA,2022-23,openfootball
SERIEA,16/09/2022,US Salernitana 1919,US Lecce,1,2,A,SERIEA,2022-23,openfootball
SERIEA,17/09/2022,Bologna FC 1909,Empoli FC,0,1,A,SERIEA,2022-23,openfootball
SERIEA,17/09/2022,Spezia Calcio,UC Sampdoria,2,1,H,SERIEA,2022-23,openfootball
SERIEA,17/09/2022,Torino FC,US Sassuolo Calcio,0,1,A,SERIEA,2022-23,openfootball
SERIEA,18/09/2022,AC Milan,SSC Napoli,1,2,A,SERIEA,2022-23,openfootball
SERIEA,18/09/2022,AC Monza,Juventus FC,1,0,H,SERIEA,2022-23,openfootball
SERIEA,18/09/2022,ACF Fiorentina,Hellas Verona FC,2,0,H,SERIEA,2022-23,openfootball
SERIEA,18/09/2022,AS Roma,Atalanta BC,0,1,A,SERIEA,2022-23,openfootball
SERIEA,18/09/2022,US Cremonese,SS Lazio,0,4,A,SERIEA,2022-23,openfootball
SERIEA,18/09/2022,Udinese Calcio,FC Internazionale Milano,3,1,H,SERIEA,2022-23,openfootball
SERIEA,01/10/2022,Empoli FC,AC Milan,1,3,A,SERIEA,2022-23,openfootball
SERIEA,01/10/2022,FC Internazionale Milano,AS Roma,1,2,A,SERIEA,2022-23,openfootball
SERIEA,01/10/2022,SSC Napoli,Torino FC,3,1,H,SERIEA,2022-23,openfootball
SERIEA,02/10/2022,Atalanta BC,ACF Fiorentina,1,0,H,SERIEA,2022-23,openfootball
SERIEA,02/10/2022,Juventus FC,Bologna FC 1909,3,0,H,SERIEA,2022-23,openfootball
SERIEA,02/10/2022,SS Lazio,Spezia Calcio,4,0,H,SERIEA,2022-23,openfootball
SERIEA,02/10/2022,UC Sampdoria,AC Monza,0,3,A,SERIEA,2022-23,openfootball
SERIEA,02/10/2022,US Lecce,US Cremonese,1,1,D,SERIEA,2022-23,openfootball
SERIEA,02/10/2022,US Sassuolo Calcio,US Salernitana 1919,5,0,H,SERIEA,2022-23,openfootball
SERIEA,03/10/2022,Hellas Verona FC,Udinese Calcio,1,2,A,SERIEA,2022-23,openfootball
SERIEA,08/10/2022,AC Milan,Juventus FC,2,0,H,SERIEA,2022-23,openfootball
SERIEA,08/10/2022,Bologna FC 1909,UC Sampdoria,1,1,D,SERIEA,2022-23,openfootball
SERIEA,08/10/2022,US Sassuolo Calcio,FC Internazionale Milano,1,2,A,SERIEA,2022-23,openfootball
SERIEA,09/10/2022,AC Monza,Spezia Calcio,2,0,H,SERIEA,2022-23,openfootball
SERIEA,09/10/2022,AS Roma,US Lecce,2,1,H,SERIEA,2022-23,openfootball
SERIEA,09/10/2022,Torino FC,Empoli FC,1,1,D,SERIEA,2022-23,openfootball
SERIEA,09/10/2022,US Cremonese,SSC Napoli,1,4,A,SERIEA,2022-23,openfootball
SERIEA,09/10/2022,US Salernitana 1919,Hellas Verona FC,2,1,H,SERIEA,2022-23,openfootball
SERIEA,09/10/2022,Udinese Calcio,Atalanta BC,2,2,D,SERIEA,2022-23,openfootball
SERIEA,10/10/2022,ACF Fiorentina,SS Lazio,0,4,A,SERIEA,2022-23,openfootball
SERIEA,15/10/2022,Atalanta BC,US Sassuolo Calcio,2,1,H,SERIEA,2022-23,openfootball
SERIEA,15/10/2022,Empoli FC,AC Monza,1,0,H,SERIEA,2022-23,openfootball
SERIEA,15/10/2022,Torino FC,Juventus FC,0,1,A,SERIEA,2022-23,openfootball
SERIEA,16/10/2022,FC Internazionale Milano,US Salernitana 1919,2,0,H,SERIEA,2022-23,openfootball
SERIEA,16/10/2022,Hellas Verona FC,AC Milan,1,2,A,SERIEA,2022-23,openfootball
SERIEA,16/10/2022,SS Lazio,Udinese Calcio,0,0,D,SERIEA,2022-23,openfootball
SERIEA,16/10/2022,SSC Napoli,Bologna FC 1909,3,2,H,SERIEA,2022-23,openfootball
SERIEA,16/10/2022,Spezia Calcio,US Cremonese,2,2,D,SERIEA,2022-23,openfootball
SERIEA,17/10/2022,UC Sampdoria,AS Roma,0,1,A,SERIEA,2022-23,openfootball
SERIEA,17/10/2022,US Lecce,ACF Fiorentina,1,1,D,SERIEA,2022-23,openfootball
SERIEA,21/10/2022,Juventus FC,Empoli FC,4,0,H,SERIEA,2022-23,openfootball
SERIEA,22/10/2022,AC Milan,AC Monza,4,1,H,SERIEA,2022-23,openfootball
SERIEA,22/10/2022,ACF Fiorentina,FC Internazionale Milano,3,4,A,SERIEA,2022-23,openfootball
SERIEA,22/10/2022,US Salernitana 1919,Spezia Calcio,1,0,H,SERIEA,2022-23,openfootball
SERIEA,23/10/2022,AS Roma,SSC Napoli,0,1,A,SERIEA,2022-23,openfootball
SERIEA,23/10/2022,Atalanta BC,SS Lazio,0,2,A,SERIEA,2022-23,openfootball
SERIEA,23/10/2022,Bologna FC 1909,US Lecce,2,0,H,SERIEA,2022-23,openfootball
SERIEA,23/10/2022,Udinese Calcio,Torino FC,1,2,A,SERIEA,2022-23,openfootball
SERIEA,24/10/2022,US Cremonese,UC Sampdoria,0,1,A,SERIEA,2022-23,openfootball
SERIEA,24/10/2022,US Sassuolo Calcio,Hellas Verona FC,2,1,H,SERIEA,2022-23,openfootball
SERIEA,29/10/2022,FC Internazionale Milano,UC Sampdoria,3,0,H,SERIEA,2022-23,openfootball
SERIEA,29/10/2022,SSC Napoli,US Sassuolo Calcio,4,0,H,SERIEA,2022-23,openfootball
SERIEA,29/10/2022,US Lecce,Juventus FC,0,1,A,SERIEA,2022-23,openfootball
SERIEA,30/10/2022,Empoli FC,Atalanta BC,0,2,A,SERIEA,2022-23,openfootball
SERIEA,30/10/2022,SS Lazio,US Salernitana 1919,1,3,A,SERIEA,2022-23,openfootball
SERIEA,30/10/2022,Spezia Calcio,ACF Fiorentina,1,2,A,SERIEA,2022-23,openfootball
SERIEA,30/10/2022,Torino FC,AC Milan,2,1,H,SERIEA,2022-23,openfootball
SERIEA,30/10/2022,US Cremonese,Udinese Calcio,0,0,D,SERIEA,2022-23,openfootball
SERIEA,31/10/2022,AC Monza,Bologna FC 1909,1,2,A,SERIEA,2022-23,openfootball
SERIEA,31/10/2022,Hellas Verona FC,AS Roma,1,3,A,SERIEA,2022-23,openfootball
SERIEA,04/11/2022,Udinese Calcio,US Lecce,1,1,D,SERIEA,2022-23,openfootball
SERIEA,05/11/2022,AC Milan,Spezia Calcio,2,1,H,SERIEA,2022-23,openfootball
SERIEA,05/11/2022,Atalanta BC,SSC Napoli,1,2,A,SERIEA,2022-23,openfootball
SERIEA,05/11/2022,Empoli FC,US Sassuolo Calcio,1,0,H,SERIEA,2022-23,openfootball
SERIEA,05/11/2022,US Salernitana 1919,US Cremonese,2,2,D,SERIEA,2022-23,openfootball
SERIEA,06/11/2022,AC Monza,Hellas Verona FC,2,0,H,SERIEA,2022-23,openfootball
SERIEA,06/11/2022,AS Roma,SS Lazio,0,1,A,SERIEA,2022-23,openfootball
SERIEA,06/11/2022,Bologna FC 1909,Torino FC,2,1,H,SERIEA,2022-23,openfootball
SERIEA,06/11/2022,Juventus FC,FC Internazionale Milano,2,0,H,SERIEA,2022-23,openfootball
SERIEA,06/11/2022,UC Sampdoria,ACF Fiorentina,0,2,A,SERIEA,2022-23,openfootball
SERIEA,08/11/2022,SSC Napoli,Empoli FC,2,0,H,SERIEA,2022-23,openfootball
SERIEA,08/11/2022,Spezia Calcio,Udinese Calcio,1,1,D,SERIEA,2022-23,openfootball
SERIEA,08/11/2022,US Cremonese,AC Milan,0,0,D,SERIEA,2022-23,openfootball
SERIEA,09/11/2022,ACF Fiorentina,US Salernitana 1919,2,1,H,SERIEA,2022-23,openfootball
SERIEA,09/11/2022,FC Internazionale Milano,Bologna FC 1909,6,1,H,SERIEA,2022-23,openfootball
SERIEA,09/11/2022,Torino FC,UC Sampdoria,2,0,H,SERIEA,2022-23,openfootball
SERIEA,09/11/2022,US Lecce,Atalanta BC,2,1,H,SERIEA,2022-23,openfootball
SERIEA,09/11/2022,US Sassuolo Calcio,AS Roma,1,1,D,SERIEA,2022-23,openfootball
SERIEA,10/11/2022,Hellas Verona FC,Juventus FC,0,1,A,SERIEA,2022-23,openfootball
SERIEA,10/11/2022,SS Lazio,AC Monza,1,0,H,SERIEA,2022-23,openfootball
SERIEA,11/11/2022,Empoli FC,US Cremonese,2,0,H,SERIEA,2022-23,openfootball
SERIEA,12/11/2022,Bologna FC 1909,US Sassuolo Calcio,3,0,H,SERIEA,2022-23,openfootball
SERIEA,12/11/2022,SSC Napoli,Udinese Calcio,3,2,H,SERIEA,2022-23,openfootball
SERIEA,12/11/2022,UC Sampdoria,US Lecce,0,2,A,SERIEA,2022-23,openfootball
SERIEA,13/11/2022,AC Milan,ACF Fiorentina,2,1,H,SERIEA,2022-23,openfootball
SERIEA,13/11/2022,AC Monza,US Salernitana 1919,3,0,H,SERIEA,2022-23,openfootball
SERIEA,13/11/2022,AS Roma,Torino FC,1,1,D,SERIEA,2022-23,openfootball
SERIEA,13/11/2022,Atalanta BC,FC Internazionale Milano,2,3,A,SERIEA,2022-23,openfootball
SERIEA,13/11/2022,Hellas Verona FC,Spezia Calcio,1,2,A,SERIEA,2022-23,openfootball
SERIEA,13/11/2022,Juventus FC,SS Lazio,3,0,H,SERIEA,2022-23,openfootball
SERIEA,04/01/2023,ACF Fiorentina,AC Monza,1,1,D,SERIEA,2022-23,openfootball
SERIEA,04/01/2023,AS Roma,Bologna FC 1909,1,0,H,SERIEA,2022-23,openfootball
SERIEA,04/01/2023,FC Internazionale Milano,SSC Napoli,1,0,H,SERIEA,2022-23,openfootball
SERIEA,04/01/2023,Spezia Calcio,Atalanta BC,2,2,D,SERIEA,2022-23,openfootball
SERIEA,04/01/2023,Torino FC,Hellas Verona FC,1,1,D,SERIEA,2022-23,openfootball
SERIEA,04/01/2023,US Cremonese,Juventus FC,0,1,A,SERIEA,2022-23,openfootball
SERIEA,04/01/2023,US Lecce,SS Lazio,2,1,H,SERIEA,2022-23,openfootball
SERIEA,04/01/2023,US Salernitana 1919,AC Milan,1,2,A,SERIEA,2022-23,openfootball
SERIEA,04/01/2023,US Sassuolo Calcio,UC Sampdoria,1,2,A,SERIEA,2022-23,openfootball
SERIEA,04/01/2023,Udinese Calcio,Empoli FC,1,1,D,SERIEA,2022-23,openfootball
SERIEA,07/01/2023,AC Monza,FC Internazionale Milano,2,2,D,SERIEA,2022-23,openfootball
SERIEA,07/01/2023,ACF Fiorentina,US Sassuolo Calcio,2,1,H,SERIEA,2022-23,openfootball
SERIEA,07/01/2023,Juventus FC,Udinese Calcio,1,0,H,SERIEA,2022-23,openfootball
SERIEA,08/01/2023,AC Milan,AS Roma,2,2,D,SERIEA,2022-23,openfootball
SERIEA,08/01/2023,SS Lazio,Empoli FC,2,2,D,SERIEA,2022-23,openfootball
SERIEA,08/01/2023,Spezia Calcio,US Lecce,0,0,D,SERIEA,2022-23,openfootball
SERIEA,08/01/2023,UC Sampdoria,SSC Napoli,0,2,A,SERIEA,2022-23,openfootball
SERIEA,08/01/2023,US Salernitana 1919,Torino FC,1,1,D,SERIEA,2022-23,openfootball
SERIEA,09/01/2023,Bologna FC 1909,Atalanta BC,1,2,A,SERIEA,2022-23,openfootball
SERIEA,09/01/2023,Hellas Verona FC,US Cremonese,2,0,H,SERIEA,2022-23,openfootball
SERIEA,13/01/2023,SSC Napoli,Juventus FC,5,1,H,SERIEA,2022-23,openfootball
SERIEA,14/01/2023,FC Internazionale Milano,Hellas Verona FC,1,0,H,SERIEA,2022-23,openfootball
SERIEA,14/01/2023,US Cremonese,AC Monza,2,3,A,SERIEA,2022-23,openfootball
SERIEA,14/01/2023,US Lecce,AC Milan,2,2,D,SERIEA,2022-23,openfootball
SERIEA,15/01/2023,AS Roma,ACF Fiorentina,2,0,H,SERIEA,2022-23,openfootball
SERIEA,15/01/2023,Atalanta BC,US Salernitana 1919,8,2,H,SERIEA,2022-23,openfootball
SERIEA,15/01/2023,Torino FC,Spezia Calcio,0,1,A,SERIEA,2022-23,openfootball
SERIEA,15/01/2023,US Sassuolo Calcio,SS Lazio,0,2,A,SERIEA,2022-23,openfootball
SERIEA,15/01/2023,Udinese Calcio,Bologna FC 1909,1,2,A,SERIEA,2022-23,openfootball
SERIEA,16/01/2023,Empoli FC,UC Sampdoria,1,0,H,SERIEA,2022-23,openfootball
SERIEA,21/01/2023,ACF Fiorentina,Torino FC,0,1,A,SERIEA,2022-23,openfootball
SERIEA,21/01/2023,Hellas Verona FC,US Lecce,2,0,H,SERIEA,2022-23,openfootball
SERIEA,21/01/2023,US Salernitana 1919,SSC Napoli,0,2,A,SERIEA,2022-23,openfootball
SERIEA,22/01/2023,AC Monza,US Sassuolo Calcio,1,1,D,SERIEA,2022-23,openfootball
SERIEA,22/01/2023,Juventus FC,Atalanta BC,3,3,D,SERIEA,2022-23,openfootball
SERIEA,22/01/2023,Spezia Calcio,AS Roma,0,2,A,SERIEA,2022-23,openfootball
SERIEA,22/01/2023,UC Sampdoria,Udinese Calcio,0,1,A,SERIEA,2022-23,openfootball
SERIEA,23/01/2023,Bologna FC 1909,US Cremonese,1,1,D,SERIEA,2022-23,openfootball
SERIEA,23/01/2023,FC Internazionale Milano,Empoli FC,0,1,A,SERIEA,2022-23,openfootball
SERIEA,24/01/2023,SS Lazio,AC Milan,4,0,H,SERIEA,2022-23,openfootball
SERIEA,27/01/2023,Bologna FC 1909,Spezia Calcio,2,0,H,SERIEA,2022-23,openfootball
SERIEA,27/01/2023,US Lecce,US Salernitana 1919,1,2,A,SERIEA,2022-23,openfootball
SERIEA,28/01/2023,Atalanta BC,UC Sampdoria,2,0,H,SERIEA,2022-23,openfootball
SERIEA,28/01/2023,Empoli FC,Torino FC,2,2,D,SERIEA,2022-23,openfootball
SERIEA,28/01/2023,US Cremonese,FC Internazionale Milano,1,2,A,SERIEA,2022-23,openfootball
SERIEA,29/01/2023,AC Milan,US Sassuolo Calcio,2,5,A,SERIEA,2022-23,openfootball
SERIEA,29/01/2023,Juventus FC,AC Monza,0,2,A,SERIEA,2022-23,openfootball
SERIEA,29/01/2023,SS Lazio,ACF Fiorentina,1,1,D,SERIEA,2022-23,openfootball
SERIEA,29/01/2023,SSC Napoli,AS Roma,2,1,H,SERIEA,2022-23,openfootball
SERIEA,30/01/2023,Udinese Calcio,Hellas Verona FC,1,1,D,SERIEA,2022-23,openfootball
SERIEA,04/02/2023,AS Roma,Empoli FC,2,0,H,SERIEA,2022-23,openfootball
SERIEA,04/02/2023,US Cremonese,US Lecce,0,2,A,SERIEA,2022-23,openfootball
SERIEA,04/02/2023,US Sassuolo Calcio,Atalanta BC,1,0,H,SERIEA,2022-23,openfootball
SERIEA,05/02/2023,ACF Fiorentina,Bologna FC 1909,1,2,A,SERIEA,2022-23,openfootball
SERIEA,05/02/2023,FC Internazionale Milano,AC Milan,1,0,H,SERIEA,2022-23,openfootball
SERIEA,05/02/2023,Spezia Calcio,SSC Napoli,0,3,A,SERIEA,2022-23,openfootball
SERIEA,05/02/2023,Torino FC,Udinese Calcio,1,0,H,SERIEA,2022-23,openfootball
SERIEA,06/02/2023,AC Monza,UC Sampdoria,2,2,D,SERIEA,2022-23,openfootball
SERIEA,06/02/2023,Hellas Verona FC,SS Lazio,1,1,D,SERIEA,2022-23,openfootball
SERIEA,07/02/2023,US Salernitana 1919,Juventus FC,0,3,A,SERIEA,2022-23,openfootball
SERIEA,10/02/2023,AC Milan,Torino FC,1,0,H,SERIEA,2022-23,openfootball
SERIEA,11/02/2023,Empoli FC,Spezia Calcio,2,2,D,SERIEA,2022-23,openfootball
SERIEA,11/02/2023,SS Lazio,Atalanta BC,0,2,A,SERIEA,2022-23,openfootball
SERIEA,11/02/2023,US Lecce,AS Roma,1,1,D,SERIEA,2022-23,openfootball
SERIEA,12/02/2023,Bologna FC 1909,AC Monza,0,1,A,SERIEA,2022-23,openfootball
SERIEA,12/02/2023,Juventus FC,ACF Fiorentina,1,0,H,SERIEA,2022-23,openfootball
SERIEA,12/02/2023,SSC Napoli,US Cremonese,3,0,H,SERIEA,2022-23,openfootball
SERIEA,12/02/2023,Udinese Calcio,US Sassuolo Calcio,2,2,D,SERIEA,2022-23,openfootball
SERIEA,13/02/2023,Hellas Verona FC,US Salernitana 1919,1,0,H,SERIEA,2022-23,openfootball
SERIEA,13/02/2023,UC Sampdoria,FC Internazionale Milano,0,0,D,SERIEA,2022-23,openfootball
SERIEA,17/02/2023,US Sassuolo Calcio,SSC Napoli,0,2,A,SERIEA,2022-23,openfootball
SERIEA,18/02/2023,AC Monza,AC Milan,0,1,A,SERIEA,2022-23,openfootball
SERIEA,18/02/2023,FC Internazionale Milano,Udinese Calcio,3,1,H,SERIEA,2022-23,openfootball
SERIEA,18/02/2023,UC Sampdoria,Bologna FC 1909,1,2,A,SERIEA,2022-23,openfootball
SERIEA,19/02/2023,ACF Fiorentina,Empoli FC,1,1,D,SERIEA,2022-23,openfootball
SERIEA,19/02/2023,AS Roma,Hellas Verona FC,1,0,H,SERIEA,2022-23,openfootball
SERIEA,19/02/2023,Atalanta BC,US Lecce,1,2,A,SERIEA,2022-23,openfootball
SERIEA,19/02/2023,Spezia Calcio,Juventus FC,0,2,A,SERIEA,2022-23,openfootball
SERIEA,19/02/2023,US Salernitana 1919,SS Lazio,0,2,A,SERIEA,2022-23,openfootball
SERIEA,20/02/2023,Torino FC,US Cremonese,2,2,D,SERIEA,2022-23,openfootball
SERIEA,25/02/2023,Empoli FC,SSC Napoli,0,2,A,SERIEA,2022-23,openfootball
SERIEA,25/02/2023,US Lecce,US Sassuolo Calcio,0,1,A,SERIEA,2022-23,openfootball
SERIEA,26/02/2023,AC Milan,Atalanta BC,2,0,H,SERIEA,2022-23,openfootball
SERIEA,26/02/2023,Bologna FC 1909,FC Internazionale Milano,1,0,H,SERIEA,2022-23,openfootball
SERIEA,26/02/2023,US Salernitana 1919,AC Monza,3,0,H,SERIEA,2022-23,openfootball
SERIEA,26/02/2023,Udinese Calcio,Spezia Calcio,2,2,D,SERIEA,2022-23,openfootball
SERIEA,27/02/2023,Hellas Verona FC,ACF Fiorentina,0,3,A,SERIEA,2022-23,openfootball
SERIEA,27/02/2023,SS Lazio,UC Sampdoria,1,0,H,SERIEA,2022-23,openfootball
SERIEA,28/02/2023,Juventus FC,Torino FC,4,2,H,SERIEA,2022-23,openfootball
SERIEA,28/02/2023,US Cremonese,AS Roma,2,1,H,SERIEA,2022-23,openfootball
SERIEA,03/03/2023,SSC Napoli,SS Lazio,0,1,A,SERIEA,2022-23,openfootball
SERIEA,04/03/2023,AC Monza,Empoli FC,2,1,H,SERIEA,2022-23,openfootball
SERIEA,04/03/2023,ACF Fiorentina,AC Milan,2,1,H,SERIEA,2022-23,openfootball
SERIEA,04/03/2023,Atalanta BC,Udinese Calcio,0,0,D,SERIEA,2022-23,openfootball
SERIEA,05/03/2023,AS Roma,Juventus FC,1,0,H,SERIEA,2022-23,openfootball
SERIEA,05/03/2023,FC Internazionale Milano,US Lecce,2,0,H,SERIEA,2022-23,openfootball
SERIEA,05/03/2023,Spezia Calcio,Hellas Verona FC,0,0,D,SERIEA,2022-23,openfootball
SERIEA,05/03/2023,UC Sampdoria,US Salernitana 1919,0,0,D,SERIEA,2022-23,openfootball
SERIEA,06/03/2023,Torino FC,Bologna FC 1909,1,0,H,SERIEA,2022-23,openfootball
SERIEA,06/03/2023,US Sassuolo Calcio,US Cremonese,3,2,H,SERIEA,2022-23,openfootball
SERIEA,10/03/2023,Spezia Calcio,FC Internazionale Milano,2,1,H,SERIEA,2022-23,openfootball
SERIEA,11/03/2023,Bologna FC 1909,SS Lazio,0,0,D,SERIEA,2022-23,openfootball
SERIEA,11/03/2023,Empoli FC,Udinese Calcio,0,1,A,SERIEA,2022-23,openfootball
SERIEA,11/03/2023,SSC Napoli,Atalanta BC,2,0,H,SERIEA,2022-23,openfootball
SERIEA,12/03/2023,AS Roma,US Sassuolo Calcio,3,4,A,SERIEA,2022-23,openfootball
SERIEA,12/03/2023,Hellas Verona FC,AC Monza,1,1,D,SERIEA,2022-23,openfootball
SERIEA,12/03/2023,Juventus FC,UC Sampdoria,4,2,H,SERIEA,2022-23,openfootball
SERIEA,12/03/2023,US Cremonese,ACF Fiorentina,0,2,A,SERIEA,2022-23,openfootball
SERIEA,12/03/2023,US Lecce,Torino FC,0,2,A,SERIEA,2022-23,openfootball
SERIEA,13/03/2023,AC Milan,US Salernitana 1919,1,1,D,SERIEA,2022-23,openfootball
SERIEA,17/03/2023,Atalanta BC,Empoli FC,2,1,H,SERIEA,2022-23,openfootball
SERIEA,17/03/2023,US Sassuolo Calcio,Spezia Calcio,1,0,H,SERIEA,2022-23,openfootball
SERIEA,18/03/2023,AC Monza,US Cremonese,1,1,D,SERIEA,2022-23,openfootball
SERIEA,18/03/2023,US Salernitana 1919,Bologna FC 1909,2,2,D,SERIEA,2022-23,openfootball
SERIEA,18/03/2023,Udinese Calcio,AC Milan,3,1,H,SERIEA,2022-23,openfootball
SERIEA,19/03/2023,ACF Fiorentina,US Lecce,1,0,H,SERIEA,2022-23,openfootball
SERIEA,19/03/2023,FC Internazionale Milano,Juventus FC,0,1,A,SERIEA,2022-23,openfootball
SERIEA,19/03/2023,SS Lazio,AS Roma,1,0,H,SERIEA,2022-23,openfootball
SERIEA,19/03/2023,Torino FC,SSC Napoli,0,4,A,SERIEA,2022-23,openfootball
SERIEA,19/03/2023,UC Sampdoria,Hellas Verona FC,3,1,H,SERIEA,2022-23,openfootball
SERIEA,01/04/2023,FC Internazionale Milano,ACF Fiorentina,0,1,A,SERIEA,2022-23,openfootball
SERIEA,01/04/2023,Juventus FC,Hellas Verona FC,1,0,H,SERIEA,2022-23,openfootball
SERIEA,01/04/2023,US Cremonese,Atalanta BC,1,3,A,SERIEA,2022-23,openfootball
SERIEA,02/04/2023,AC Monza,SS Lazio,0,2,A,SERIEA,2022-23,openfootball
SERIEA,02/04/2023,AS Roma,UC Sampdoria,3,0,H,SERIEA,2022-23,openfootball
SERIEA,02/04/2023,Bologna FC 1909,Udinese Calcio,3,0,H,SERIEA,2022-23,openfootball
SERIEA,02/04/2023,SSC Napoli,AC Milan,0,4,A,SERIEA,2022-23,openfootball
SERIEA,02/04/2023,Spezia Calcio,US Salernitana 1919,1,1,D,SERIEA,2022-23,openfootball
SERIEA,03/04/2023,Empoli FC,US Lecce,1,0,H,SERIEA,2022-23,openfootball
SERIEA,03/04/2023,US Sassuolo Calcio,Torino FC,1,1,D,SERIEA,2022-23,openfootball
SERIEA,07/04/2023,AC Milan,Empoli FC,0,0,D,SERIEA,2022-23,openfootball
SERIEA,07/04/2023,US Lecce,SSC Napoli,1,2,A,SERIEA,2022-23,openfootball
SERIEA,07/04/2023,US Salernitana 1919,FC Internazionale Milano,1,1,D,SERIEA,2022-23,openfootball
SERIEA,08/04/2023,ACF Fiorentina,Spezia Calcio,1,1,D,SERIEA,2022-23,openfootball
SERIEA,08/04/2023,Atalanta BC,Bologna FC 1909,0,2,A,SERIEA,2022-23,openfootball
SERIEA,08/04/2023,Hellas Verona FC,US Sassuolo Calcio,2,1,H,SERIEA,2022-23,openfootball
SERIEA,08/04/2023,SS Lazio,Juventus FC,2,1,H,SERIEA,2022-23,openfootball
SERIEA,08/04/2023,Torino FC,AS Roma,0,1,A,SERIEA,2022-23,openfootball
SERIEA,08/04/2023,UC Sampdoria,US Cremonese,2,3,A,SERIEA,2022-23,openfootball
SERIEA,08/04/2023,Udinese Calcio,AC Monza,2,2,D,SERIEA,2022-23,openfootball
SERIEA,14/04/2023,Spezia Calcio,SS Lazio,0,3,A,SERIEA,2022-23,openfootball
SERIEA,14/04/2023,US Cremonese,Empoli FC,1,0,H,SERIEA,2022-23,openfootball
SERIEA,15/04/2023,Bologna FC 1909,AC Milan,1,1,D,SERIEA,2022-23,openfootball
SERIEA,15/04/2023,FC Internazionale Milano,AC Monza,0,1,A,SERIEA,2022-23,openfootball
SERIEA,15/04/2023,SSC Napoli,Hellas Verona FC,0,0,D,SERIEA,2022-23,openfootball
SERIEA,16/04/2023,AS Roma,Udinese Calcio,3,0,H,SERIEA,2022-23,openfootball
SERIEA,16/04/2023,Torino FC,US Salernitana 1919,1,1,D,SERIEA,2022-23,openfootball
SERIEA,16/04/2023,US Lecce,UC Sampdoria,1,1,D,SERIEA,2022-23,openfootball
SERIEA,16/04/2023,US Sassuolo Calcio,Juventus FC,1,0,H,SERIEA,2022-23,openfootball
SERIEA,17/04/2023,ACF Fiorentina,Atalanta BC,1,1,D,SERIEA,2022-23,openfootball
SERIEA,21/04/2023,Hellas Verona FC,Bologna FC 1909,2,1,H,SERIEA,2022-23,openfootball
SERIEA,22/04/2023,SS Lazio,Torino FC,0,1,A,SERIEA,2022-23,openfootball
SERIEA,22/04/2023,UC Sampdoria,Spezia Calcio,1,1,D,SERIEA,2022-23,openfootball
SERIEA,22/04/2023,US Salernitana 1919,US Sassuolo Calcio,3,0,H,SERIEA,2022-23,openfootball
SERIEA,23/04/2023,AC Milan,US Lecce,2,0,H,SERIEA,2022-23,openfootball
SERIEA,23/04/2023,AC Monza,ACF Fiorentina,3,2,H,SERIEA,2022-23,openfootball
SERIEA,23/04/2023,Empoli FC,FC Internazionale Milano,0,3,A,SERIEA,2022-23,openfootball
SERIEA,23/04/2023,Juventus FC,SSC Napoli,0,1,A,SERIEA,2022-23,openfootball
SERIEA,23/04/2023,Udinese Calcio,US Cremonese,3,0,H,SERIEA,2022-23,openfootball
SERIEA,24/04/2023,Atalanta BC,AS Roma,3,1,H,SERIEA,2022-23,openfootball
SERIEA,28/04/2023,Spezia Calcio,AC Monza,0,2,A,SERIEA,2022-23,openfootball
SERIEA,28/04/2023,US Lecce,Udinese Calcio,1,0,H,SERIEA,2022-23,openfootball
SERIEA,29/04/2023,AS Roma,AC Milan,1,1,D,SERIEA,2022-23,openfootball
SERIEA,29/04/2023,Torino FC,Atalanta BC,1,2,A,SERIEA,2022-23,openfootball
SERIEA,30/04/2023,ACF Fiorentina,UC Sampdoria,5,0,H,SERIEA,2022-23,openfootball
SERIEA,30/04/2023,Bologna FC 1909,Juventus FC,1,1,D,SERIEA,2022-23,openfootball
SERIEA,30/04/2023,FC Internazionale Milano,SS Lazio,3,1,H,SERIEA,2022-23,openfootball
SERIEA,30/04/2023,SSC Napoli,US Salernitana 1919,1,1,D,SERIEA,2022-23,openfootball
SERIEA,30/04/2023,US Cremonese,Hellas Verona FC,1,1,D,SERIEA,2022-23,openfootball
SERIEA,30/04/2023,US Sassuolo Calcio,Empoli FC,2,1,H,SERIEA,2022-23,openfootball
SERIEA,03/05/2023,AC Milan,US Cremonese,1,1,D,SERIEA,2022-23,openfootball
SERIEA,03/05/2023,AC Monza,AS Roma,1,1,D,SERIEA,2022-23,openfootball
SERIEA,03/05/2023,Atalanta BC,Spezia Calcio,3,2,H,SERIEA,2022-23,openfootball
SERIEA,03/05/2023,Hellas Verona FC,FC Internazionale Milano,0,6,A,SERIEA,2022-23,openfootball
SERIEA,03/05/2023,Juventus FC,US Lecce,2,1,H,SERIEA,2022-23,openfootball
SERIEA,03/05/2023,SS Lazio,US Sassuolo Calcio,2,0,H,SERIEA,2022-23,openfootball
SERIEA,03/05/2023,UC Sampdoria,Torino FC,0,2,A,SERIEA,2022-23,openfootball
SERIEA,03/05/2023,US Salernitana 1919,ACF Fiorentina,3,3,D,SERIEA,2022-23,openfootball
SERIEA,04/05/2023,Empoli FC,Bologna FC 1909,3,1,H,SERIEA,2022-23,openfootball
SERIEA,04/05/2023,Udinese Calcio,SSC Napoli,1,1,D,SERIEA,2022-23,openfootball
SERIEA,06/05/2023,AC Milan,SS Lazio,2,0,H,SERIEA,2022-23,openfootball
SERIEA,06/05/2023,AS Roma,FC Internazionale Milano,0,2,A,SERIEA,2022-23,openfootball
SERIEA,06/05/2023,US Cremonese,Spezia Calcio,2,0,H,SERIEA,2022-23,openfootball
SERIEA,07/05/2023,Atalanta BC,Juventus FC,0,2,A,SERIEA,2022-23,openfootball
SERIEA,07/05/2023,SSC Napoli,ACF Fiorentina,1,0,H,SERIEA,2022-23,openfootball
SERIEA,07/05/2023,Torino FC,AC Monza,1,1,D,SERIEA,2022-23,openfootball
SERIEA,07/05/2023,US Lecce,Hellas Verona FC,0,1,A,SERIEA,2022-23,openfootball
SERIEA,08/05/2023,Empoli FC,US Salernitana 1919,2,1,H,SERIEA,2022-23,openfootball
SERIEA,08/05/2023,US Sassuolo Calcio,Bologna FC 1909,1,1,D,SERIEA,2022-23,openfootball
SERIEA,08/05/2023,Udinese Calcio,UC Sampdoria,2,0,H,SERIEA,2022-23,openfootball
SERIEA,12/05/2023,SS Lazio,US Lecce,2,2,D,SERIEA,2022-23,openfootball
SERIEA,13/05/2023,FC Internazionale Milano,US Sassuolo Calcio,4,2,H,SERIEA,2022-23,openfootball
SERIEA,13/05/2023,Spezia Calcio,AC Milan,2,0,H,SERIEA,2022-23,openfootball
SERIEA,13/05/2023,US Salernitana 1919,Atalanta BC,1,0,H,SERIEA,2022-23,openfootball
SERIEA,14/05/2023,AC Monza,SSC Napoli,2,0,H,SERIEA,2022-23,openfootball
SERIEA,14/05/2023,ACF Fiorentina,Udinese Calcio,2,0,H,SERIEA,2022-23,openfootball
SERIEA,14/05/2023,Bologna FC 1909,AS Roma,0,0,D,SERIEA,2022-23,openfootball
SERIEA,14/05/2023,Hellas Verona FC,Torino FC,0,1,A,SERIEA,2022-23,openfootball
SERIEA,14/05/2023,Juventus FC,US Cremonese,2,0,H,SERIEA,2022-23,openfootball
SERIEA,15/05/2023,UC Sampdoria,Empoli FC,1,1,D,SERIEA,2022-23,openfootball
SERIEA,19/05/2023,US Sassuolo Calcio,AC Monza,1,2,A,SERIEA,2022-23,openfootball
SERIEA,20/05/2023,AC Milan,UC Sampdoria,5,1,H,SERIEA,2022-23,openfootball
SERIEA,20/05/2023,Atalanta BC,Hellas Verona FC,3,1,H,SERIEA,2022-23,openfootball
SERIEA,20/05/2023,US Cremonese,Bologna FC 1909,1,5,A,SERIEA,2022-23,openfootball
SERIEA,21/05/2023,SSC Napoli,FC Internazionale Milano,3,1,H,SERIEA,2022-23,openfootball
SERIEA,21/05/2023,Torino FC,ACF Fiorentina,1,1,D,SERIEA,2022-23,openfootball
SERIEA,21/05/2023,US Lecce,Spezia Calcio,0,0,D,SERIEA,2022-23,openfootball
SERIEA,21/05/2023,Udinese Calcio,SS Lazio,0,1,A,SERIEA,2022-23,openfootball
SERIEA,22/05/2023,AS Roma,US Salernitana 1919,2,2,D,SERIEA,2022-23,openfootball
SERIEA,22/05/2023,Empoli FC,Juventus FC,4,1,H,SERIEA,2022-23,openfootball
SERIEA,26/05/2023,UC Sampdoria,US Sassuolo Calcio,2,2,D,SERIEA,2022-23,openfootball
SERIEA,27/05/2023,ACF Fiorentina,AS Roma,2,1,H,SERIEA,2022-23,openfootball
SERIEA,27/05/2023,FC Internazionale Milano,Atalanta BC,3,2,H,SERIEA,2022-23,openfootball
SERIEA,27/05/2023,Spezia Calcio,Torino FC,0,4,A,SERIEA,2022-23,openfootball
SERIEA,27/05/2023,US Salernitana 1919,Udinese Calcio,3,2,H,SERIEA,2022-23,openfootball
SERIEA,28/05/2023,AC Monza,US Lecce,0,1,A,SERIEA,2022-23,openfootball
SERIEA,28/05/2023,Bologna FC 1909,SSC Napoli,2,2,D,SERIEA,2022-23,openfootball
SERIEA,28/05/2023,Hellas Verona FC,Empoli FC,1,1,D,SERIEA,2022-23,openfootball
SERIEA,28/05/2023,Juventus FC,AC Milan,0,1,A,SERIEA,2022-23,openfootball
SERIEA,28/05/2023,SS Lazio,US Cremonese,3,2,H,SERIEA,2022-23,openfootball
SERIEA,02/06/2023,US Sassuolo Calcio,ACF Fiorentina,1,3,A,SERIEA,2022-23,openfootball
SERIEA,03/06/2023,Empoli FC,SS Lazio,0,2,A,SERIEA,2022-23,openfootball
SERIEA,03/06/2023,Torino FC,FC Internazionale Milano,0,1,A,SERIEA,2022-23,openfootball
SERIEA,03/06/2023,US Cremonese,US Salernitana 1919,2,0,H,SERIEA,2022-23,openfootball
SERIEA,04/06/2023,AC Milan,Hellas Verona FC,3,1,H,SERIEA,2022-23,openfootball
SERIEA,04/06/2023,AS Roma,Spezia Calcio,2,1,H,SERIEA,2022-23,openfootball
SERIEA,04/06/2023,Atalanta BC,AC Monza,5,2,H,SERIEA,2022-23,openfootball
SERIEA,04/06/2023,SSC Napoli,UC Sampdoria,2,0,H,SERIEA,2022-23,openfootball
SERIEA,04/06/2023,US Lecce,Bologna FC 1909,2,3,A,SERIEA,2022-23,openfootball
SERIEA,04/06/2023,Udinese Calcio,Juventus FC,0,1,A,SERIEA,2022-23,openfootball
SERIEA,19/08/2023,Empoli FC,Hellas Verona FC,0,1,A,SERIEA,2023-24,openfootball
SERIEA,19/08/2023,FC Internazionale Milano,AC Monza,2,0,H,SERIEA,2023-24,openfootball
SERIEA,19/08/2023,Frosinone Calcio,SSC Napoli,1,3,A,SERIEA,2023-24,openfootball
SERIEA,19/08/2023,Genoa CFC,ACF Fiorentina,1,4,A,SERIEA,2023-24,openfootball
SERIEA,20/08/2023,AS Roma,US Salernitana 1919,2,2,D,SERIEA,2023-24,openfootball
SERIEA,20/08/2023,US Lecce,SS Lazio,2,1,H,SERIEA,2023-24,openfootball
SERIEA,20/08/2023,US Sassuolo Calcio,Atalanta BC,0,2,A,SERIEA,2023-24,openfootball
SERIEA,20/08/2023,Udinese Calcio,Juventus FC,0,3,A,SERIEA,2023-24,openfootball
SERIEA,21/08/2023,Bologna FC 1909,AC Milan,0,2,A,SERIEA,2023-24,openfootball
SERIEA,21/08/2023,Torino FC,Cagliari Calcio,0,0,D,SERIEA,2023-24,openfootball
SERIEA,26/08/2023,AC Milan,Torino FC,4,1,H,SERIEA,2023-24,openfootball
SERIEA,26/08/2023,AC Monza,Empoli FC,2,0,H,SERIEA,2023-24,openfootball
SERIEA,26/08/2023,Frosinone Calcio,Atalanta BC,2,1,H,SERIEA,2023-24,openfootball
SERIEA,26/08/2023,Hellas Verona FC,AS Roma,2,1,H,SERIEA,2023-24,openfootball
SERIEA,27/08/2023,ACF Fiorentina,US Lecce,2,2,D,SERIEA,2023-24,openfootball
SERIEA,27/08/2023,Juventus FC,Bologna FC 1909,1,1,D,SERIEA,2023-24,openfootball
SERIEA,27/08/2023,SS Lazio,Genoa CFC,0,1,A,SERIEA,2023-24,openfootball
SERIEA,27/08/2023,SSC Napoli,US Sassuolo Calcio,2,0,H,SERIEA,2023-24,openfootball
SERIEA,28/08/2023,Cagliari Calcio,FC Internazionale Milano,0,2,A,SERIEA,2023-24,openfootball
SERIEA,28/08/2023,US Salernitana 1919,Udinese Calcio,1,1,D,SERIEA,2023-24,openfootball
SERIEA,01/09/2023,AS Roma,AC Milan,1,2,A,SERIEA,2023-24,openfootball
SERIEA,01/09/2023,US Sassuolo Calcio,Hellas Verona FC,3,1,H,SERIEA,2023-24,openfootball
SERIEA,02/09/2023,Atalanta BC,AC Monza,3,0,H,SERIEA,2023-24,openfootball
SERIEA,02/09/2023,Bologna FC 1909,Cagliari Calcio,2,1,H,SERIEA,2023-24,openfootball
SERIEA,02/09/2023,SSC Napoli,SS Lazio,1,2,A,SERIEA,2023-24,openfootball
SERIEA,02/09/2023,Udinese Calcio,Frosinone Calcio,0,0,D,SERIEA,2023-24,openfootball
SERIEA,03/09/2023,Empoli FC,Juventus FC,0,2,A,SERIEA,2023-24,openfootball
SERIEA,03/09/2023,FC Internazionale Milano,ACF Fiorentina,4,0,H,SERIEA,2023-24,openfootball
SERIEA,03/09/2023,Torino FC,Genoa CFC,1,0,H,SERIEA,2023-24,openfootball
SERIEA,03/09/2023,US Lecce,US Salernitana 1919,2,0,H,SERIEA,2023-24,openfootball
SERIEA,16/09/2023,FC Internazionale Milano,AC Milan,5,1,H,SERIEA,2023-24,openfootball
SERIEA,16/09/2023,Genoa CFC,SSC Napoli,2,2,D,SERIEA,2023-24,openfootball
SERIEA,16/09/2023,Juventus FC,SS Lazio,3,1,H,SERIEA,2023-24,openfootball
SERIEA,17/09/2023,AC Monza,US Lecce,1,1,D,SERIEA,2023-24,openfootball
SERIEA,17/09/2023,ACF Fiorentina,Atalanta BC,3,2,H,SERIEA,2023-24,openfootball
SERIEA,17/09/2023,AS Roma,Empoli FC,7,0,H,SERIEA,2023-24,openfootball
SERIEA,17/09/2023,Cagliari Calcio,Udinese Calcio,0,0,D,SERIEA,2023-24,openfootball
SERIEA,17/09/2023,Frosinone Calcio,US Sassuolo Calcio,4,2,H,SERIEA,2023-24,openfootball
SERIEA,18/09/2023,Hellas Verona FC,Bologna FC 1909,0,0,D,SERIEA,2023-24,openfootball
SERIEA,18/09/2023,US Salernitana 1919,Torino FC,0,3,A,SERIEA,2023-24,openfootball
SERIEA,22/09/2023,US Lecce,Genoa CFC,1,0,H,SERIEA,2023-24,openfootball
SERIEA,22/09/2023,US Salernitana 1919,Frosinone Calcio,1,1,D,SERIEA,2023-24,openfootball
SERIEA,23/09/2023,AC Milan,Hellas Verona FC,1,0,H,SERIEA,2023-24,openfootball
SERIEA,23/09/2023,SS Lazio,AC Monza,1,1,D,SERIEA,2023-24,openfootball
SERIEA,23/09/2023,US Sassuolo Calcio,Juventus FC,4,2,H,SERIEA,2023-24,openfootball
SERIEA,24/09/2023,Atalanta BC,Cagliari Calcio,2,0,H,SERIEA,2023-24,openfootball
SERIEA,24/09/2023,Bologna FC 1909,SSC Napoli,0,0,D,SERIEA,2023-24,openfootball
SERIEA,24/09/2023,Empoli FC,FC Internazionale Milano,0,1,A,SERIEA,2023-24,openfootball
SERIEA,24/09/2023,Torino FC,AS Roma,1,1,D,SERIEA,2023-24,openfootball
SERIEA,24/09/2023,Udinese Calcio,ACF Fiorentina,0,2,A,SERIEA,2023-24,openfootball
SERIEA,26/09/2023,Juventus FC,US Lecce,1,0,H,SERIEA,2023-24,openfootball
SERIEA,27/09/2023,Cagliari Calcio,AC Milan,1,3,A,SERIEA,2023-24,openfootball
SERIEA,27/09/2023,Empoli FC,US Salernitana 1919,1,0,H,SERIEA,2023-24,openfootball
SERIEA,27/09/2023,FC Internazionale Milano,US Sassuolo Calcio,1,2,A,SERIEA,2023-24,openfootball
SERIEA,27/09/2023,Hellas Verona FC,Atalanta BC,0,1,A,SERIEA,2023-24,openfootball
SERIEA,27/09/2023,SS Lazio,Torino FC,2,0,H,SERIEA,2023-24,openfootball
SERIEA,27/09/2023,SSC Napoli,Udinese Calcio,4,1,H,SERIEA,2023-24,openfootball
SERIEA,28/09/2023,AC Monza,Bologna FC 1909,0,0,D,SERIEA,2023-24,openfootball
SERIEA,28/09/2023,Frosinone Calcio,ACF Fiorentina,1,1,D,SERIEA,2023-24,openfootball
SERIEA,28/09/2023,Genoa CFC,AS Roma,4,1,H,SERIEA,2023-24,openfootball
SERIEA,30/09/2023,AC Milan,SS Lazio,2,0,H,SERIEA,2023-24,openfootball
SERIEA,30/09/2023,US Lecce,SSC Napoli,0,4,A,SERIEA,2023-24,openfootball
SERIEA,30/09/2023,US Salernitana 1919,FC Internazionale Milano,0,4,A,SERIEA,2023-24,openfootball
SERIEA,01/10/2023,AS Roma,Frosinone Calcio,2,0,H,SERIEA,2023-24,openfootball
SERIEA,01/10/2023,Atalanta BC,Juventus FC,0,0,D,SERIEA,2023-24,openfootball
SERIEA,01/10/2023,Bologna FC 1909,Empoli FC,3,0,H,SERIEA,2023-24,openfootball
SERIEA,01/10/2023,Udinese Calcio,Genoa CFC,2,2,D,SERIEA,2023-24,openfootball
SERIEA,02/10/2023,ACF Fiorentina,Cagliari Calcio,3,0,H,SERIEA,2023-24,openfootball
SERIEA,02/10/2023,Torino FC,Hellas Verona FC,0,0,D,SERIEA,2023-24,openfootball
SERIEA,02/10/2023,US Sassuolo Calcio,AC Monza,0,1,A,SERIEA,2023-24,openfootball
SERIEA,06/10/2023,Empoli FC,Udinese Calcio,0,0,D,SERIEA,2023-24,openfootball
SERIEA,06/10/2023,US Lecce,US Sassuolo Calcio,1,1,D,SERIEA,2023-24,openfootball
SERIEA,07/10/2023,FC Internazionale Milano,Bologna FC 1909,2,2,D,SERIEA,2023-24,openfootball
SERIEA,07/10/2023,Genoa CFC,AC Milan,0,1,A,SERIEA,2023-24,openfootball
SERIEA,07/10/2023,Juventus FC,Torino FC,2,0,H,SERIEA,2023-24,openfootball
SERIEA,08/10/2023,AC Monza,US Salernitana 1919,3,0,H,SERIEA,2023-24,openfootball
SERIEA,08/10/2023,Cagliari Calcio,AS Roma,1,4,A,SERIEA,2023-24,openfootball
SERIEA,08/10/2023,Frosinone Calcio,Hellas Verona FC,2,1,H,SERIEA,2023-24,openfootball
SERIEA,08/10/2023,SS Lazio,Atalanta BC,3,2,H,SERIEA,2023-24,openfootball
SERIEA,08/10/2023,SSC Napoli,ACF Fiorentina,1,3,A,SERIEA,2023-24,openfootball
SERIEA,21/10/2023,Hellas Verona FC,SSC Napoli,1,3,A,SERIEA,2023-24,openfootball
SERIEA,21/10/2023,Torino FC,FC Internazionale Milano,0,3,A,SERIEA,2023-24,openfootball
SERIEA,21/10/2023,US Sassuolo Calcio,SS Lazio,0,2,A,SERIEA,2023-24,openfootball
SERIEA,22/10/2023,AC Milan,Juventus FC,0,1,A,SERIEA,2023-24,openfootball
SERIEA,22/10/2023,AS Roma,AC Monza,1,0,H,SERIEA,2023-24,openfootball
SERIEA,22/10/2023,Atalanta BC,Genoa CFC,2,0,H,SERIEA,2023-24,openfootball
SERIEA,22/10/2023,Bologna FC 1909,Frosinone Calcio,2,1,H,SERIEA,2023-24,openfootball
SERIEA,22/10/2023,US Salernitana 1919,Cagliari Calcio,2,2,D,SERIEA,2023-24,openfootball
SERIEA,23/10/2023,ACF Fiorentina,Empoli FC,0,2,A,SERIEA,2023-24,openfootball
SERIEA,23/10/2023,Udinese Calcio,US Lecce,1,1,D,SERIEA,2023-24,openfootball
SERIEA,27/10/2023,Genoa CFC,US Salernitana 1919,1,0,H,SERIEA,2023-24,openfootball
SERIEA,28/10/2023,Juventus FC,Hellas Verona FC,1,0,H,SERIEA,2023-24,openfootball
SERIEA,28/10/2023,US Lecce,Torino FC,0,1,A,SERIEA,2023-24,openfootball
SERIEA,28/10/2023,US Sassuolo Calcio,Bologna FC 1909,1,1,D,SERIEA,2023-24,openfootball
SERIEA,29/10/2023,AC Monza,Udinese Calcio,1,1,D,SERIEA,2023-24,openfootball
SERIEA,29/10/2023,Cagliari Calcio,Frosinone Calcio,4,3,H,SERIEA,2023-24,openfootball
SERIEA,29/10/2023,FC Internazionale Milano,AS Roma,1,0,H,SERIEA,2023-24,openfootball
SERIEA,29/10/2023,SSC Napoli,AC Milan,2,2,D,SERIEA,2023-24,openfootball
SERIEA,30/10/2023,Empoli FC,Atalanta BC,0,3,A,SERIEA,2023-24,openfootball
SERIEA,30/10/2023,SS Lazio,ACF Fiorentina,1,0,H,SERIEA,2023-24,openfootball
SERIEA,03/11/2023,Bologna FC 1909,SS Lazio,1,0,H,SERIEA,2023-24,openfootball
SERIEA,04/11/2023,AC Milan,Udinese Calcio,0,1,A,SERIEA,2023-24,openfootball
SERIEA,04/11/2023,Atalanta BC,FC Internazionale Milano,1,2,A,SERIEA,2023-24,openfootball
SERIEA,04/11/2023,US Salernitana 1919,SSC Napoli,0,2,A,SERIEA,2023-24,openfootball
SERIEA,05/11/2023,ACF Fiorentina,Juventus FC,0,1,A,SERIEA,2023-24,openfootball
SERIEA,05/11/2023,AS Roma,US Lecce,2,1,H,SERIEA,2023-24,openfootball
SERIEA,05/11/2023,Cagliari Calcio,Genoa CFC,2,1,H,SERIEA,2023-24,openfootball
SERIEA,05/11/2023,Hellas Verona FC,AC Monza,1,3,A,SERIEA,2023-24,openfootball
SERIEA,06/11/2023,Frosinone Calcio,Empoli FC,2,1,H,SERIEA,2023-24,openfootball
SERIEA,06/11/2023,Torino FC,US Sassuolo Calcio,2,1,H,SERIEA,2023-24,openfootball
SERIEA,10/11/2023,Genoa CFC,Hellas Verona FC,1,0,H,SERIEA,2023-24,openfootball
SERIEA,10/11/2023,US Sassuolo Calcio,US Salernitana 1919,2,2,D,SERIEA,2023-24,openfootball
SERIEA,11/11/2023,AC Monza,Torino FC,1,1,D,SERIEA,2023-24,openfootball
SERIEA,11/11/2023,Juventus FC,Cagliari Calcio,2,1,H,SERIEA,2023-24,openfootball
SERIEA,11/11/2023,US Lecce,AC Milan,2,2,D,SERIEA,2023-24,openfootball
SERIEA,12/11/2023,ACF Fiorentina,Bologna FC 1909,2,1,H,SERIEA,2023-24,openfootball
SERIEA,12/11/2023,FC Internazionale Milano,Frosinone Calcio,2,0,H,SERIEA,2023-24,openfootball
SERIEA,12/11/2023,SS Lazio,AS Roma,0,0,D,SERIEA,2023-24,openfootball
SERIEA,12/11/2023,SSC Napoli,Empoli FC,0,1,A,SERIEA,2023-24,openfootball
SERIEA,12/11/2023,Udinese Calcio,Atalanta BC,1,1,D,SERIEA,2023-24,openfootball
SERIEA,25/11/2023,AC Milan,ACF Fiorentina,1,0,H,SERIEA,2023-24,openfootball
SERIEA,25/11/2023,Atalanta BC,SSC Napoli,1,2,A,SERIEA,2023-24,openfootball
SERIEA,25/11/2023,US Salernitana 1919,SS Lazio,2,1,H,SERIEA,2023-24,openfootball
SERIEA,26/11/2023,AS Roma,Udinese Calcio,3,1,H,SERIEA,2023-24,openfootball
SERIEA,26/11/2023,Cagliari Calcio,AC Monza,1,1,D,SERIEA,2023-24,openfootball
SERIEA,26/11/2023,Empoli FC,US Sassuolo Calcio,3,4,A,SERIEA,2023-24,openfootball
SERIEA,26/11/2023,Frosinone Calcio,Genoa CFC,2,1,H,SERIEA,2023-24,openfootball
SERIEA,26/11/2023,Juventus FC,FC Internazionale Milano,1,1,D,SERIEA,2023-24,openfootball
SERIEA,27/11/2023,Bologna FC 1909,Torino FC,2,0,H,SERIEA,2023-24,openfootball
SERIEA,27/11/2023,Hellas Verona FC,US Lecce,2,2,D,SERIEA,2023-24,openfootball
SERIEA,01/12/2023,AC Monza,Juventus FC,1,2,A,SERIEA,2023-24,openfootball
SERIEA,02/12/2023,AC Milan,Frosinone Calcio,3,1,H,SERIEA,2023-24,openfootball
SERIEA,02/12/2023,Genoa CFC,Empoli FC,1,1,D,SERIEA,2023-24,openfootball
SERIEA,02/12/2023,SS Lazio,Cagliari Calcio,1,0,H,SERIEA,2023-24,openfootball
SERIEA,03/12/2023,ACF Fiorentina,US Salernitana 1919,3,0,H,SERIEA,2023-24,openfootball
SERIEA,03/12/2023,SSC Napoli,FC Internazionale Milano,0,3,A,SERIEA,2023-24,openfootball
SERIEA,03/12/2023,US Lecce,Bologna FC 1909,1,1,D,SERIEA,2023-24,openfootball
SERIEA,03/12/2023,US Sassuolo Calcio,AS Roma,1,2,A,SERIEA,2023-24,openfootball
SERIEA,03/12/2023,Udinese Calcio,Hellas Verona FC,3,3,D,SERIEA,2023-24,openfootball
SERIEA,04/12/2023,Torino FC,Atalanta BC,3,0,H,SERIEA,2023-24,openfootball
SERIEA,08/12/2023,Juventus FC,SSC Napoli,1,0,H,SERIEA,2023-24,openfootball
SERIEA,09/12/2023,Atalanta BC,AC Milan,3,2,H,SERIEA,2023-24,openfootball
SERIEA,09/12/2023,FC Internazionale Milano,Udinese Calcio,4,0,H,SERIEA,2023-24,openfootball
SERIEA,09/12/2023,Hellas Verona FC,SS Lazio,1,1,D,SERIEA,2023-24,openfootball
SERIEA,10/12/2023,AC Monza,Genoa CFC,1,0,H,SERIEA,2023-24,openfootball
SERIEA,10/12/2023,AS Roma,ACF Fiorentina,1,1,D,SERIEA,2023-24,openfootball
SERIEA,10/12/2023,Frosinone Calcio,Torino FC,0,0,D,SERIEA,2023-24,openfootball
SERIEA,10/12/2023,US Salernitana 1919,Bologna FC 1909,1,2,A,SERIEA,2023-24,openfootball
SERIEA,11/12/2023,Cagliari Calcio,US Sassuolo Calcio,2,1,H,SERIEA,2023-24,openfootball
SERIEA,11/12/2023,Empoli FC,US Lecce,1,1,D,SERIEA,2023-24,openfootball
SERIEA,15/12/2023,Genoa CFC,Juventus FC,1,1,D,SERIEA,2023-24,openfootball
SERIEA,16/12/2023,SSC Napoli,Cagliari Calcio,2,1,H,SERIEA,2023-24,openfootball
SERIEA,16/12/2023,Torino FC,Empoli FC,1,0,H,SERIEA,2023-24,openfootball
SERIEA,16/12/2023,US Lecce,Frosinone Calcio,2,1,H,SERIEA,2023-24,openfootball
SERIEA,17/12/2023,AC Milan,AC Monza,3,0,H,SERIEA,2023-24,openfootball
SERIEA,17/12/2023,ACF Fiorentina,Hellas Verona FC,1,0,H,SERIEA,2023-24,openfootball
SERIEA,17/12/2023,Bologna FC 1909,AS Roma,2,0,H,SERIEA,2023-24,openfootball
SERIEA,17/12/2023,SS Lazio,FC Internazionale Milano,0,2,A,SERIEA,2023-24,openfootball
SERIEA,17/12/2023,Udinese Calcio,US Sassuolo Calcio,2,2,D,SERIEA,2023-24,openfootball
SERIEA,18/12/2023,Atalanta BC,US Salernitana 1919,4,1,H,SERIEA,2023-24,openfootball
SERIEA,22/12/2023,AC Monza,ACF Fiorentina,0,1,A,SERIEA,2023-24,openfootball
SERIEA,22/12/2023,Empoli FC,SS Lazio,0,2,A,SERIEA,2023-24,openfootball
SERIEA,22/12/2023,US Salernitana 1919,AC Milan,2,2,D,SERIEA,2023-24,openfootball
SERIEA,22/12/2023,US Sassuolo Calcio,Genoa CFC,1,2,A,SERIEA,2023-24,openfootball
SERIEA,23/12/2023,AS Roma,SSC Napoli,2,0,H,SERIEA,2023-24,openfootball
SERIEA,23/12/2023,Bologna FC 1909,Atalanta BC,1,0,H,SERIEA,2023-24,openfootball
SERIEA,23/12/2023,FC Internazionale Milano,US Lecce,2,0,H,SERIEA,2023-24,openfootball
SERIEA,23/12/2023,Frosinone Calcio,Juventus FC,1,2,A,SERIEA,2023-24,openfootball
SERIEA,23/12/2023,Hellas Verona FC,Cagliari Calcio,2,0,H,SERIEA,2023-24,openfootball
SERIEA,23/12/2023,Torino FC,Udinese Calcio,1,1,D,SERIEA,2023-24,openfootball
SERIEA,29/12/2023,ACF Fiorentina,Torino FC,1,0,H,SERIEA,2023-24,openfootball
SERIEA,29/12/2023,Genoa CFC,FC Internazionale Milano,1,1,D,SERIEA,2023-24,openfootball
SERIEA,29/12/2023,SS Lazio,Frosinone Calcio,3,1,H,SERIEA,2023-24,openfootball
SERIEA,29/12/2023,SSC Napoli,AC Monza,0,0,D,SERIEA,2023-24,openfootball
SERIEA,30/12/2023,AC Milan,US Sassuolo Calcio,1,0,H,SERIEA,2023-24,openfootball
SERIEA,30/12/2023,Atalanta BC,US Lecce,1,0,H,SERIEA,2023-24,openfootball
SERIEA,30/12/2023,Cagliari Calcio,Empoli FC,0,0,D,SERIEA,2023-24,openfootball
SERIEA,30/12/2023,Hellas Verona FC,US Salernitana 1919,0,1,A,SERIEA,2023-24,openfootball
SERIEA,30/12/2023,Juventus FC,AS Roma,1,0,H,SERIEA,2023-24,openfootball
SERIEA,30/12/2023,Udinese Calcio,Bologna FC 1909,3,0,H,SERIEA,2023-24,openfootball
SERIEA,05/01/2024,Bologna FC 1909,Genoa CFC,1,1,D,SERIEA,2023-24,openfootball
SERIEA,06/01/2024,FC Internazionale Milano,Hellas Verona FC,2,1,H,SERIEA,2023-24,openfootball
SERIEA,06/01/2024,Frosinone Calcio,AC Monza,2,3,A,SERIEA,2023-24,openfootball
SERIEA,06/01/2024,US Lecce,Cagliari Calcio,1,1,D,SERIEA,2023-24,openfootball
SERIEA,06/01/2024,US Sassuolo Calcio,ACF Fiorentina,1,0,H,SERIEA,2023-24,openfootball
SERIEA,07/01/2024,AS Roma,Atalanta BC,1,1,D,SERIEA,2023-24,openfootball
SERIEA,07/01/2024,Empoli FC,AC Milan,0,3,A,SERIEA,2023-24,openfootball
SERIEA,07/01/2024,Torino FC,SSC Napoli,3,0,H,SERIEA,2023-24,openfootball
SERIEA,07/01/2024,US Salernitana 1919,Juventus FC,1,2,A,SERIEA,2023-24,openfootball
SERIEA,07/01/2024,Udinese Calcio,SS Lazio,1,2,A,SERIEA,2023-24,openfootball
SERIEA,13/01/2024,AC Monza,FC Internazionale Milano,1,5,A,SERIEA,2023-24,openfootball
SERIEA,13/01/2024,Genoa CFC,Torino FC,0,0,D,SERIEA,2023-24,openfootball
SERIEA,13/01/2024,Hellas Verona FC,Empoli FC,2,1,H,SERIEA,2023-24,openfootball
SERIEA,13/01/2024,SSC Napoli,US Salernitana 1919,2,1,H,SERIEA,2023-24,openfootball
SERIEA,14/01/2024,AC Milan,AS Roma,3,1,H,SERIEA,2023-24,openfootball
SERIEA,14/01/2024,ACF Fiorentina,Udinese Calcio,2,2,D,SERIEA,2023-24,openfootball
SERIEA,14/01/2024,Cagliari Calcio,Bologna FC 1909,2,1,H,SERIEA,2023-24,openfootball
SERIEA,14/01/2024,SS Lazio,US Lecce,1,0,H,SERIEA,2023-24,openfootball
SERIEA,15/01/2024,Atalanta BC,Frosinone Calcio,5,0,H,SERIEA,2023-24,openfootball
SERIEA,16/01/2024,Juventus FC,US Sassuolo Calcio,3,0,H,SERIEA,2023-24,openfootball
SERIEA,20/01/2024,AS Roma,Hellas Verona FC,2,1,H,SERIEA,2023-24,openfootball
SERIEA,20/01/2024,Udinese Calcio,AC Milan,2,3,A,SERIEA,2023-24,openfootball
SERIEA,21/01/2024,Empoli FC,AC Monza,3,0,H,SERIEA,2023-24,openfootball
SERIEA,21/01/2024,Frosinone Calcio,Cagliari Calcio,3,1,H,SERIEA,2023-24,openfootball
SERIEA,21/01/2024,US Lecce,Juventus FC,0,3,A,SERIEA,2023-24,openfootball
SERIEA,21/01/2024,US Salernitana 1919,Genoa CFC,1,2,A,SERIEA,2023-24,openfootball
SERIEA,26/01/2024,Cagliari Calcio,Torino FC,1,2,A,SERIEA,2023-24,openfootball
SERIEA,27/01/2024,AC Milan,Bologna FC 1909,2,2,D,SERIEA,2023-24,openfootball
SERIEA,27/01/2024,Atalanta BC,Udinese Calcio,2,0,H,SERIEA,2023-24,openfootball
SERIEA,27/01/2024,Juventus FC,Empoli FC,1,1,D,SERIEA,2023-24,openfootball
SERIEA,28/01/2024,AC Monza,US Sassuolo Calcio,1,0,H,SERIEA,2023-24,openfootball
SERIEA,28/01/2024,ACF Fiorentina,FC Internazionale Milano,0,1,A,SERIEA,2023-24,openfootball
SERIEA,28/01/2024,Genoa CFC,US Lecce,2,1,H,SERIEA,2023-24,openfootball
SERIEA,28/01/2024,Hellas Verona FC,Frosinone Calcio,1,1,D,SERIEA,2023-24,openfootball
SERIEA,28/01/2024,SS Lazio,SSC Napoli,0,0,D,SERIEA,2023-24,openfootball
SERIEA,29/01/2024,US Salernitana 1919,AS Roma,1,2,A,SERIEA,2023-24,openfootball
SERIEA,02/02/2024,US Lecce,ACF Fiorentina,3,2,H,SERIEA,2023-24,openfootball
SERIEA,03/02/2024,Bologna FC 1909,US Sassuolo Calcio,4,2,H,SERIEA,2023-24,openfootball
SERIEA,03/02/2024,Empoli FC,Genoa CFC,0,0,D,SERIEA,2023-24,openfootball
SERIEA,03/02/2024,Frosinone Calcio,AC Milan,2,3,A,SERIEA,2023-24,openfootball
SERIEA,03/02/2024,Udinese Calcio,AC Monza,0,0,D,SERIEA,2023-24,openfootball
SERIEA,04/02/2024,Atalanta BC,SS Lazio,3,1,H,SERIEA,2023-24,openfootball
SERIEA,04/02/2024,FC Internazionale Milano,Juventus FC,1,0,H,SERIEA,2023-24,openfootball
SERIEA,04/02/2024,SSC Napoli,Hellas Verona FC,2,1,H,SERIEA,2023-24,openfootball
SERIEA,04/02/2024,Torino FC,US Salernitana 1919,0,0,D,SERIEA,2023-24,openfootball
SERIEA,05/02/2024,AS Roma,Cagliari Calcio,4,0,H,SERIEA,2023-24,openfootball
SERIEA,09/02/2024,US Salernitana 1919,Empoli FC,1,3,A,SERIEA,2023-24,openfootball
SERIEA,10/02/2024,AS Roma,FC Internazionale Milano,2,4,A,SERIEA,2023-24,openfootball
SERIEA,10/02/2024,Cagliari Calcio,SS Lazio,1,3,A,SERIEA,2023-24,openfootball
SERIEA,10/02/2024,US Sassuolo Calcio,Torino FC,1,1,D,SERIEA,2023-24,openfootball
SERIEA,11/02/2024,AC Milan,SSC Napoli,1,0,H,SERIEA,2023-24,openfootball
SERIEA,11/02/2024,AC Monza,Hellas Verona FC,0,0,D,SERIEA,2023-24,openfootball
SERIEA,11/02/2024,ACF Fiorentina,Frosinone Calcio,5,1,H,SERIEA,2023-24,openfootball
SERIEA,11/02/2024,Bologna FC 1909,US Lecce,4,0,H,SERIEA,2023-24,openfootball
SERIEA,11/02/2024,Genoa CFC,Atalanta BC,1,4,A,SERIEA,2023-24,openfootball
SERIEA,12/02/2024,Juventus FC,Udinese Calcio,0,1,A,SERIEA,2023-24,openfootball
SERIEA,14/02/2024,Bologna FC 1909,ACF Fiorentina,2,0,H,SERIEA,2023-24,openfootball
SERIEA,16/02/2024,FC Internazionale Milano,US Salernitana 1919,4,0,H,SERIEA,2023-24,openfootball
SERIEA,16/02/2024,Torino FC,US Lecce,2,0,H,SERIEA,2023-24,openfootball
SERIEA,17/02/2024,Atalanta BC,US Sassuolo Calcio,3,0,H,SERIEA,2023-24,openfootball
SERIEA,17/02/2024,Hellas Verona FC,Juventus FC,2,2,D,SERIEA,2023-24,openfootball
SERIEA,17/02/2024,SSC Napoli,Genoa CFC,1,1,D,SERIEA,2023-24,openfootball
SERIEA,18/02/2024,AC Monza,AC Milan,4,2,H,SERIEA,2023-24,openfootball
SERIEA,18/02/2024,Empoli FC,ACF Fiorentina,1,1,D,SERIEA,2023-24,openfootball
SERIEA,18/02/2024,Frosinone Calcio,AS Roma,0,3,A,SERIEA,2023-24,openfootball
SERIEA,18/02/2024,SS Lazio,Bologna FC 1909,1,2,A,SERIEA,2023-24,openfootball
SERIEA,18/02/2024,Udinese Calcio,Cagliari Calcio,1,1,D,SERIEA,2023-24,openfootball
SERIEA,22/02/2024,Torino FC,SS Lazio,0,2,A,SERIEA,2023-24,openfootball
SERIEA,23/02/2024,Bologna FC 1909,Hellas Verona FC,2,0,H,SERIEA,2023-24,openfootball
SERIEA,24/02/2024,Genoa CFC,Udinese Calcio,2,0,H,SERIEA,2023-24,openfootball
SERIEA,24/02/2024,US Salernitana 1919,AC Monza,0,2,A,SERIEA,2023-24,openfootball
SERIEA,24/02/2024,US Sassuolo Calcio,Empoli FC,2,3,A,SERIEA,2023-24,openfootball
SERIEA,25/02/2024,AC Milan,Atalanta BC,1,1,D,SERIEA,2023-24,openfootball
SERIEA,25/02/2024,Cagliari Calcio,SSC Napoli,1,1,D,SERIEA,2023-24,openfootball
SERIEA,25/02/2024,Juventus FC,Frosinone Calcio,3,2,H,SERIEA,2023-24,openfootball
SERIEA,25/02/2024,US Lecce,FC Internazionale Milano,0,4,A,SERIEA,2023-24,openfootball
SERIEA,26/02/2024,ACF Fiorentina,SS Lazio,2,1,H,SERIEA,2023-24,openfootball
SERIEA,26/02/2024,AS Roma,Torino FC,3,2,H,SERIEA,2023-24,openfootball
SERIEA,28/02/2024,FC Internazionale Milano,Atalanta BC,4,0,H,SERIEA,2023-24,openfootball
SERIEA,28/02/2024,US Sassuolo Calcio,SSC Napoli,1,6,A,SERIEA,2023-24,openfootball
SERIEA,01/03/2024,SS Lazio,AC Milan,0,1,A,SERIEA,2023-24,openfootball
SERIEA,02/03/2024,AC Monza,AS Roma,1,4,A,SERIEA,2023-24,openfootball
SERIEA,02/03/2024,Torino FC,ACF Fiorentina,0,0,D,SERIEA,2023-24,openfootball
SERIEA,02/03/2024,Udinese Calcio,US Salernitana 1919,1,1,D,SERIEA,2023-24,openfootball
SERIEA,03/03/2024,Atalanta BC,Bologna FC 1909,1,2,A,SERIEA,2023-24,openfootball
SERIEA,03/03/2024,Empoli FC,Cagliari Calcio,0,1,A,SERIEA,2023-24,openfootball
SERIEA,03/03/2024,Frosinone Calcio,US Lecce,1,1,D,SERIEA,2023-24,openfootball
SERIEA,03/03/2024,Hellas Verona FC,US Sassuolo Calcio,1,0,H,SERIEA,2023-24,openfootball
SERIEA,03/03/2024,SSC Napoli,Juventus FC,2,1,H,SERIEA,2023-24,openfootball
SERIEA,04/03/2024,FC Internazionale Milano,Genoa CFC,2,1,H,SERIEA,2023-24,openfootball
SERIEA,08/03/2024,SSC Napoli,Torino FC,1,1,D,SERIEA,2023-24,openfootball
SERIEA,09/03/2024,Bologna FC 1909,FC Internazionale Milano,0,1,A,SERIEA,2023-24,openfootball
SERIEA,09/03/2024,Cagliari Calcio,US Salernitana 1919,4,2,H,SERIEA,2023-24,openfootball
SERIEA,09/03/2024,Genoa CFC,AC Monza,2,3,A,SERIEA,2023-24,openfootball
SERIEA,09/03/2024,US Sassuolo Calcio,Frosinone Calcio,1,0,H,SERIEA,2023-24,openfootball
SERIEA,10/03/2024,AC Milan,Empoli FC,1,0,H,SERIEA,2023-24,openfootball
SERIEA,10/03/2024,ACF Fiorentina,AS Roma,2,2,D,SERIEA,2023-24,openfootball
SERIEA,10/03/2024,Juventus FC,Atalanta BC,2,2,D,SERIEA,2023-24,openfootball
SERIEA,10/03/2024,US Lecce,Hellas Verona FC,0,1,A,SERIEA,2023-24,openfootball
SERIEA,11/03/2024,SS Lazio,Udinese Calcio,1,2,A,SERIEA,2023-24,openfootball
SERIEA,15/03/2024,Empoli FC,Bologna FC 1909,0,1,A,SERIEA,2023-24,openfootball
SERIEA,16/03/2024,AC Monza,Cagliari Calcio,1,0,H,SERIEA,2023-24,openfootball
SERIEA,16/03/2024,Frosinone Calcio,SS Lazio,2,3,A,SERIEA,2023-24,openfootball
SERIEA,16/03/2024,US Salernitana 1919,US Lecce,0,1,A,SERIEA,2023-24,openfootball
SERIEA,16/03/2024,Udinese Calcio,Torino FC,0,2,A,SERIEA,2023-24,openfootball
SERIEA,17/03/2024,AS Roma,US Sassuolo Calcio,1,0,H,SERIEA,2023-24,openfootball
SERIEA,17/03/2024,FC Internazionale Milano,SSC Napoli,1,1,D,SERIEA,2023-24,openfootball
SERIEA,17/03/2024,Hellas Verona FC,AC Milan,1,3,A,SERIEA,2023-24,openfootball
SERIEA,17/03/2024,Juventus FC,Genoa CFC,0,0,D,SERIEA,2023-24,openfootball
SERIEA,30/03/2024,ACF Fiorentina,AC Milan,1,2,A,SERIEA,2023-24,openfootball
SERIEA,30/03/2024,Genoa CFC,Frosinone Calcio,1,1,D,SERIEA,2023-24,openfootball
SERIEA,30/03/2024,SS Lazio,Juventus FC,1,0,H,SERIEA,2023-24,openfootball
SERIEA,30/03/2024,SSC Napoli,Atalanta BC,0,3,A,SERIEA,2023-24,openfootball
SERIEA,30/03/2024,Torino FC,AC Monza,1,0,H,SERIEA,2023-24,openfootball
SERIEA,01/04/2024,Bologna FC 1909,US Salernitana 1919,3,0,H,SERIEA,2023-24,openfootball
SERIEA,01/04/2024,Cagliari Calcio,Hellas Verona FC,1,1,D,SERIEA,2023-24,openfootball
SERIEA,01/04/2024,FC Internazionale Milano,Empoli FC,2,0,H,SERIEA,2023-24,openfootball
SERIEA,01/04/2024,US Lecce,AS Roma,0,0,D,SERIEA,2023-24,openfootball
SERIEA,01/04/2024,US Sassuolo Calcio,Udinese Calcio,1,1,D,SERIEA,2023-24,openfootball
SERIEA,05/04/2024,US Salernitana 1919,US Sassuolo Calcio,2,2,D,SERIEA,2023-24,openfootball
SERIEA,06/04/2024,AC Milan,US Lecce,3,0,H,SERIEA,2023-24,openfootball
SERIEA,06/04/2024,AS Roma,SS Lazio,1,0,H,SERIEA,2023-24,openfootball
SERIEA,06/04/2024,Empoli FC,Torino FC,3,2,H,SERIEA,2023-24,openfootball
SERIEA,07/04/2024,AC Monza,SSC Napoli,2,4,A,SERIEA,2023-24,openfootball
SERIEA,07/04/2024,Cagliari Calcio,Atalanta BC,2,1,H,SERIEA,2023-24,openfootball
SERIEA,07/04/2024,Frosinone Calcio,Bologna FC 1909,0,0,D,SERIEA,2023-24,openfootball
SERIEA,07/04/2024,Hellas Verona FC,Genoa CFC,1,2,A,SERIEA,2023-24,openfootball
SERIEA,07/04/2024,Juventus FC,ACF Fiorentina,1,0,H,SERIEA,2023-24,openfootball
SERIEA,08/04/2024,Udinese Calcio,FC Internazionale Milano,1,2,A,SERIEA,2023-24,openfootball
SERIEA,12/04/2024,SS Lazio,US Salernitana 1919,4,1,H,SERIEA,2023-24,openfootball
SERIEA,13/04/2024,Bologna FC 1909,AC Monza,0,0,D,SERIEA,2023-24,openfootball
SERIEA,13/04/2024,Torino FC,Juventus FC,0,0,D,SERIEA,2023-24,openfootball
SERIEA,13/04/2024,US Lecce,Empoli FC,1,0,H,SERIEA,2023-24,openfootball
SERIEA,14/04/2024,FC Internazionale Milano,Cagliari Calcio,2,2,D,SERIEA,2023-24,openfootball
SERIEA,14/04/2024,SSC Napoli,Frosinone Calcio,2,2,D,SERIEA,2023-24,openfootball
SERIEA,14/04/2024,US Sassuolo Calcio,AC Milan,3,3,D,SERIEA,2023-24,openfootball
SERIEA,15/04/2024,ACF Fiorentina,Genoa CFC,1,1,D,SERIEA,2023-24,openfootball
SERIEA,15/04/2024,Atalanta BC,Hellas Verona FC,2,2,D,SERIEA,2023-24,openfootball
SERIEA,19/04/2024,Cagliari Calcio,Juventus FC,2,2,D,SERIEA,2023-24,openfootball
SERIEA,19/04/2024,Genoa CFC,SS Lazio,0,1,A,SERIEA,2023-24,openfootball
SERIEA,20/04/2024,Empoli FC,SSC Napoli,1,0,H,SERIEA,2023-24,openfootball
SERIEA,20/04/2024,Hellas Verona FC,Udinese Calcio,1,0,H,SERIEA,2023-24,openfootball
SERIEA,21/04/2024,AC Monza,Atalanta BC,1,2,A,SERIEA,2023-24,openfootball
SERIEA,21/04/2024,Torino FC,Frosinone Calcio,0,0,D,SERIEA,2023-24,openfootball
SERIEA,21/04/2024,US Salernitana 1919,ACF Fiorentina,0,2,A,SERIEA,2023-24,openfootball
SERIEA,21/04/2024,US Sassuolo Calcio,US Lecce,0,3,A,SERIEA,2023-24,openfootball
SERIEA,22/04/2024,AC Milan,FC Internazionale Milano,1,2,A,SERIEA,2023-24,openfootball
SERIEA,22/04/2024,AS Roma,Bologna FC 1909,1,3,A,SERIEA,2023-24,openfootball
SERIEA,25/04/2024,Udinese Calcio,AS Roma,1,2,A,SERIEA,2023-24,openfootball
SERIEA,26/04/2024,Frosinone Calcio,US Salernitana 1919,3,0,H,SERIEA,2023-24,openfootball
SERIEA,27/04/2024,Juventus FC,AC Milan,0,0,D,SERIEA,2023-24,openfootball
SERIEA,27/04/2024,SS Lazio,Hellas Verona FC,1,0,H,SERIEA,2023-24,openfootball
SERIEA,27/04/2024,US Lecce,AC Monza,1,1,D,SERIEA,2023-24,openfootball
SERIEA,28/04/2024,ACF Fiorentina,US Sassuolo Calcio,5,1,H,SERIEA,2023-24,openfootball
SERIEA,28/04/2024,Atalanta BC,Empoli FC,2,0,H,SERIEA,2023-24,openfootball
SERIEA,28/04/2024,Bologna FC 1909,Udinese Calcio,1,1,D,SERIEA,2023-24,openfootball
SERIEA,28/04/2024,FC Internazionale Milano,Torino FC,2,0,H,SERIEA,2023-24,openfootball
SERIEA,28/04/2024,SSC Napoli,AS Roma,2,2,D,SERIEA,2023-24,openfootball
SERIEA,29/04/2024,Genoa CFC,Cagliari Calcio,3,0,H,SERIEA,2023-24,openfootball
SERIEA,03/05/2024,Torino FC,Bologna FC 1909,0,0,D,SERIEA,2023-24,openfootball
SERIEA,04/05/2024,AC Monza,SS Lazio,2,2,D,SERIEA,2023-24,openfootball
SERIEA,04/05/2024,US Sassuolo Calcio,FC Internazionale Milano,1,0,H,SERIEA,2023-24,openfootball
SERIEA,05/05/2024,AC Milan,Genoa CFC,3,3,D,SERIEA,2023-24,openfootball
SERIEA,05/05/2024,AS Roma,Juventus FC,1,1,D,SERIEA,2023-24,openfootball
SERIEA,05/05/2024,Cagliari Calcio,US Lecce,1,1,D,SERIEA,2023-24,openfootball
SERIEA,05/05/2024,Empoli FC,Frosinone Calcio,0,0,D,SERIEA,2023-24,openfootball
SERIEA,05/05/2024,Hellas Verona FC,ACF Fiorentina,2,1,H,SERIEA,2023-24,openfootball
SERIEA,06/05/2024,US Salernitana 1919,Atalanta BC,1,2,A,SERIEA,2023-24,openfootball
SERIEA,06/05/2024,Udinese Calcio,SSC Napoli,1,1,D,SERIEA,2023-24,openfootball
SERIEA,10/05/2024,Frosinone Calcio,FC Internazionale Milano,0,5,A,SERIEA,2023-24,openfootball
SERIEA,11/05/2024,AC Milan,Cagliari Calcio,5,1,H,SERIEA,2023-24,openfootball
SERIEA,11/05/2024,SSC Napoli,Bologna FC 1909,0,2,A,SERIEA,2023-24,openfootball
SERIEA,12/05/2024,Atalanta BC,AS Roma,2,1,H,SERIEA,2023-24,openfootball
SERIEA,12/05/2024,Genoa CFC,US Sassuolo Calcio,2,1,H,SERIEA,2023-24,openfootball
SERIEA,12/05/2024,Hellas Verona FC,Torino FC,1,2,A,SERIEA,2023-24,openfootball
SERIEA,12/05/2024,Juventus FC,US Salernitana 1919,1,1,D,SERIEA,2023-24,openfootball
SERIEA,12/05/2024,SS Lazio,Empoli FC,2,0,H,SERIEA,2023-24,openfootball
SERIEA,13/05/2024,ACF Fiorentina,AC Monza,2,1,H,SERIEA,2023-24,openfootball
SERIEA,13/05/2024,US Lecce,Udinese Calcio,0,2,A,SERIEA,2023-24,openfootball
SERIEA,17/05/2024,ACF Fiorentina,SSC Napoli,2,2,D,SERIEA,2023-24,openfootball
SERIEA,18/05/2024,Torino FC,AC Milan,3,1,H,SERIEA,2023-24,openfootball
SERIEA,18/05/2024,US Lecce,Atalanta BC,0,2,A,SERIEA,2023-24,openfootball
SERIEA,19/05/2024,AC Monza,Frosinone Calcio,0,1,A,SERIEA,2023-24,openfootball
SERIEA,19/05/2024,AS Roma,Genoa CFC,1,0,H,SERIEA,2023-24,openfootball
SERIEA,19/05/2024,FC Internazionale Milano,SS Lazio,1,1,D,SERIEA,2023-24,openfootball
SERIEA,19/05/2024,US Sassuolo Calcio,Cagliari Calcio,0,2,A,SERIEA,2023-24,openfootball
SERIEA,19/05/2024,Udinese Calcio,Empoli FC,1,1,D,SERIEA,2023-24,openfootball
SERIEA,20/05/2024,Bologna FC 1909,Juventus FC,3,3,D,SERIEA,2023-24,openfootball
SERIEA,20/05/2024,US Salernitana 1919,Hellas Verona FC,1,2,A,SERIEA,2023-24,openfootball
SERIEA,23/05/2024,Cagliari Calcio,ACF Fiorentina,2,3,A,SERIEA,2023-24,openfootball
SERIEA,24/05/2024,Genoa CFC,Bologna FC 1909,2,0,H,SERIEA,2023-24,openfootball
SERIEA,25/05/2024,AC Milan,US Salernitana 1919,3,3,D,SERIEA,2023-24,openfootball
SERIEA,25/05/2024,Juventus FC,AC Monza,2,0,H,SERIEA,2023-24,openfootball
SERIEA,26/05/2024,Atalanta BC,Torino FC,3,0,H,SERIEA,2023-24,openfootball
SERIEA,26/05/2024,Empoli FC,AS Roma,2,1,H,SERIEA,2023-24,openfootball
SERIEA,26/05/2024,Frosinone Calcio,Udinese Calcio,0,1,A,SERIEA,2023-24,openfootball
SERIEA,26/05/2024,Hellas Verona FC,FC Internazionale Milano,2,2,D,SERIEA,2023-24,openfootball
SERIEA,26/05/2024,SS Lazio,US Sassuolo Calcio,1,1,D,SERIEA,2023-24,openfootball
SERIEA,26/05/2024,SSC Napoli,US Lecce,0,0,D,SERIEA,2023-24,openfootball
SERIEA,02/06/2024,Atalanta BC,ACF Fiorentina,2,3,A,SERIEA,2023-24,openfootball
SERIEA,17/08/2024,AC Milan,Torino FC,2,2,D,SERIEA,2024-25,openfootball
SERIEA,17/08/2024,Empoli FC,AC Monza,0,0,D,SERIEA,2024-25,openfootball
SERIEA,17/08/2024,Genoa CFC,FC Internazionale Milano,2,2,D,SERIEA,2024-25,openfootball
SERIEA,17/08/2024,Parma Calcio 1913,ACF Fiorentina,1,1,D,SERIEA,2024-25,openfootball
SERIEA,18/08/2024,Bologna FC 1909,Udinese Calcio,1,1,D,SERIEA,2024-25,openfootball
SERIEA,18/08/2024,Cagliari Calcio,AS Roma,0,0,D,SERIEA,2024-25,openfootball
SERIEA,18/08/2024,Hellas Verona FC,SSC Napoli,3,0,H,SERIEA,2024-25,openfootball
SERIEA,18/08/2024,SS Lazio,Venezia FC,3,1,H,SERIEA,2024-25,openfootball
SERIEA,19/08/2024,Juventus FC,Como 1907,3,0,H,SERIEA,2024-25,openfootball
SERIEA,19/08/2024,US Lecce,Atalanta BC,0,4,A,SERIEA,2024-25,openfootball
SERIEA,24/08/2024,AC Monza,Genoa CFC,0,1,A,SERIEA,2024-25,openfootball
SERIEA,24/08/2024,FC Internazionale Milano,US Lecce,2,0,H,SERIEA,2024-25,openfootball
SERIEA,24/08/2024,Parma Calcio 1913,AC Milan,2,1,H,SERIEA,2024-25,openfootball
SERIEA,24/08/2024,Udinese Calcio,SS Lazio,2,1,H,SERIEA,2024-25,openfootball
SERIEA,25/08/2024,ACF Fiorentina,Venezia FC,0,0,D,SERIEA,2024-25,openfootball
SERIEA,25/08/2024,AS Roma,Empoli FC,1,2,A,SERIEA,2024-25,openfootball
SERIEA,25/08/2024,SSC Napoli,Bologna FC 1909,3,0,H,SERIEA,2024-25,openfootball
SERIEA,25/08/2024,Torino FC,Atalanta BC,2,1,H,SERIEA,2024-25,openfootball
SERIEA,26/08/2024,Cagliari Calcio,Como 1907,1,1,D,SERIEA,2024-25,openfootball
SERIEA,26/08/2024,Hellas Verona FC,Juventus FC,0,3,A,SERIEA,2024-25,openfootball
SERIEA,30/08/2024,FC Internazionale Milano,Atalanta BC,4,0,H,SERIEA,2024-25,openfootball
SERIEA,30/08/2024,Venezia FC,Torino FC,0,1,A,SERIEA,2024-25,openfootball
SERIEA,31/08/2024,Bologna FC 1909,Empoli FC,1,1,D,SERIEA,2024-25,openfootball
SERIEA,31/08/2024,SS Lazio,AC Milan,2,2,D,SERIEA,2024-25,openfootball
SERIEA,31/08/2024,SSC Napoli,Parma Calcio 1913,2,1,H,SERIEA,2024-25,openfootball
SERIEA,31/08/2024,US Lecce,Cagliari Calcio,1,0,H,SERIEA,2024-25,openfootball
SERIEA,01/09/2024,ACF Fiorentina,AC Monza,2,2,D,SERIEA,2024-25,openfootball
SERIEA,01/09/2024,Genoa CFC,Hellas Verona FC,0,2,A,SERIEA,2024-25,openfootball
SERIEA,01/09/2024,Juventus FC,AS Roma,0,0,D,SERIEA,2024-25,openfootball
SERIEA,01/09/2024,Udinese Calcio,Como 1907,1,0,H,SERIEA,2024-25,openfootball
SERIEA,14/09/2024,AC Milan,Venezia FC,4,0,H,SERIEA,2024-25,openfootball
SERIEA,14/09/2024,Como 1907,Bologna FC 1909,2,2,D,SERIEA,2024-25,openfootball
SERIEA,14/09/2024,Empoli FC,Juventus FC,0,0,D,SERIEA,2024-25,openfootball
SERIEA,15/09/2024,AC Monza,FC Internazionale Milano,1,1,D,SERIEA,2024-25,openfootball
SERIEA,15/09/2024,Atalanta BC,ACF Fiorentina,3,2,H,SERIEA,2024-25,openfootball
SERIEA,15/09/2024,Cagliari Calcio,SSC Napoli,0,4,A,SERIEA,2024-25,openfootball
SERIEA,15/09/2024,Genoa CFC,AS Roma,1,1,D,SERIEA,2024-25,openfootball
SERIEA,15/09/2024,Torino FC,US Lecce,0,0,D,SERIEA,2024-25,openfootball
SERIEA,16/09/2024,Parma Calcio 1913,Udinese Calcio,2,3,A,SERIEA,2024-25,openfootball
SERIEA,16/09/2024,SS Lazio,Hellas Verona FC,2,1,H,SERIEA,2024-25,openfootball
SERIEA,20/09/2024,Cagliari Calcio,Empoli FC,0,2,A,SERIEA,2024-25,openfootball
SERIEA,20/09/2024,Hellas Verona FC,Torino FC,2,3,A,SERIEA,2024-25,openfootball
SERIEA,21/09/2024,Juventus FC,SSC Napoli,0,0,D,SERIEA,2024-25,openfootball
SERIEA,21/09/2024,US Lecce,Parma Calcio 1913,2,2,D,SERIEA,2024-25,openfootball
SERIEA,21/09/2024,Venezia FC,Genoa CFC,2,0,H,SERIEA,2024-25,openfootball
SERIEA,22/09/2024,AC Monza,Bologna FC 1909,1,2,A,SERIEA,2024-25,openfootball
SERIEA,22/09/2024,ACF Fiorentina,SS Lazio,2,1,H,SERIEA,2024-25,openfootball
SERIEA,22/09/2024,AS Roma,Udinese Calcio,3,0,H,SERIEA,2024-25,openfootball
SERIEA,22/09/2024,FC Internazionale Milano,AC Milan,1,2,A,SERIEA,2024-25,openfootball
SERIEA,24/09/2024,Atalanta BC,Como 1907,2,3,A,SERIEA,2024-25,openfootball
SERIEA,27/09/2024,AC Milan,US Lecce,3,0,H,SERIEA,2024-25,openfootball
SERIEA,28/09/2024,Bologna FC 1909,Atalanta BC,1,1,D,SERIEA,2024-25,openfootball
SERIEA,28/09/2024,Genoa CFC,Juventus FC,0,3,A,SERIEA,2024-25,openfootball
SERIEA,28/09/2024,Udinese Calcio,FC Internazionale Milano,2,3,A,SERIEA,2024-25,openfootball
SERIEA,29/09/2024,AS Roma,Venezia FC,2,1,H,SERIEA,2024-25,openfootball
SERIEA,29/09/2024,Como 1907,Hellas Verona FC,3,2,H,SERIEA,2024-25,openfootball
SERIEA,29/09/2024,Empoli FC,ACF Fiorentina,0,0,D,SERIEA,2024-25,openfootball
SERIEA,29/09/2024,SSC Napoli,AC Monza,2,0,H,SERIEA,2024-25,openfootball
SERIEA,29/09/2024,Torino FC,SS Lazio,2,3,A,SERIEA,2024-25,openfootball
SERIEA,30/09/2024,Parma Calcio 1913,Cagliari Calcio,2,3,A,SERIEA,2024-25,openfootball
SERIEA,04/10/2024,Hellas Verona FC,Venezia FC,2,1,H,SERIEA,2024-25,openfootball
SERIEA,04/10/2024,SSC Napoli,Como 1907,3,1,H,SERIEA,2024-25,openfootball
SERIEA,05/10/2024,Atalanta BC,Genoa CFC,5,1,H,SERIEA,2024-25,openfootball
SERIEA,05/10/2024,FC Internazionale Milano,Torino FC,3,2,H,SERIEA,2024-25,openfootball
SERIEA,05/10/2024,Udinese Calcio,US Lecce,1,0,H,SERIEA,2024-25,openfootball
SERIEA,06/10/2024,AC Monza,AS Roma,1,1,D,SERIEA,2024-25,openfootball
SERIEA,06/10/2024,ACF Fiorentina,AC Milan,2,1,H,SERIEA,2024-25,openfootball
SERIEA,06/10/2024,Bologna FC 1909,Parma Calcio 1913,0,0,D,SERIEA,2024-25,openfootball
SERIEA,06/10/2024,Juventus FC,Cagliari Calcio,1,1,D,SERIEA,2024-25,openfootball
SERIEA,06/10/2024,SS Lazio,Empoli FC,2,1,H,SERIEA,2024-25,openfootball
SERIEA,19/10/2024,AC Milan,Udinese Calcio,1,0,H,SERIEA,2024-25,openfootball
SERIEA,19/10/2024,Como 1907,Parma Calcio 1913,1,1,D,SERIEA,2024-25,openfootball
SERIEA,19/10/2024,Genoa CFC,Bologna FC 1909,2,2,D,SERIEA,2024-25,openfootball
SERIEA,19/10/2024,Juventus FC,SS Lazio,1,0,H,SERIEA,2024-25,openfootball
SERIEA,20/10/2024,AS Roma,FC Internazionale Milano,0,1,A,SERIEA,2024-25,openfootball
SERIEA,20/10/2024,Cagliari Calcio,Torino FC,3,2,H,SERIEA,2024-25,openfootball
SERIEA,20/10/2024,Empoli FC,SSC Napoli,0,1,A,SERIEA,2024-25,openfootball
SERIEA,20/10/2024,US Lecce,ACF Fiorentina,0,6,A,SERIEA,2024-25,openfootball
SERIEA,20/10/2024,Venezia FC,Atalanta BC,0,2,A,SERIEA,2024-25,openfootball
SERIEA,21/10/2024,Hellas Verona FC,AC Monza,0,3,A,SERIEA,2024-25,openfootball
SERIEA,25/10/2024,Torino FC,Como 1907,1,0,H,SERIEA,2024-25,openfootball
SERIEA,25/10/2024,Udinese Calcio,Cagliari Calcio,2,0,H,SERIEA,2024-25,openfootball
SERIEA,26/10/2024,Atalanta BC,Hellas Verona FC,6,1,H,SERIEA,2024-25,openfootball
SERIEA,26/10/2024,SSC Napoli,US Lecce,1,0,H,SERIEA,2024-25,openfootball
SERIEA,27/10/2024,AC Monza,Venezia FC,2,2,D,SERIEA,2024-25,openfootball
SERIEA,27/10/2024,ACF Fiorentina,AS Roma,5,1,H,SERIEA,2024-25,openfootball
SERIEA,27/10/2024,FC Internazionale Milano,Juventus FC,4,4,D,SERIEA,2024-25,openfootball
SERIEA,27/10/2024,Parma Calcio 1913,Empoli FC,1,1,D,SERIEA,2024-25,openfootball
SERIEA,27/10/2024,SS Lazio,Genoa CFC,3,0,H,SERIEA,2024-25,openfootball
SERIEA,29/10/2024,AC Milan,SSC Napoli,0,2,A,SERIEA,2024-25,openfootball
SERIEA,29/10/2024,Cagliari Calcio,Bologna FC 1909,0,2,A,SERIEA,2024-25,openfootball
SERIEA,29/10/2024,US Lecce,Hellas Verona FC,1,0,H,SERIEA,2024-25,openfootball
SERIEA,30/10/2024,Atalanta BC,AC Monza,2,0,H,SERIEA,2024-25,openfootball
SERIEA,30/10/2024,Empoli FC,FC Internazionale Milano,0,3,A,SERIEA,2024-25,openfootball
SERIEA,30/10/2024,Juventus FC,Parma Calcio 1913,2,2,D,SERIEA,2024-25,openfootball
SERIEA,30/10/2024,Venezia FC,Udinese Calcio,3,2,H,SERIEA,2024-25,openfootball
SERIEA,31/10/2024,AS Roma,Torino FC,1,0,H,SERIEA,2024-25,openfootball
SERIEA,31/10/2024,Como 1907,SS Lazio,1,5,A,SERIEA,2024-25,openfootball
SERIEA,31/10/2024,Genoa CFC,ACF Fiorentina,0,1,A,SERIEA,2024-25,openfootball
SERIEA,02/11/2024,AC Monza,AC Milan,0,1,A,SERIEA,2024-25,openfootball
SERIEA,02/11/2024,Bologna FC 1909,US Lecce,1,0,H,SERIEA,2024-25,openfootball
SERIEA,02/11/2024,Udinese Calcio,Juventus FC,0,2,A,SERIEA,2024-25,openfootball
SERIEA,03/11/2024,FC Internazionale Milano,Venezia FC,1,0,H,SERIEA,2024-25,openfootball
SERIEA,03/11/2024,Hellas Verona FC,AS Roma,3,2,H,SERIEA,2024-25,openfootball
SERIEA,03/11/2024,SSC Napoli,Atalanta BC,0,3,A,SERIEA,2024-25,openfootball
SERIEA,03/11/2024,Torino FC,ACF Fiorentina,0,1,A,SERIEA,2024-25,openfootball
SERIEA,04/11/2024,Empoli FC,Como 1907,1,0,H,SERIEA,2024-25,openfootball
SERIEA,04/11/2024,Parma Calcio 1913,Genoa CFC,0,1,A,SERIEA,2024-25,openfootball
SERIEA,04/11/2024,SS Lazio,Cagliari Calcio,2,1,H,SERIEA,2024-25,openfootball
SERIEA,07/11/2024,Genoa CFC,Como 1907,1,1,D,SERIEA,2024-25,openfootball
SERIEA,08/11/2024,US Lecce,Empoli FC,1,1,D,SERIEA,2024-25,openfootball
SERIEA,09/11/2024,Cagliari Calcio,AC Milan,3,3,D,SERIEA,2024-25,openfootball
SERIEA,09/11/2024,Juventus FC,Torino FC,2,0,H,SERIEA,2024-25,openfootball
SERIEA,09/11/2024,Venezia FC,Parma Calcio 1913,1,2,A,SERIEA,2024-25,openfootball
SERIEA,10/11/2024,AC Monza,SS Lazio,0,1,A,SERIEA,2024-25,openfootball
SERIEA,10/11/2024,ACF Fiorentina,Hellas Verona FC,3,1,H,SERIEA,2024-25,openfootball
SERIEA,10/11/2024,AS Roma,Bologna FC 1909,2,3,A,SERIEA,2024-25,openfootball
SERIEA,10/11/2024,Atalanta BC,Udinese Calcio,2,1,H,SERIEA,2024-25,openfootball
SERIEA,10/11/2024,FC Internazionale Milano,SSC Napoli,1,1,D,SERIEA,2024-25,openfootball
SERIEA,23/11/2024,AC Milan,Juventus FC,0,0,D,SERIEA,2024-25,openfootball
SERIEA,23/11/2024,Hellas Verona FC,FC Internazionale Milano,0,5,A,SERIEA,2024-25,openfootball
SERIEA,23/11/2024,Parma Calcio 1913,Atalanta BC,1,3,A,SERIEA,2024-25,openfootball
SERIEA,24/11/2024,Como 1907,ACF Fiorentina,0,2,A,SERIEA,2024-25,openfootball
SERIEA,24/11/2024,Genoa CFC,Cagliari Calcio,2,2,D,SERIEA,2024-25,openfootball
SERIEA,24/11/2024,SS Lazio,Bologna FC 1909,3,0,H,SERIEA,2024-25,openfootball
SERIEA,24/11/2024,SSC Napoli,AS Roma,1,0,H,SERIEA,2024-25,openfootball
SERIEA,24/11/2024,Torino FC,AC Monza,1,1,D,SERIEA,2024-25,openfootball
SERIEA,25/11/2024,Empoli FC,Udinese Calcio,1,1,D,SERIEA,2024-25,openfootball
SERIEA,25/11/2024,Venezia FC,US Lecce,0,1,A,SERIEA,2024-25,openfootball
SERIEA,29/11/2024,Cagliari Calcio,Hellas Verona FC,1,0,H,SERIEA,2024-25,openfootball
SERIEA,30/11/2024,AC Milan,Empoli FC,3,0,H,SERIEA,2024-25,openfootball
SERIEA,30/11/2024,Bologna FC 1909,Venezia FC,3,0,H,SERIEA,2024-25,openfootball
SERIEA,30/11/2024,Como 1907,AC Monza,1,1,D,SERIEA,2024-25,openfootball
SERIEA,01/12/2024,Parma Calcio 1913,SS Lazio,3,1,H,SERIEA,2024-25,openfootball
SERIEA,01/12/2024,Torino FC,SSC Napoli,0,1,A,SERIEA,2024-25,openfootball
SERIEA,01/12/2024,US Lecce,Juventus FC,1,1,D,SERIEA,2024-25,openfootball
SERIEA,01/12/2024,Udinese Calcio,Genoa CFC,0,2,A,SERIEA,2024-25,openfootball
SERIEA,02/12/2024,AS Roma,Atalanta BC,0,2,A,SERIEA,2024-25,openfootball
SERIEA,06/12/2024,Atalanta BC,AC Milan,2,1,H,SERIEA,2024-25,openfootball
SERIEA,06/12/2024,FC Internazionale Milano,Parma Calcio 1913,3,1,H,SERIEA,2024-25,openfootball
SERIEA,07/12/2024,AS Roma,US Lecce,4,1,H,SERIEA,2024-25,openfootball
SERIEA,07/12/2024,Genoa CFC,Torino FC,0,0,D,SERIEA,2024-25,openfootball
SERIEA,07/12/2024,Juventus FC,Bologna FC 1909,2,2,D,SERIEA,2024-25,openfootball
SERIEA,08/12/2024,ACF Fiorentina,Cagliari Calcio,1,0,H,SERIEA,2024-25,openfootball
SERIEA,08/12/2024,Hellas Verona FC,Empoli FC,1,4,A,SERIEA,2024-25,openfootball
SERIEA,08/12/2024,SSC Napoli,SS Lazio,0,1,A,SERIEA,2024-25,openfootball
SERIEA,08/12/2024,Venezia FC,Como 1907,2,2,D,SERIEA,2024-25,openfootball
SERIEA,09/12/2024,AC Monza,Udinese Calcio,1,2,A,SERIEA,2024-25,openfootball
SERIEA,13/12/2024,Empoli FC,Torino FC,0,1,A,SERIEA,2024-25,openfootball
SERIEA,14/12/2024,Cagliari Calcio,Atalanta BC,0,1,A,SERIEA,2024-25,openfootball
SERIEA,14/12/2024,Juventus FC,Venezia FC,2,2,D,SERIEA,2024-25,openfootball
SERIEA,14/12/2024,Udinese Calcio,SSC Napoli,1,3,A,SERIEA,2024-25,openfootball
SERIEA,15/12/2024,AC Milan,Genoa CFC,0,0,D,SERIEA,2024-25,openfootball
SERIEA,15/12/2024,Bologna FC 1909,ACF Fiorentina,1,0,H,SERIEA,2024-25,openfootball
SERIEA,15/12/2024,Como 1907,AS Roma,2,0,H,SERIEA,2024-25,openfootball
SERIEA,15/12/2024,Parma Calcio 1913,Hellas Verona FC,2,3,A,SERIEA,2024-25,openfootball
SERIEA,15/12/2024,US Lecce,AC Monza,2,1,H,SERIEA,2024-25,openfootball
SERIEA,16/12/2024,SS Lazio,FC Internazionale Milano,0,6,A,SERIEA,2024-25,openfootball
SERIEA,20/12/2024,Hellas Verona FC,AC Milan,0,1,A,SERIEA,2024-25,openfootball
SERIEA,21/12/2024,Genoa CFC,SSC Napoli,1,2,A,SERIEA,2024-25,openfootball
SERIEA,21/12/2024,Torino FC,Bologna FC 1909,0,2,A,SERIEA,2024-25,openfootball
SERIEA,21/12/2024,US Lecce,SS Lazio,1,2,A,SERIEA,2024-25,openfootball
SERIEA,22/12/2024,AC Monza,Juventus FC,1,2,A,SERIEA,2024-25,openfootball
SERIEA,22/12/2024,AS Roma,Parma Calcio 1913,5,0,H,SERIEA,2024-25,openfootball
SERIEA,22/12/2024,Atalanta BC,Empoli FC,3,2,H,SERIEA,2024-25,openfootball
SERIEA,22/12/2024,Venezia FC,Cagliari Calcio,2,1,H,SERIEA,2024-25,openfootball
SERIEA,23/12/2024,ACF Fiorentina,Udinese Calcio,1,2,A,SERIEA,2024-25,openfootball
SERIEA,23/12/2024,FC Internazionale Milano,Como 1907,2,0,H,SERIEA,2024-25,openfootball
SERIEA,28/12/2024,Cagliari Calcio,FC Internazionale Milano,0,3,A,SERIEA,2024-25,openfootball
SERIEA,28/12/2024,Empoli FC,Genoa CFC,1,2,A,SERIEA,2024-25,openfootball
SERIEA,28/12/2024,Parma Calcio 1913,AC Monza,2,1,H,SERIEA,2024-25,openfootball
SERIEA,28/12/2024,SS Lazio,Atalanta BC,1,1,D,SERIEA,2024-25,openfootball
SERIEA,29/12/2024,AC Milan,AS Roma,1,1,D,SERIEA,2024-25,openfootball
SERIEA,29/12/2024,Juventus FC,ACF Fiorentina,2,2,D,SERIEA,2024-25,openfootball
SERIEA,29/12/2024,SSC Napoli,Venezia FC,1,0,H,SERIEA,2024-25,openfootball
SERIEA,29/12/2024,Udinese Calcio,Torino FC,2,2,D,SERIEA,2024-25,openfootball
SERIEA,30/12/2024,Bologna FC 1909,Hellas Verona FC,2,3,A,SERIEA,2024-25,openfootball
SERIEA,30/12/2024,Como 1907,US Lecce,2,0,H,SERIEA,2024-25,openfootball
SERIEA,04/01/2025,ACF Fiorentina,SSC Napoli,0,3,A,SERIEA,2024-25,openfootball
SERIEA,04/01/2025,Hellas Verona FC,Udinese Calcio,0,0,D,SERIEA,2024-25,openfootball
SERIEA,04/01/2025,Venezia FC,Empoli FC,1,1,D,SERIEA,2024-25,openfootball
SERIEA,05/01/2025,AC Monza,Cagliari Calcio,1,2,A,SERIEA,2024-25,openfootball
SERIEA,05/01/2025,AS Roma,SS Lazio,2,0,H,SERIEA,2024-25,openfootball
SERIEA,05/01/2025,Torino FC,Parma Calcio 1913,0,0,D,SERIEA,2024-25,openfootball
SERIEA,05/01/2025,US Lecce,Genoa CFC,0,0,D,SERIEA,2024-25,openfootball
SERIEA,10/01/2025,SS Lazio,Como 1907,1,1,D,SERIEA,2024-25,openfootball
SERIEA,11/01/2025,AC Milan,Cagliari Calcio,1,1,D,SERIEA,2024-25,openfootball
SERIEA,11/01/2025,Empoli FC,US Lecce,1,3,A,SERIEA,2024-25,openfootball
SERIEA,11/01/2025,Torino FC,Juventus FC,1,1,D,SERIEA,2024-25,openfootball
SERIEA,11/01/2025,Udinese Calcio,Atalanta BC,0,0,D,SERIEA,2024-25,openfootball
SERIEA,12/01/2025,Bologna FC 1909,AS Roma,2,2,D,SERIEA,2024-25,openfootball
SERIEA,12/01/2025,Genoa CFC,Parma Calcio 1913,1,0,H,SERIEA,2024-25,openfootball
SERIEA,12/01/2025,SSC Napoli,Hellas Verona FC,2,0,H,SERIEA,2024-25,openfootball
SERIEA,12/01/2025,Venezia FC,FC Internazionale Milano,0,1,A,SERIEA,2024-25,openfootball
SERIEA,13/01/2025,AC Monza,ACF Fiorentina,2,1,H,SERIEA,2024-25,openfootball
SERIEA,14/01/2025,Atalanta BC,Juventus FC,1,1,D,SERIEA,2024-25,openfootball
SERIEA,14/01/2025,Como 1907,AC Milan,1,2,A,SERIEA,2024-25,openfootball
SERIEA,15/01/2025,FC Internazionale Milano,Bologna FC 1909,2,2,D,SERIEA,2024-25,openfootball
SERIEA,17/01/2025,AS Roma,Genoa CFC,3,1,H,SERIEA,2024-25,openfootball
SERIEA,18/01/2025,Atalanta BC,SSC Napoli,2,3,A,SERIEA,2024-25,openfootball
SERIEA,18/01/2025,Bologna FC 1909,AC Monza,3,1,H,SERIEA,2024-25,openfootball
SERIEA,18/01/2025,Juventus FC,AC Milan,2,0,H,SERIEA,2024-25,openfootball
SERIEA,19/01/2025,ACF Fiorentina,Torino FC,1,1,D,SERIEA,2024-25,openfootball
SERIEA,19/01/2025,Cagliari Calcio,US Lecce,4,1,H,SERIEA,2024-25,openfootball
SERIEA,19/01/2025,FC Internazionale Milano,Empoli FC,3,1,H,SERIEA,2024-25,openfootball
SERIEA,19/01/2025,Hellas Verona FC,SS Lazio,0,3,A,SERIEA,2024-25,openfootball
SERIEA,19/01/2025,Parma Calcio 1913,Venezia FC,1,1,D,SERIEA,2024-25,openfootball
SERIEA,20/01/2025,Como 1907,Udinese Calcio,4,1,H,SERIEA,2024-25,openfootball
SERIEA,24/01/2025,Torino FC,Cagliari Calcio,2,0,H,SERIEA,2024-25,openfootball
SERIEA,25/01/2025,Como 1907,Atalanta BC,1,2,A,SERIEA,2024-25,openfootball
SERIEA,25/01/2025,Empoli FC,Bologna FC 1909,1,1,D,SERIEA,2024-25,openfootball
SERIEA,25/01/2025,SSC Napoli,Juventus FC,2,1,H,SERIEA,2024-25,openfootball
SERIEA,26/01/2025,AC Milan,Parma Calcio 1913,3,2,H,SERIEA,2024-25,openfootball
SERIEA,26/01/2025,SS Lazio,ACF Fiorentina,1,2,A,SERIEA,2024-25,openfootball
SERIEA,26/01/2025,US Lecce,FC Internazionale Milano,0,4,A,SERIEA,2024-25,openfootball
SERIEA,26/01/2025,Udinese Calcio,AS Roma,1,2,A,SERIEA,2024-25,openfootball
SERIEA,27/01/2025,Genoa CFC,AC Monza,2,0,H,SERIEA,2024-25,openfootball
SERIEA,27/01/2025,Venezia FC,Hellas Verona FC,1,1,D,SERIEA,2024-25,openfootball
SERIEA,31/01/2025,Parma Calcio 1913,US Lecce,1,3,A,SERIEA,2024-25,openfootball
SERIEA,01/02/2025,AC Monza,Hellas Verona FC,0,1,A,SERIEA,2024-25,openfootball
SERIEA,01/02/2025,Atalanta BC,Torino FC,1,1,D,SERIEA,2024-25,openfootball
SERIEA,01/02/2025,Bologna FC 1909,Como 1907,2,0,H,SERIEA,2024-25,openfootball
SERIEA,01/02/2025,Udinese Calcio,Venezia FC,3,2,H,SERIEA,2024-25,openfootball
SERIEA,02/02/2025,AC Milan,FC Internazionale Milano,1,1,D,SERIEA,2024-25,openfootball
SERIEA,02/02/2025,ACF Fiorentina,Genoa CFC,2,1,H,SERIEA,2024-25,openfootball
SERIEA,02/02/2025,AS Roma,SSC Napoli,1,1,D,SERIEA,2024-25,openfootball
SERIEA,02/02/2025,Juventus FC,Empoli FC,4,1,H,SERIEA,2024-25,openfootball
SERIEA,03/02/2025,Cagliari Calcio,SS Lazio,1,2,A,SERIEA,2024-25,openfootball
SERIEA,06/02/2025,ACF Fiorentina,FC Internazionale Milano,3,0,H,SERIEA,2024-25,openfootball
SERIEA,07/02/2025,Como 1907,Juventus FC,1,2,A,SERIEA,2024-25,openfootball
SERIEA,08/02/2025,Empoli FC,AC Milan,0,2,A,SERIEA,2024-25,openfootball
SERIEA,08/02/2025,Hellas Verona FC,Atalanta BC,0,5,A,SERIEA,2024-25,openfootball
SERIEA,08/02/2025,Torino FC,Genoa CFC,1,1,D,SERIEA,2024-25,openfootball
SERIEA,09/02/2025,Cagliari Calcio,Parma Calcio 1913,2,1,H,SERIEA,2024-25,openfootball
SERIEA,09/02/2025,SS Lazio,AC Monza,5,1,H,SERIEA,2024-25,openfootball
SERIEA,09/02/2025,SSC Napoli,Udinese Calcio,1,1,D,SERIEA,2024-25,openfootball
SERIEA,09/02/2025,US Lecce,Bologna FC 1909,0,0,D,SERIEA,2024-25,openfootball
SERIEA,09/02/2025,Venezia FC,AS Roma,0,1,A,SERIEA,2024-25,openfootball
SERIEA,10/02/2025,FC Internazionale Milano,ACF Fiorentina,2,1,H,SERIEA,2024-25,openfootball
SERIEA,14/02/2025,Bologna FC 1909,Torino FC,3,2,H,SERIEA,2024-25,openfootball
SERIEA,15/02/2025,AC Milan,Hellas Verona FC,1,0,H,SERIEA,2024-25,openfootball
SERIEA,15/02/2025,Atalanta BC,Cagliari Calcio,0,0,D,SERIEA,2024-25,openfootball
SERIEA,15/02/2025,SS Lazio,SSC Napoli,2,2,D,SERIEA,2024-25,openfootball
SERIEA,16/02/2025,AC Monza,US Lecce,0,0,D,SERIEA,2024-25,openfootball
SERIEA,16/02/2025,ACF Fiorentina,Como 1907,0,2,A,SERIEA,2024-25,openfootball
SERIEA,16/02/2025,Juventus FC,FC Internazionale Milano,1,0,H,SERIEA,2024-25,openfootball
SERIEA,16/02/2025,Parma Calcio 1913,AS Roma,0,1,A,SERIEA,2024-25,openfootball
SERIEA,16/02/2025,Udinese Calcio,Empoli FC,3,0,H,SERIEA,2024-25,openfootball
SERIEA,17/02/2025,Genoa CFC,Venezia FC,2,0,H,SERIEA,2024-25,openfootball
SERIEA,21/02/2025,US Lecce,Udinese Calcio,0,1,A,SERIEA,2024-25,openfootball
SERIEA,22/02/2025,FC Internazionale Milano,Genoa CFC,1,0,H,SERIEA,2024-25,openfootball
SERIEA,22/02/2025,Parma Calcio 1913,Bologna FC 1909,2,0,H,SERIEA,2024-25,openfootball
SERIEA,22/02/2025,Torino FC,AC Milan,2,1,H,SERIEA,2024-25,openfootball
SERIEA,22/02/2025,Venezia FC,SS Lazio,0,0,D,SERIEA,2024-25,openfootball
SERIEA,23/02/2025,Cagliari Calcio,Juventus FC,0,1,A,SERIEA,2024-25,openfootball
SERIEA,23/02/2025,Como 1907,SSC Napoli,2,1,H,SERIEA,2024-25,openfootball
SERIEA,23/02/2025,Empoli FC,Atalanta BC,0,5,A,SERIEA,2024-25,openfootball
SERIEA,23/02/2025,Hellas Verona FC,ACF Fiorentina,1,0,H,SERIEA,2024-25,openfootball
SERIEA,24/02/2025,AS Roma,AC Monza,4,0,H,SERIEA,2024-25,openfootball
SERIEA,27/02/2025,Bologna FC 1909,AC Milan,2,1,H,SERIEA,2024-25,openfootball
SERIEA,28/02/2025,ACF Fiorentina,US Lecce,1,0,H,SERIEA,2024-25,openfootball
SERIEA,01/03/2025,Atalanta BC,Venezia FC,0,0,D,SERIEA,2024-25,openfootball
SERIEA,01/03/2025,SSC Napoli,FC Internazionale Milano,1,1,D,SERIEA,2024-25,openfootball
SERIEA,01/03/2025,Udinese Calcio,Parma Calcio 1913,1,0,H,SERIEA,2024-25,openfootball
SERIEA,02/03/2025,AC Milan,SS Lazio,1,2,A,SERIEA,2024-25,openfootball
SERIEA,02/03/2025,AC Monza,Torino FC,0,2,A,SERIEA,2024-25,openfootball
SERIEA,02/03/2025,AS Roma,Como 1907,2,1,H,SERIEA,2024-25,openfootball
SERIEA,02/03/2025,Bologna FC 1909,Cagliari Calcio,2,1,H,SERIEA,2024-25,openfootball
SERIEA,02/03/2025,Genoa CFC,Empoli FC,1,1,D,SERIEA,2024-25,openfootball
SERIEA,03/03/2025,Juventus FC,Hellas Verona FC,2,0,H,SERIEA,2024-25,openfootball
SERIEA,07/03/2025,Cagliari Calcio,Genoa CFC,1,1,D,SERIEA,2024-25,openfootball
SERIEA,08/03/2025,Como 1907,Venezia FC,1,1,D,SERIEA,2024-25,openfootball
SERIEA,08/03/2025,FC Internazionale Milano,AC Monza,3,2,H,SERIEA,2024-25,openfootball
SERIEA,08/03/2025,Parma Calcio 1913,Torino FC,2,2,D,SERIEA,2024-25,openfootball
SERIEA,08/03/2025,US Lecce,AC Milan,2,3,A,SERIEA,2024-25,openfootball
SERIEA,09/03/2025,Empoli FC,AS Roma,0,1,A,SERIEA,2024-25,openfootball
SERIEA,09/03/2025,Hellas Verona FC,Bologna FC 1909,1,2,A,SERIEA,2024-25,openfootball
SERIEA,09/03/2025,Juventus FC,Atalanta BC,0,4,A,SERIEA,2024-25,openfootball
SERIEA,09/03/2025,SSC Napoli,ACF Fiorentina,2,1,H,SERIEA,2024-25,openfootball
SERIEA,10/03/2025,SS Lazio,Udinese Calcio,1,1,D,SERIEA,2024-25,openfootball
SERIEA,14/03/2025,Genoa CFC,US Lecce,2,1,H,SERIEA,2024-25,openfootball
SERIEA,15/03/2025,AC Milan,Como 1907,2,1,H,SERIEA,2024-25,openfootball
SERIEA,15/03/2025,AC Monza,Parma Calcio 1913,1,1,D,SERIEA,2024-25,openfootball
SERIEA,15/03/2025,Torino FC,Empoli FC,1,0,H,SERIEA,2024-25,openfootball
SERIEA,15/03/2025,Udinese Calcio,Hellas Verona FC,0,1,A,SERIEA,2024-25,openfootball
SERIEA,16/03/2025,ACF Fiorentina,Juventus FC,3,0,H,SERIEA,2024-25,openfootball
SERIEA,16/03/2025,AS Roma,Cagliari Calcio,1,0,H,SERIEA,2024-25,openfootball
SERIEA,16/03/2025,Atalanta BC,FC Internazionale Milano,0,2,A,SERIEA,2024-25,openfootball
SERIEA,16/03/2025,Bologna FC 1909,SS Lazio,5,0,H,SERIEA,2024-25,openfootball
SERIEA,16/03/2025,Venezia FC,SSC Napoli,0,0,D,SERIEA,2024-25,openfootball
SERIEA,29/03/2025,Como 1907,Empoli FC,1,1,D,SERIEA,2024-25,openfootball
SERIEA,29/03/2025,Juventus FC,Genoa CFC,1,0,H,SERIEA,2024-25,openfootball
SERIEA,29/03/2025,US Lecce,AS Roma,0,1,A,SERIEA,2024-25,openfootball
SERIEA,29/03/2025,Venezia FC,Bologna FC 1909,0,1,A,SERIEA,2024-25,openfootball
SERIEA,30/03/2025,ACF Fiorentina,Atalanta BC,1,0,H,SERIEA,2024-25,openfootball
SERIEA,30/03/2025,Cagliari Calcio,AC Monza,3,0,H,SERIEA,2024-25,openfootball
SERIEA,30/03/2025,FC Internazionale Milano,Udinese Calcio,2,1,H,SERIEA,2024-25,openfootball
SERIEA,30/03/2025,SSC Napoli,AC Milan,2,1,H,SERIEA,2024-25,openfootball
SERIEA,31/03/2025,Hellas Verona FC,Parma Calcio 1913,0,0,D,SERIEA,2024-25,openfootball
SERIEA,31/03/2025,SS Lazio,Torino FC,1,1,D,SERIEA,2024-25,openfootball
SERIEA,04/04/2025,Genoa CFC,Udinese Calcio,1,0,H,SERIEA,2024-25,openfootball
SERIEA,05/04/2025,AC Milan,ACF Fiorentina,2,2,D,SERIEA,2024-25,openfootball
SERIEA,05/04/2025,AC Monza,Como 1907,1,3,A,SERIEA,2024-25,openfootball
SERIEA,05/04/2025,Parma Calcio 1913,FC Internazionale Milano,2,2,D,SERIEA,2024-25,openfootball
SERIEA,06/04/2025,AS Roma,Juventus FC,1,1,D,SERIEA,2024-25,openfootball
SERIEA,06/04/2025,Atalanta BC,SS Lazio,0,1,A,SERIEA,2024-25,openfootball
SERIEA,06/04/2025,Empoli FC,Cagliari Calcio,0,0,D,SERIEA,2024-25,openfootball
SERIEA,06/04/2025,Torino FC,Hellas Verona FC,1,1,D,SERIEA,2024-25,openfootball
SERIEA,06/04/2025,US Lecce,Venezia FC,1,1,D,SERIEA,2024-25,openfootball
SERIEA,07/04/2025,Bologna FC 1909,SSC Napoli,1,1,D,SERIEA,2024-25,openfootball
SERIEA,11/04/2025,Udinese Calcio,AC Milan,0,4,A,SERIEA,2024-25,openfootball
SERIEA,12/04/2025,FC Internazionale Milano,Cagliari Calcio,3,1,H,SERIEA,2024-25,openfootball
SERIEA,12/04/2025,Juventus FC,US Lecce,2,1,H,SERIEA,2024-25,openfootball
SERIEA,12/04/2025,Venezia FC,AC Monza,1,0,H,SERIEA,2024-25,openfootball
SERIEA,13/04/2025,ACF Fiorentina,Parma Calcio 1913,0,0,D,SERIEA,2024-25,openfootball
SERIEA,13/04/2025,Atalanta BC,Bologna FC 1909,2,0,H,SERIEA,2024-25,openfootball
SERIEA,13/04/2025,Como 1907,Torino FC,1,0,H,SERIEA,2024-25,openfootball
SERIEA,13/04/2025,Hellas Verona FC,Genoa CFC,0,0,D,SERIEA,2024-25,openfootball
SERIEA,13/04/2025,SS Lazio,AS Roma,1,1,D,SERIEA,2024-25,openfootball
SERIEA,14/04/2025,SSC Napoli,Empoli FC,3,0,H,SERIEA,2024-25,openfootball
SERIEA,19/04/2025,AC Monza,SSC Napoli,0,1,A,SERIEA,2024-25,openfootball
SERIEA,19/04/2025,AS Roma,Hellas Verona FC,1,0,H,SERIEA,2024-25,openfootball
SERIEA,19/04/2025,US Lecce,Como 1907,0,3,A,SERIEA,2024-25,openfootball
SERIEA,20/04/2025,AC Milan,Atalanta BC,0,1,A,SERIEA,2024-25,openfootball
SERIEA,20/04/2025,Bologna FC 1909,FC Internazionale Milano,1,0,H,SERIEA,2024-25,openfootball
SERIEA,20/04/2025,Empoli FC,Venezia FC,2,2,D,SERIEA,2024-25,openfootball
SERIEA,23/04/2025,Cagliari Calcio,ACF Fiorentina,1,2,A,SERIEA,2024-25,openfootball
SERIEA,23/04/2025,Genoa CFC,SS Lazio,0,2,A,SERIEA,2024-25,openfootball
SERIEA,23/04/2025,Parma Calcio 1913,Juventus FC,1,0,H,SERIEA,2024-25,openfootball
SERIEA,23/04/2025,Torino FC,Udinese Calcio,2,0,H,SERIEA,2024-25,openfootball
SERIEA,27/04/2025,ACF Fiorentina,Empoli FC,2,1,H,SERIEA,2024-25,openfootball
SERIEA,27/04/2025,Atalanta BC,US Lecce,1,1,D,SERIEA,2024-25,openfootball
SERIEA,27/04/2025,Como 1907,Genoa CFC,1,0,H,SERIEA,2024-25,openfootball
SERIEA,27/04/2025,FC Internazionale Milano,AS Roma,0,1,A,SERIEA,2024-25,openfootball
SERIEA,27/04/2025,Juventus FC,AC Monza,2,0,H,SERIEA,2024-25,openfootball
SERIEA,27/04/2025,SSC Napoli,Torino FC,2,0,H,SERIEA,2024-25,openfootball
SERIEA,27/04/2025,Venezia FC,AC Milan,0,2,A,SERIEA,2024-25,openfootball
SERIEA,28/04/2025,Hellas Verona FC,Cagliari Calcio,0,2,A,SERIEA,2024-25,openfootball
SERIEA,28/04/2025,SS Lazio,Parma Calcio 1913,2,2,D,SERIEA,2024-25,openfootball
SERIEA,28/04/2025,Udinese Calcio,Bologna FC 1909,0,0,D,SERIEA,2024-25,openfootball
SERIEA,02/05/2025,Torino FC,Venezia FC,1,1,D,SERIEA,2024-25,openfootball
SERIEA,03/05/2025,Cagliari Calcio,Udinese Calcio,1,2,A,SERIEA,2024-25,openfootball
SERIEA,03/05/2025,FC Internazionale Milano,Hellas Verona FC,1,0,H,SERIEA,2024-25,openfootball
SERIEA,03/05/2025,Parma Calcio 1913,Como 1907,0,1,A,SERIEA,2024-25,openfootball
SERIEA,03/05/2025,US Lecce,SSC Napoli,0,1,A,SERIEA,2024-25,openfootball
SERIEA,04/05/2025,AC Monza,Atalanta BC,0,4,A,SERIEA,2024-25,openfootball
SERIEA,04/05/2025,AS Roma,ACF Fiorentina,1,0,H,SERIEA,2024-25,openfootball
SERIEA,04/05/2025,Bologna FC 1909,Juventus FC,1,1,D,SERIEA,2024-25,openfootball
SERIEA,04/05/2025,Empoli FC,SS Lazio,0,1,A,SERIEA,2024-25,openfootball
SERIEA,05/05/2025,Genoa CFC,AC Milan,1,2,A,SERIEA,2024-25,openfootball
SERIEA,09/05/2025,AC Milan,Bologna FC 1909,3,1,H,SERIEA,2024-25,openfootball
SERIEA,10/05/2025,Como 1907,Cagliari Calcio,3,1,H,SERIEA,2024-25,openfootball
SERIEA,10/05/2025,Empoli FC,Parma Calcio 1913,2,1,H,SERIEA,2024-25,openfootball
SERIEA,10/05/2025,SS Lazio,Juventus FC,1,1,D,SERIEA,2024-25,openfootball
SERIEA,11/05/2025,Hellas Verona FC,US Lecce,1,1,D,SERIEA,2024-25,openfootball
SERIEA,11/05/2025,SSC Napoli,Genoa CFC,2,2,D,SERIEA,2024-25,openfootball
SERIEA,11/05/2025,Torino FC,FC Internazionale Milano,0,2,A,SERIEA,2024-25,openfootball
SERIEA,11/05/2025,Udinese Calcio,AC Monza,1,2,A,SERIEA,2024-25,openfootball
SERIEA,12/05/2025,Atalanta BC,AS Roma,2,1,H,SERIEA,2024-25,openfootball
SERIEA,12/05/2025,Venezia FC,ACF Fiorentina,2,1,H,SERIEA,2024-25,openfootball
SERIEA,17/05/2025,Genoa CFC,Atalanta BC,2,3,A,SERIEA,2024-25,openfootball
SERIEA,18/05/2025,AC Monza,Empoli FC,1,3,A,SERIEA,2024-25,openfootball
SERIEA,18/05/2025,ACF Fiorentina,Bologna FC 1909,3,2,H,SERIEA,2024-25,openfootball
SERIEA,18/05/2025,AS Roma,AC Milan,3,1,H,SERIEA,2024-25,openfootball
SERIEA,18/05/2025,Cagliari Calcio,Venezia FC,3,0,H,SERIEA,2024-25,openfootball
SERIEA,18/05/2025,FC Internazionale Milano,SS Lazio,2,2,D,SERIEA,2024-25,openfootball
SERIEA,18/05/2025,Hellas Verona FC,Como 1907,1,1,D,SERIEA,2024-25,openfootball
SERIEA,18/05/2025,Juventus FC,Udinese Calcio,2,0,H,SERIEA,2024-25,openfootball
SERIEA,18/05/2025,Parma Calcio 1913,SSC Napoli,0,0,D,SERIEA,2024-25,openfootball
SERIEA,18/05/2025,US Lecce,Torino FC,1,0,H,SERIEA,2024-25,openfootball
